settlement_id,payment_id,order_ref,line_type,gross,fee,tax,net,instrument,settled_on,utr
STL0000000,pay0000000000,ORD0000000,payment,6709.87,134.20,24.16,6551.51,card_debit,2026-01-06,UTR202601060001
STL0000001,pay0000000001,ORD0000001,payment,7727.46,154.55,27.82,7545.09,upi,2026-01-06,UTR202601060001
STL0000002,pay0000000002,ORD0000002,payment,5304.03,106.08,19.09,5178.86,wallet,2026-01-21,UTR202601210001
STL0000003,pay0000000003,ORD0000003,payment,4715.29,94.31,16.98,4604.00,card_debit,2026-01-20,UTR202601200001
STL0000005,pay0000000005,ORD0000005,payment,8891.62,177.83,32.01,8681.78,netbanking,2026-01-13,UTR202601130001
STL0000006,pay0000000006,ORD0000006,payment,9675.96,193.52,34.83,9447.61,wallet,2026-01-15,UTR202601150001
STL0000007,pay0000000007,ORD0000007,payment,3797.01,75.94,13.67,3707.40,upi,2026-01-20,UTR202601200001
STL0000008,pay0000000008,ORD0000008,payment,8111.20,162.22,29.20,7919.78,upi,2026-01-11,UTR202601110001
STL0000009,pay0000000009,ORD0000009,payment,4759.35,95.19,17.13,4647.03,card_credit,2026-01-23,UTR202601230001
STL0000010,pay000000000a,ORD0000010,payment,2804.46,56.09,10.10,2738.27,card_debit,2026-01-26,UTR202601260001
STL0000011,pay000000000b,ORD0000011,payment,2572.02,51.44,9.26,2511.32,wallet,2026-01-08,UTR202601080001
STL0000012,pay000000000c,ORD0000012,payment,3405.35,68.11,12.26,3324.98,card_credit,2026-01-28,UTR202601280001
STL0000013,pay000000000d,ORD0000013,payment,699.03,13.98,2.52,682.53,netbanking,2026-01-10,UTR202601100001
STL0000014,pay000000000e,ORD0000014,payment,9594.72,191.89,34.54,9368.29,card_debit,2026-01-23,UTR202601230001
STL0000015,pay000000000f,ORD0000015,payment,5891.37,117.83,21.21,5752.33,netbanking,2026-01-21,UTR202601210001
STL0000016,pay0000000010,ORD0000016,payment,4193.01,83.86,15.09,4094.06,netbanking,2026-01-15,
STL0000017,pay0000000011,ORD0000017,payment,1154.75,23.10,4.16,1127.49,netbanking,2026-01-08,UTR202601080001
STL0000018,pay0000000012,ORD0000018,payment,4039.57,80.79,14.54,3944.24,wallet,2026-01-15,UTR202601150001
STL0000019,pay0000000013,ORD0000019,payment,125.38,2.51,0.45,122.42,card_credit,2026-01-25,UTR202601250001
STL0000020,pay0000000014,ORD0000020,payment,3571.99,71.44,12.86,3487.69,netbanking,2026-01-05,UTR202601050001
STL0000020X,,,refund,-476.64,0.00,0.00,-476.64,netbanking,2026-01-05,UTR202601050001
STL0000021,pay0000000015,ORD0000021,payment,2766.83,55.34,9.96,2701.53,card_credit,2026-01-18,UTR202601180001
STL0000022,pay0000000016,ORD0000022,payment,5328.23,106.56,19.18,5202.49,card_debit,2026-01-22,UTR202601220001
STL0000023,,,payment,8169.49,163.39,29.41,7976.69,netbanking,2026-01-19,UTR202601190001
STL0000024,pay0000000018,ORD0000024,payment,9219.06,184.38,33.19,9001.49,card_debit,2026-01-28,UTR202601280001
STL0000025,pay0000000019,ORD0000025,payment,9934.48,198.69,35.76,9700.03,upi,2026-01-05,UTR202601050001
STL0000026,pay000000001a,ORD0000026,payment,5590.82,111.82,20.13,5458.87,netbanking,2026-01-28,UTR202601280001
STL0000027,pay000000001b,ORD0000027,payment,1736.48,34.73,6.25,1695.50,netbanking,2026-01-12,UTR202601120001
STL0000028,pay000000001c,ORD0000028,payment,9745.36,194.91,35.08,9515.37,netbanking,2026-01-20,UTR202601200001
STL0000029,pay000000001d,ORD0000029,payment,6819.46,136.39,24.55,6658.52,netbanking,2026-01-15,UTR202601150001
STL0000030,pay000000001e,ORD0000030,payment,2361.12,47.22,8.50,2305.40,wallet,2026-01-06,UTR202601060001
STL0000031,pay000000001f,ORD0000031,payment,2314.14,46.28,8.33,2259.53,upi,2026-01-04,UTR202601040001
STL0000032,pay0000000020,ORD0000032,payment,9499.01,189.98,34.20,9274.83,card_debit,2026-01-05,UTR202601050001
STL0000033,pay0000000021,ORD0000033,payment,5094.93,101.90,18.34,4974.69,wallet,2026-01-10,UTR202601100001
STL0000034,pay0000000022,ORD0000034,payment,8232.33,164.65,29.64,8038.04,upi,2026-01-17,UTR202601170001
STL0000035,pay0000000023,ORD0000035,payment,3720.07,74.40,13.39,3632.28,upi,2026-01-17,UTR202601170001
STL0000036,pay0000000024,ORD0000036,payment,6780.68,135.61,24.41,6620.66,card_credit,2026-01-07,UTR202601070001
STL0000037,pay0000000025,ORD0000037,payment,1150.76,23.02,4.14,1123.60,netbanking,2026-01-11,UTR202601110001
STL0000038,pay0000000026,ORD0000038,payment,1929.01,38.58,6.94,1883.49,netbanking,2026-01-10,UTR202601100001
STL0000039,pay0000000027,ORD0000039,payment,8980.46,179.61,32.33,8768.52,wallet,2026-01-21,UTR202601210001
STL0000040,pay0000000028,ORD0000040,payment,982.93,19.66,3.54,959.73,netbanking,2026-01-27,UTR202601270001
STL0000041,pay0000000029,ORD0000041,payment,9071.51,181.43,32.66,8857.42,upi,2026-01-15,UTR202601150001
STL0000042,pay000000002a,ORD0000042,payment,2785.85,55.72,10.03,2720.10,wallet,2026-01-28,UTR202601280001
STL0000043,pay000000002b,ORD0000043,payment,5108.11,102.16,18.39,4987.56,upi,2026-01-06,UTR202601060001
STL0000044,pay000000002c,ORD0000044,payment,5690.32,113.81,20.49,5556.02,wallet,2026-01-03,UTR202601030001
STL0000045,pay000000002d,ORD0000045,payment,9645.47,192.91,34.72,9417.84,upi,2026-01-20,UTR202601200001
STL0000046,pay000000002e,ORD0000046,payment,723.49,14.47,2.60,706.42,netbanking,2026-01-21,UTR202601210001
STL0000046X,,,adjustment,166.35,0.00,0.00,166.35,netbanking,2026-01-21,UTR202601210001
STL0000047,pay000000002f,ORD0000047,payment,6075.40,121.51,21.87,5932.02,netbanking,2026-01-21,UTR202601210001
STL0000048,pay0000000030,ORD0000048,payment,5931.83,118.64,21.36,5791.83,card_debit,2026-01-19,UTR202601190001
STL0000049,pay0000000031,ORD0000049,payment,3299.45,65.99,11.88,3221.58,card_credit,2026-01-09,UTR202601090001
STL0000050,pay0000000032,ORD0000050,payment,9746.46,194.93,35.09,9516.44,wallet,2026-01-27,UTR202601270001
STL0000051,pay0000000033,ORD0000051,payment,1053.37,21.07,3.79,1028.51,card_debit,2026-01-05,UTR202601050001
STL0000052,pay0000000034,ORD0000052,payment,9241.53,184.83,33.27,9023.43,card_debit,2026-01-05,UTR202601050001
STL0000053,pay0000000035,ORD0000053,payment,5701.05,114.02,20.52,5566.51,wallet,2026-01-26,UTR202601260001
STL0000053X,,,chargeback,-201.20,0.00,0.00,-201.20,wallet,2026-01-26,UTR202601260001
STL0000055,pay0000000037,ORD0000055,payment,5805.97,116.12,20.90,5668.95,card_debit,2026-01-08,UTR202601080001
STL0000056,pay0000000038,ORD0000056,payment,2139.87,42.80,7.70,2089.37,card_credit,2026-01-24,UTR202601240001
STL0000057,pay0000000039,ORD0000057,payment,8877.04,280.51,31.96,8564.57,card_credit,2026-01-04,UTR202601040001
STL0000058,pay000000003a,ORD0000058,payment,6685.61,133.71,24.07,6527.83,wallet,2026-01-11,UTR202601110001
STL0000059,pay000000003b,ORD0000059,payment,5886.53,117.73,21.19,5747.61,card_debit,2026-01-04,UTR202601040001
STL0000060,pay000000003c,ORD0000060,payment,8756.36,175.13,31.52,8549.71,upi,2026-01-13,UTR202601130001
STL0000061,pay000000003d,ORD0000061,payment,9431.50,188.63,33.95,9208.92,card_debit,2026-01-28,UTR202601280001
STL0000062,pay000000003e,ORD0000062,payment,6998.30,139.97,25.19,6833.14,netbanking,2026-01-07,UTR202601070001
STL0000063,pay000000003f,ORD0000063,payment,7863.84,157.28,28.31,7678.25,card_debit,2026-01-06,UTR202601060001
STL0000064,pay0000000040,ORD0000064,payment,264.90,5.30,0.95,258.65,card_debit,2026-01-08,UTR202601080001
STL0000065,pay0000000041,ORD0000065,payment,8261.22,165.22,29.74,8066.26,netbanking,2026-01-24,UTR202601240001
STL0000066,pay0000000042,ORD0000066,payment,8567.53,171.35,30.84,8365.34,card_debit,2026-01-16,UTR202601160001
STL0000067,pay0000000043,ORD0000067,payment,3447.07,68.94,12.41,3365.72,card_credit,2026-01-11,UTR202601110001
STL0000068,pay0000000044,ORD0000068,payment,4195.93,83.92,15.11,4096.90,card_credit,2026-01-23,UTR202601230001
STL0000069,pay0000000045,ORD0000069,payment,2788.61,55.77,10.04,2722.80,card_credit,2026-01-04,UTR202601040001
STL0000070,pay0000000046,ORD0000070,payment,3294.14,65.88,11.86,3216.40,wallet,2026-01-16,UTR202601160001
STL0000071,pay0000000047,ORD0000071,payment,470.42,9.41,1.69,459.32,wallet,2026-01-26,UTR202601260001
STL0000072,pay0000000048,ORD0000072,payment,9864.37,197.29,35.51,9631.57,upi,2026-01-26,UTR202601260001
STL0000073,pay0000000049,ORD0000073,payment,9659.98,193.20,34.78,9432.00,card_credit,2026-01-12,UTR202601120001
STL0000074,pay000000004a,ORD0000074,payment,6997.87,139.96,25.19,6832.72,card_credit,2026-01-17,UTR202601170001
STL0000075,pay000000004b,ORD0000075,payment,2016.58,40.33,7.26,1968.99,card_debit,2026-01-17,UTR202601170001
STL0000076,pay000000004c,ORD0000076,payment,3160.68,63.21,11.38,3086.09,card_debit,2026-01-15,UTR202601150001
STL0000077,pay000000004d,ORD0000077,payment,6086.58,121.73,21.91,5942.94,netbanking,2026-01-22,UTR202601220001
STL0000078,pay000000004e,ORD0000078,payment,5365.04,107.30,19.31,5238.43,card_credit,2026-01-17,UTR202601170001
STL0000079,pay000000004f,ORD0000079,payment,6641.86,132.84,23.91,6485.11,card_credit,2026-01-21,UTR202601210001
STL0000080,pay0000000050,ORD0000080,payment,2093.02,41.86,7.53,2043.63,netbanking,2026-01-06,UTR202601060001
STL0000081,pay0000000051,ORD0000081,payment,8063.19,161.26,29.03,7872.90,wallet,2026-01-06,UTR202601060001
STL0000082,pay0000000052,ORD0000082,payment,7306.80,146.14,26.31,7134.35,card_debit,2026-01-14,UTR202601140001
STL0000083,pay0000000053,ORD0000083,payment,63.14,1.26,0.23,61.65,card_debit,2026-01-27,UTR202601270001
STL0000084,pay0000000054,ORD0000084,payment,7302.16,146.04,26.29,7129.83,card_debit,2026-01-20,UTR202601200001
STL0000085,pay0000000055,ORD0000085,payment,1277.53,25.55,4.60,1247.38,wallet,2026-01-17,UTR202601170001
STL0000086,pay0000000056,ORD0000086,payment,6248.77,124.98,22.50,6101.29,wallet,2026-01-14,UTR202601140001
STL0000087,pay0000000057,ORD0000087,payment,9514.06,190.28,34.25,9289.53,netbanking,2026-01-19,UTR202601190001
STL0000088,pay0000000058,ORD0000088,payment,7887.95,157.76,28.40,7701.79,netbanking,2026-01-11,UTR202601110001
STL0000089,pay0000000059,ORD0000089,payment,2884.36,57.69,10.38,2816.29,card_debit,2026-01-17,UTR202601170001
STL0000090,pay000000005a,ORD0000090,payment,3357.39,67.15,12.09,3278.15,card_debit,2026-01-19,UTR202601190001
STL0000091,pay000000005b,ORD0000091,payment,1607.27,32.15,5.79,1569.33,netbanking,2026-01-25,UTR202601250001
STL0000092,pay000000005c,ORD0000092,payment,4890.57,97.81,17.61,4775.15,netbanking,2026-01-16,UTR202601160001
STL0000093,pay000000005d,ORD0000093,payment,6129.51,122.59,22.07,5984.85,netbanking,2026-01-26,UTR202601260001
STL0000094,pay000000005e,ORD0000094,payment,9890.36,197.81,35.61,9656.94,netbanking,2026-01-14,UTR202601140001
STL0000095,pay000000005f,ORD0000095,payment,7708.19,154.16,27.75,7526.28,card_credit,2026-01-19,UTR202601190001
STL0000096,pay0000000060,ORD0000096,payment,309.34,6.19,1.11,302.04,netbanking,2026-01-16,UTR202601160001
STL0000097,pay0000000061,ORD0000097,payment,8818.34,176.37,31.75,8610.22,upi,2026-01-18,UTR202601180001
STL0000098,pay0000000062,ORD0000098,payment,6211.44,124.23,22.36,6064.85,netbanking,2026-01-22,UTR202601220001
STL0000099,pay0000000063,ORD0000099,payment,4846.25,96.93,17.45,4731.87,card_credit,2026-01-08,UTR202601080001
STL0000100,pay0000000064,ORD0000100,payment,3432.22,68.64,12.36,3351.22,card_credit,2026-01-13,UTR202601130001
STL0000101,pay0000000065,ORD0000101,payment,4936.52,98.73,17.77,4820.02,upi,2026-01-02,UTR202601020001
STL0000102,pay0000000066,ORD0000102,payment,6839.14,136.78,24.62,6677.74,upi,2026-01-03,UTR202601030001
STL0000103,pay0000000067,ORD0000103,payment,2506.32,50.13,9.02,2447.17,wallet,2026-01-06,UTR202601060001
STL0000104,pay0000000068,ORD0000104,payment,4881.23,97.62,17.57,4766.04,card_debit,2026-01-25,UTR202601250001
STL0000105,pay0000000069,ORD0000105,payment,7847.56,156.95,28.25,7662.36,card_credit,2026-01-24,
STL0000106,pay000000006a,ORD0000106,payment,3276.10,65.52,11.79,3198.79,card_debit,2026-01-22,UTR202601220001
STL0000106X,,,refund,-416.06,0.00,0.00,-416.06,card_debit,2026-01-22,UTR202601220001
STL0000107,pay000000006b,ORD0000107,payment,2551.46,51.03,9.19,2491.24,wallet,2026-01-07,UTR202601070001
STL0000108,pay000000006c,ORD0000108,payment,8354.04,167.08,30.07,8156.89,netbanking,2026-01-22,UTR202601220001
STL0000109,,,payment,728.06,14.56,2.62,710.88,netbanking,2026-01-19,UTR202601190001
STL0000110,pay000000006e,ORD0000110,payment,6669.59,133.39,24.01,6512.19,netbanking,2026-01-28,UTR202601280001
STL0000111,pay000000006f,ORD0000111,payment,5475.91,109.52,19.71,5346.68,netbanking,2026-01-24,UTR202601240001
STL0000112,pay0000000070,ORD0000112,payment,8663.45,173.27,31.19,8458.99,upi,2026-01-25,UTR202601250001
STL0000113,pay0000000071,ORD0000113,payment,4732.00,94.64,17.04,4620.32,netbanking,2026-01-11,UTR202601110001
STL0000114,pay0000000072,ORD0000114,payment,5188.17,103.76,18.68,5065.73,card_credit,2026-01-12,UTR202601120001
STL0000115,pay0000000073,ORD0000115,payment,3573.71,71.47,12.86,3489.38,wallet,2026-01-10,UTR202601100001
STL0000116,pay0000000074,ORD0000116,payment,902.71,18.05,3.25,881.41,card_debit,2026-01-11,UTR202601110001
STL0000117,pay0000000075,ORD0000117,payment,6777.78,135.56,24.40,6617.82,upi,2026-01-24,UTR202601240001
STL0000118,pay0000000076,ORD0000118,payment,4245.45,84.91,15.28,4145.26,wallet,2026-01-26,UTR202601260001
STL0000119,pay0000000077,ORD0000119,payment,5808.58,116.17,20.91,5671.50,wallet,2026-01-20,UTR202601200001
STL0000120,pay0000000078,ORD0000120,payment,7374.96,147.50,26.55,7200.91,card_debit,2026-01-17,UTR202601170001
STL0000121,pay0000000079,ORD0000121,payment,2024.39,40.49,7.29,1976.61,card_debit,2026-01-14,UTR202601140001
STL0000122,pay000000007a,ORD0000122,payment,7749.83,155.00,27.90,7566.93,wallet,2026-01-19,UTR202601190001
STL0000123,pay000000007b,ORD0000123,payment,1059.09,21.18,3.81,1034.10,card_credit,2026-01-28,UTR202601280001
STL0000124,pay000000007c,ORD0000124,payment,153.35,3.07,0.55,149.73,upi,2026-01-24,UTR202601240001
STL0000125,pay000000007d,ORD0000125,payment,7317.95,146.36,26.34,7145.25,wallet,2026-01-06,UTR202601060001
STL0000126,pay000000007e,ORD0000126,payment,5024.68,100.49,18.09,4906.10,card_credit,2026-01-16,UTR202601160001
STL0000127,pay000000007f,ORD0000127,payment,5014.35,100.29,18.05,4896.01,upi,2026-01-06,UTR202601060001
STL0000128,pay0000000080,ORD0000128,payment,7202.96,144.06,25.93,7032.97,card_credit,2026-01-05,UTR202601050001
STL0000129,pay0000000081,ORD0000129,payment,5856.81,117.14,21.09,5718.58,wallet,2026-01-28,UTR202601280001
STL0000130,pay0000000082,ORD0000130,payment,5484.57,109.69,19.74,5355.14,card_credit,2026-01-15,UTR202601150001
STL0000131,pay0000000083,ORD0000131,payment,4501.60,90.03,16.21,4395.36,upi,2026-01-13,UTR202601130001
STL0000132,pay0000000084,ORD0000132,payment,2183.81,43.68,7.86,2132.27,upi,2026-01-24,UTR202601240001
STL0000133,pay0000000085,ORD0000133,payment,1827.56,36.55,6.58,1784.43,netbanking,2026-01-19,UTR202601190001
STL0000134,pay0000000086,ORD0000134,payment,6231.56,124.63,22.43,6084.50,card_credit,2026-01-17,UTR202601170001
STL0000135,pay0000000087,ORD0000135,payment,7376.35,147.53,26.56,7202.26,card_credit,2026-01-16,UTR202601160001
STL0000136,pay0000000088,ORD0000136,payment,6559.20,131.18,23.61,6404.41,wallet,2026-01-20,UTR202601200001
STL0000137,pay0000000089,ORD0000137,payment,1567.26,31.35,5.64,1530.27,card_debit,2026-01-10,UTR202601100001
STL0000138,pay000000008a,ORD0000138,payment,6244.48,124.89,22.48,6097.11,netbanking,2026-01-25,UTR202601250001
STL0000139,pay000000008b,ORD0000139,payment,7342.23,146.84,26.43,7168.96,netbanking,2026-01-16,UTR202601160001
STL0000140,pay000000008c,ORD0000140,payment,6275.86,125.52,22.59,6127.75,wallet,2026-01-04,UTR202601040001
STL0000141,pay000000008d,ORD0000141,payment,962.63,19.25,3.47,939.91,card_credit,2026-01-11,UTR202601110001
STL0000142,pay000000008e,ORD0000142,payment,8006.77,160.14,28.83,7817.80,netbanking,2026-01-28,UTR202601280001
STL0000143,pay000000008f,ORD0000143,payment,1908.05,38.16,6.87,1863.02,upi,2026-01-21,UTR202601210001
STL0000144,pay0000000090,ORD0000144,payment,4286.84,85.74,15.43,4185.67,card_debit,2026-01-12,UTR202601120001
STL0000146,pay0000000092,ORD0000146,payment,2651.59,53.03,9.55,2589.01,wallet,2026-01-13,UTR202601130001
STL0000147,pay0000000093,ORD0000147,payment,17.06,0.34,0.06,16.66,card_debit,2026-01-23,UTR202601230001
STL0000148,pay0000000094,ORD0000148,payment,6533.78,130.68,23.52,6379.58,upi,2026-01-27,UTR202601270001
STL0000149,pay0000000095,ORD0000149,payment,5763.98,115.28,20.75,5627.95,netbanking,2026-01-08,UTR202601080001
STL0000150,pay0000000096,ORD0000150,payment,6611.26,132.23,23.80,6455.23,card_credit,2026-01-21,UTR202601210001
STL0000151,pay0000000097,ORD0000151,payment,5795.77,115.92,20.87,5658.98,netbanking,2026-01-15,UTR202601150001
STL0000152,pay0000000098,ORD0000152,payment,6796.72,135.93,24.47,6636.32,card_credit,2026-01-30,UTR202601300001
STL0000153,pay0000000099,ORD0000153,payment,2872.06,57.44,10.34,2804.28,netbanking,2026-01-15,UTR202601150001
STL0000154,pay000000009a,ORD0000154,payment,4027.19,80.54,14.50,3932.15,upi,2026-01-08,UTR202601080001
STL0000155,pay000000009b,ORD0000155,payment,8288.81,165.78,29.84,8093.19,card_credit,2026-01-17,UTR202601170001
STL0000156,pay000000009c,ORD0000156,payment,2970.78,59.42,10.70,2900.66,wallet,2026-01-27,UTR202601270001
STL0000157,pay000000009d,ORD0000157,payment,5139.25,102.79,18.50,5017.96,card_credit,2026-01-07,UTR202601070001
STL0000158,pay000000009e,ORD0000158,payment,8004.29,160.09,28.82,7815.38,card_debit,2026-01-20,UTR202601200001
STL0000159,pay000000009f,ORD0000159,payment,2509.05,50.18,9.03,2449.84,upi,2026-01-21,UTR202601210001
STL0000160,pay00000000a0,ORD0000160,payment,4964.51,99.29,17.87,4847.35,card_debit,2026-01-26,UTR202601260001
STL0000161,pay00000000a1,ORD0000161,payment,393.17,7.86,1.41,383.90,upi,2026-01-07,UTR202601070001
STL0000162,pay00000000a2,ORD0000162,payment,4621.94,92.44,16.64,4512.86,upi,2026-01-06,UTR202601060001
STL0000163,pay00000000a3,ORD0000163,payment,4303.93,86.08,15.49,4202.36,card_credit,2026-01-23,UTR202601230001
STL0000164,pay00000000a4,ORD0000164,payment,7268.53,145.37,26.17,7096.99,wallet,2026-01-15,UTR202601150001
STL0000165,pay00000000a5,ORD0000165,payment,3325.43,66.51,11.97,3246.95,upi,2026-01-24,UTR202601240001
STL0000166,pay00000000a6,ORD0000166,payment,2466.74,49.33,8.88,2408.53,upi,2026-01-24,UTR202601240001
STL0000167,pay00000000a7,ORD0000167,payment,1037.25,20.75,3.74,1012.76,card_credit,2026-01-26,UTR202601260001
STL0000168,pay00000000a8,ORD0000168,payment,487.25,9.75,1.76,475.74,card_credit,2026-01-13,UTR202601130001
STL0000169,pay00000000a9,ORD0000169,payment,2565.59,51.31,9.24,2505.04,card_debit,2026-01-20,UTR202601200001
STL0000170,pay00000000aa,ORD0000170,payment,833.04,16.66,3.00,813.38,card_debit,2026-01-23,UTR202601230001
STL0000171,pay00000000ab,ORD0000171,payment,6119.84,122.40,22.03,5975.41,card_credit,2026-01-08,UTR202601080001
STL0000172,pay00000000ac,ORD0000172,payment,6997.33,139.95,25.19,6832.19,wallet,2026-01-03,UTR202601030001
STL0000173,pay00000000ad,ORD0000173,payment,4636.87,92.74,16.69,4527.44,card_credit,2026-01-14,UTR202601140001
STL0000174,pay00000000ae,ORD0000174,payment,3172.97,63.46,11.42,3098.09,upi,2026-01-09,UTR202601090001
STL0000175,pay00000000af,ORD0000175,payment,6002.04,120.04,21.61,5860.39,upi,2026-01-14,UTR202601140001
STL0000176,pay00000000b0,ORD0000176,payment,6907.03,138.14,24.87,6744.02,upi,2026-01-16,UTR202601160001
STL0000177,pay00000000b1,ORD0000177,payment,7818.69,156.37,28.15,7634.17,wallet,2026-01-17,UTR202601170001
STL0000178,pay00000000b2,ORD0000178,payment,2301.42,46.03,8.29,2247.10,card_debit,2026-01-23,UTR202601230001
STL0000179,pay00000000b3,ORD0000179,payment,9477.87,189.56,34.12,9254.19,upi,2026-01-23,UTR202601230001
STL0000180,pay00000000b4,ORD0000180,payment,7684.34,153.69,27.66,7502.99,card_credit,2026-01-07,UTR202601070001
STL0000181,pay00000000b5,ORD0000181,payment,1846.71,36.93,6.65,1803.13,card_credit,2026-01-10,UTR202601100001
STL0000182,pay00000000b6,ORD0000182,payment,9583.60,191.67,34.50,9357.43,card_credit,2026-01-11,UTR202601110001
STL0000183,pay00000000b7,ORD0000183,payment,3556.68,71.13,12.80,3472.75,card_debit,2026-01-27,UTR202601270001
STL0000184,pay00000000b8,ORD0000184,payment,2370.74,91.27,8.53,2270.94,card_credit,2026-01-25,UTR202601250001
STL0000185,pay00000000b9,ORD0000185,payment,5631.36,112.63,20.27,5498.46,card_credit,2026-01-07,UTR202601070001
STL0000186,pay00000000ba,ORD0000186,payment,8628.67,172.57,31.06,8425.04,card_debit,2026-01-24,UTR202601240001
STL0000187,pay00000000bb,ORD0000187,payment,6501.41,130.03,23.41,6347.97,card_debit,2026-01-21,UTR202601210001
STL0000188,pay00000000bc,ORD0000188,payment,6667.69,133.35,24.00,6510.34,card_credit,2026-01-30,UTR202601300001
STL0000189,pay00000000bd,ORD0000189,payment,1228.43,24.57,4.42,1199.44,netbanking,2026-01-07,UTR202601070001
STL0000190,pay00000000be,ORD0000190,payment,5641.58,112.83,20.31,5508.44,wallet,2026-01-07,UTR202601070001
STL0000191,pay00000000bf,ORD0000191,payment,7788.25,155.77,28.04,7604.44,upi,2026-01-26,UTR202601260001
STL0000192,pay00000000c0,ORD0000192,payment,6460.58,129.21,23.26,6308.11,card_credit,2026-01-17,UTR202601170001
STL0000193,pay00000000c1,ORD0000193,payment,4667.97,93.36,16.80,4557.81,card_credit,2026-01-11,UTR202601110001
STL0000194,pay00000000c2,ORD0000194,payment,6766.49,135.33,24.36,6606.80,card_debit,2026-01-14,UTR202601140001
STL0000195,pay00000000c3,ORD0000195,payment,9956.09,199.12,35.84,9721.13,card_debit,2026-01-30,UTR202601300001
STL0000196,pay00000000c4,ORD0000196,payment,6266.52,125.33,22.56,6118.63,card_debit,2026-01-03,UTR202601030001
STL0000197,pay00000000c5,ORD0000197,payment,8257.06,165.14,29.73,8062.19,card_debit,2026-01-22,UTR202601220001
STL0000198,pay00000000c6,ORD0000198,payment,8530.47,170.61,30.71,8329.15,wallet,2026-01-09,UTR202601090001
STL0000198X,,,adjustment,99.82,0.00,0.00,99.82,wallet,2026-01-09,UTR202601090001
STL0000199,pay00000000c7,ORD0000199,payment,1368.06,27.36,4.92,1335.78,upi,2026-01-19,UTR202601190001
STL0000200,pay00000000c8,ORD0000200,payment,275.32,5.51,0.99,268.82,wallet,2026-01-06,UTR202601060001
STL0000201,pay00000000c9,ORD0000201,payment,1832.10,36.64,6.60,1788.86,netbanking,2026-01-12,UTR202601120001
STL0000202,pay00000000ca,ORD0000202,payment,7823.86,156.48,28.17,7639.21,wallet,2026-01-05,UTR202601050001
STL0000203,pay00000000cb,ORD0000203,payment,4744.62,94.89,17.08,4632.65,wallet,2026-01-18,UTR202601180001
STL0000204,pay00000000cc,ORD0000204,payment,6750.91,135.02,24.30,6591.59,netbanking,2026-01-03,UTR202601030001
STL0000205,pay00000000cd,ORD0000205,payment,5145.84,102.92,18.53,5024.39,card_credit,2026-01-24,UTR202601240001
STL0000206,pay00000000ce,ORD0000206,payment,693.72,13.87,2.50,677.35,wallet,2026-01-08,UTR202601080001
STL0000207,pay00000000cf,ORD0000207,payment,3414.81,68.30,12.29,3334.22,wallet,2026-01-15,UTR202601150001
STL0000208,pay00000000d0,ORD0000208,payment,1044.96,20.90,3.76,1020.30,wallet,2026-01-29,UTR202601290001
STL0000209,pay00000000d1,ORD0000209,payment,2259.68,45.19,8.13,2206.36,netbanking,2026-01-15,UTR202601150001
STL0000210,pay00000000d2,ORD0000210,payment,4760.28,95.21,17.14,4647.93,card_credit,2026-01-14,UTR202601140001
STL0000211,pay00000000d3,ORD0000211,payment,6979.16,139.58,25.12,6814.46,netbanking,2026-01-12,UTR202601120001
STL0000211X,,,chargeback,-66.09,0.00,0.00,-66.09,netbanking,2026-01-12,UTR202601120001
STL0000212,,,payment,4533.55,90.67,16.32,4426.56,wallet,2026-01-05,UTR202601050001
STL0000213,pay00000000d5,ORD0000213,payment,5894.67,117.89,21.22,5755.56,netbanking,2026-01-13,UTR202601130001
STL0000214A,pay00000000d6,ORD0000214,payment,4539.52,90.79,16.34,4432.39,card_credit,2026-01-04,UTR202601040001
STL0000214B,pay00000000d6,ORD0000214,payment,3026.34,60.53,10.90,2954.91,card_credit,2026-01-04,UTR202601040001
STL0000215,pay00000000d7,ORD0000215,payment,1627.46,32.55,5.86,1589.05,card_credit,2026-01-23,UTR202601230001
STL0000216,pay00000000d8,ORD0000216,payment,3859.15,77.18,13.89,3768.08,netbanking,2026-01-05,UTR202601050001
STL0000217,pay00000000d9,ORD0000217,payment,8078.42,161.57,29.08,7887.77,card_credit,2026-01-30,UTR202601300001
STL0000218,pay00000000da,ORD0000218,payment,3685.74,73.71,13.27,3598.76,wallet,2026-01-02,UTR202601020001
STL0000219,pay00000000db,ORD0000219,payment,734.65,14.69,2.64,717.32,wallet,2026-01-08,UTR202601080001
STL0000220,pay00000000dc,ORD0000220,payment,4407.26,88.15,15.87,4303.24,card_credit,2026-01-17,UTR202601170001
STL0000221,pay00000000dd,ORD0000221,payment,8150.71,163.01,29.34,7958.36,card_debit,2026-01-20,UTR202601200001
STL0000222,pay00000000de,ORD0000222,payment,6483.50,129.67,23.34,6330.49,netbanking,2026-01-04,UTR202601040001
STL0000223,pay00000000df,ORD0000223,payment,4640.16,92.80,16.70,4530.66,upi,2026-01-17,UTR202601170001
STL0000224,pay00000000e0,ORD0000224,payment,1167.76,64.93,4.20,1098.63,card_credit,2026-01-13,UTR202601130001
STL0000225,pay00000000e1,ORD0000225,payment,579.43,11.59,2.09,565.75,card_debit,2026-01-02,UTR202601020001
STL0000226,pay00000000e2,ORD0000226,payment,3040.07,60.80,10.94,2968.33,netbanking,2026-01-13,UTR202601130001
STL0000227,pay00000000e3,ORD0000227,payment,3991.76,79.84,14.37,3897.55,card_credit,2026-01-21,UTR202601210001
STL0000227X,,,adjustment,32.72,0.00,0.00,32.72,card_credit,2026-01-21,UTR202601210001
STL0000228,pay00000000e4,ORD0000228,payment,4579.09,91.58,16.48,4471.03,card_credit,2026-01-02,UTR202601020001
STL0000229,pay00000000e5,ORD0000229,payment,6056.22,121.12,21.80,5913.30,netbanking,2026-01-14,UTR202601140001
STL0000230,pay00000000e6,ORD0000230,payment,929.10,18.58,3.34,907.18,wallet,2026-01-16,UTR202601160001
STL0000231,pay00000000e7,ORD0000231,payment,829.67,16.59,2.99,810.09,card_debit,2026-01-15,UTR202601150001
STL0000232,pay00000000e8,ORD0000232,payment,1767.99,35.36,6.36,1726.27,wallet,2026-01-04,UTR202601040001
STL0000233,pay00000000e9,ORD0000233,payment,9504.28,190.09,34.22,9279.97,card_debit,2026-01-28,UTR202601280001
STL0000234,pay00000000ea,ORD0000234,payment,1540.57,30.81,5.55,1504.21,card_debit,2026-01-12,UTR202601120001
STL0000235,pay00000000eb,ORD0000235,payment,6878.51,137.57,24.76,6716.18,netbanking,2026-01-06,UTR202601060001
STL0000236,pay00000000ec,ORD0000236,payment,5916.19,118.32,21.30,5776.57,wallet,2026-01-28,UTR202601280001
STL0000237,pay00000000ed,ORD0000237,payment,6581.85,131.64,23.70,6426.51,netbanking,2026-01-12,UTR202601120001
STL0000238,pay00000000ee,ORD0000238,payment,3180.30,63.61,11.45,3105.24,card_credit,2026-01-27,UTR202601270001
STL0000239,pay00000000ef,ORD0000239,payment,3259.86,65.20,11.74,3182.92,card_credit,2026-01-16,UTR202601160001
STL0000240,pay00000000f0,ORD0000240,payment,809.58,16.19,2.91,790.48,wallet,2026-01-24,UTR202601240001
STL0000241,pay00000000f1,ORD0000241,payment,6090.19,121.80,21.92,5946.47,card_debit,2026-01-21,UTR202601210001
STL0000242,pay00000000f2,ORD0000242,payment,4992.33,99.85,17.97,4874.51,upi,2026-01-19,UTR202601190001
STL0000243,pay00000000f3,ORD0000243,payment,8785.53,175.71,31.63,8578.19,card_debit,2026-01-14,UTR202601140001
STL0000243X,,,refund,-292.97,0.00,0.00,-292.97,card_debit,2026-01-14,UTR202601140001
STL0000244,pay00000000f4,ORD0000244,payment,5500.25,110.01,19.80,5370.44,card_credit,2026-01-19,UTR202601190001
STL0000246,pay00000000f6,ORD0000246,payment,7118.32,142.37,25.63,6950.32,wallet,2026-01-16,UTR202601160001
STL0000247,pay00000000f7,ORD0000247,payment,3500.55,70.01,12.60,3417.94,card_credit,2026-01-05,UTR202601050001
STL0000248,pay00000000f8,ORD0000248,payment,7329.09,146.58,26.38,7156.13,upi,2026-01-25,UTR202601250001
STL0000249,pay00000000f9,ORD0000249,payment,3954.76,79.10,14.24,3861.42,wallet,2026-01-22,UTR202601220001
STL0000249X,,,refund,-338.24,0.00,0.00,-338.24,wallet,2026-01-22,UTR202601220001
STL0000250,pay00000000fa,ORD0000250,payment,3799.04,75.98,13.68,3709.38,card_debit,2026-01-02,UTR202601020001
STL0000251,pay00000000fb,ORD0000251,payment,8038.73,160.77,28.94,7849.02,card_debit,2026-01-17,UTR202601170001
STL0000251X,,,adjustment,71.28,0.00,0.00,71.28,card_debit,2026-01-17,UTR202601170001
STL0000252,pay00000000fc,ORD0000252,payment,5328.51,106.57,19.18,5202.76,card_credit,2026-01-28,UTR202601280001
STL0000253,pay00000000fd,ORD0000253,payment,6485.52,129.71,23.35,6332.46,card_debit,2026-01-06,UTR202601060001
STL0000254,pay00000000fe,ORD0000254,payment,8090.54,161.81,29.13,7899.60,upi,2026-01-22,UTR202601220001
STL0000255,pay00000000ff,ORD0000255,payment,7097.17,141.94,25.55,6929.68,card_credit,2026-01-27,UTR202601270001
STL0000256,pay0000000100,ORD0000256,payment,8223.74,164.47,29.60,8029.67,card_credit,2026-01-16,UTR202601160001
STL0000257,pay0000000101,ORD0000257,payment,8229.71,164.59,29.63,8035.49,wallet,2026-01-19,UTR202601190001
STL0000258,pay0000000102,ORD0000258,payment,4846.06,96.92,17.45,4731.69,wallet,2026-01-27,UTR202601270001
STL0000259,pay0000000103,ORD0000259,payment,1704.30,34.09,6.14,1664.07,card_debit,2026-01-30,UTR202601300001
STL0000260,pay0000000104,ORD0000260,payment,552.14,11.04,1.99,539.11,wallet,2026-01-23,UTR202601230001
STL0000261,pay0000000105,ORD0000261,payment,7464.57,149.29,26.87,7288.41,card_debit,2026-01-18,UTR202601180001
STL0000262,pay0000000106,ORD0000262,payment,9497.82,189.96,34.19,9273.67,upi,2026-01-19,UTR202601190001
STL0000263,pay0000000107,ORD0000263,payment,2333.23,46.66,8.40,2278.17,upi,2026-01-29,UTR202601290001
STL0000264,pay0000000108,ORD0000264,payment,4162.12,83.24,14.98,4063.90,upi,2026-01-19,UTR202601190001
STL0000265,pay0000000109,ORD0000265,payment,300.56,6.01,1.08,293.47,card_credit,2026-01-14,UTR202601140001
STL0000266,pay000000010a,ORD0000266,payment,1447.83,28.96,5.21,1413.66,card_debit,2026-01-04,UTR202601040001
STL0000267,pay000000010b,ORD0000267,payment,4923.97,98.48,17.73,4807.76,upi,2026-01-16,UTR202601160001
STL0000268,pay000000010c,ORD0000268,payment,8760.22,175.20,31.54,8553.48,card_credit,2026-01-06,UTR202601060001
STL0000269,pay000000010d,ORD0000269,payment,1282.67,25.65,4.62,1252.40,wallet,2026-01-05,UTR202601050001
STL0000270,pay000000010e,ORD0000270,payment,1167.42,23.35,4.20,1139.87,upi,2026-01-30,UTR202601300001
STL0000271,pay000000010f,ORD0000271,payment,6034.80,120.70,21.73,5892.37,upi,2026-01-10,UTR202601100001
STL0000272,pay0000000110,ORD0000272,payment,2527.49,50.55,9.10,2467.84,upi,2026-01-22,UTR202601220001
STL0000273,pay0000000111,ORD0000273,payment,3786.20,75.72,13.63,3696.85,wallet,2026-01-06,UTR202601060001
STL0000274,pay0000000112,ORD0000274,payment,4099.20,81.98,14.76,4002.46,card_credit,2026-01-18,UTR202601180001
STL0000275,pay0000000113,ORD0000275,payment,175.31,3.51,0.63,171.17,upi,2026-01-13,UTR202601130001
STL0000276,pay0000000114,ORD0000276,payment,7713.99,154.28,27.77,7531.94,card_credit,2026-01-26,UTR202601260001
STL0000277,pay0000000115,ORD0000277,payment,8535.25,170.71,30.73,8333.81,netbanking,2026-01-24,UTR202601240001
STL0000278,pay0000000116,ORD0000278,payment,5022.76,100.46,18.08,4904.22,upi,2026-01-22,UTR202601220001
STL0000279,pay0000000117,ORD0000279,payment,9899.41,197.99,35.64,9665.78,upi,2026-01-16,UTR202601160001
STL0000280,pay0000000118,ORD0000280,payment,9293.18,185.86,33.45,9073.87,wallet,2026-01-04,UTR202601040001
STL0000281,pay0000000119,ORD0000281,payment,8555.15,171.10,30.80,8353.25,card_debit,2026-01-19,UTR202601190001
STL0000282,pay000000011a,ORD0000282,payment,9045.17,180.90,32.56,8831.71,card_credit,2026-01-28,UTR202601280001
STL0000283,pay000000011b,ORD0000283,payment,8386.71,167.73,30.19,8188.79,netbanking,2026-01-14,UTR202601140001
STL0000284,pay000000011c,ORD0000284,payment,4059.26,81.19,14.61,3963.46,netbanking,2026-01-14,UTR202601140001
STL0000285,pay000000011d,ORD0000285,payment,8365.20,167.30,30.11,8167.79,netbanking,2026-02-01,
STL0000286,pay000000011e,ORD0000286,payment,5724.71,114.49,20.61,5589.61,card_credit,2026-01-11,UTR202601110001
STL0000287,pay000000011f,ORD0000287,payment,3218.84,64.38,11.59,3142.87,netbanking,2026-01-18,UTR202601180001
STL0000288,pay0000000120,ORD0000288,payment,449.12,8.98,1.62,438.52,card_credit,2026-01-26,UTR202601260001
STL0000289,pay0000000121,ORD0000289,payment,8304.24,166.08,29.89,8108.27,netbanking,2026-01-05,UTR202601050001
STL0000290,pay0000000122,ORD0000290,payment,8405.10,168.10,30.26,8206.74,wallet,2026-01-25,UTR202601250001
STL0000291,pay0000000123,ORD0000291,payment,4599.57,91.99,16.56,4491.02,card_credit,2026-01-03,UTR202601030001
STL0000292,pay0000000124,ORD0000292,payment,9960.88,199.22,35.86,9725.80,netbanking,2026-01-20,UTR202601200001
STL0000293,pay0000000125,ORD0000293,payment,3905.84,78.12,14.06,3813.66,wallet,2026-01-16,UTR202601160001
STL0000294,pay0000000126,ORD0000294,payment,3301.57,66.03,11.89,3223.65,upi,2026-01-22,UTR202601220001
STL0000295,pay0000000127,ORD0000295,payment,5237.85,104.76,18.86,5114.23,upi,2026-01-20,UTR202601200001
STL0000296,pay0000000128,ORD0000296,payment,2734.33,54.69,9.84,2669.80,card_credit,2026-01-26,UTR202601260001
STL0000297,pay0000000129,ORD0000297,payment,5155.60,103.11,18.56,5033.93,netbanking,2026-01-08,UTR202601080001
STL0000298,pay000000012a,ORD0000298,payment,7485.22,149.70,26.95,7308.57,card_credit,2026-01-18,UTR202601180001
STL0000299,pay000000012b,ORD0000299,payment,7445.07,148.90,26.80,7269.37,card_debit,2026-01-05,UTR202601050001
STL0000300,pay000000012c,ORD0000300,payment,9728.70,194.57,35.02,9499.11,wallet,2026-01-25,UTR202601250001
STL0000301,pay000000012d,ORD0000301,payment,2112.43,42.25,7.61,2062.57,upi,2026-01-28,UTR202601280001
STL0000302,pay000000012e,ORD0000302,payment,6005.76,120.12,21.62,5864.02,card_debit,2026-01-15,UTR202601150001
STL0000303,pay000000012f,ORD0000303,payment,909.03,18.18,3.27,887.58,netbanking,2026-01-06,UTR202601060001
STL0000304,pay0000000130,ORD0000304,payment,8070.27,161.41,29.05,7879.81,upi,2026-01-16,UTR202601160001
STL0000305,pay0000000131,ORD0000305,payment,7136.45,142.73,25.69,6968.03,wallet,2026-01-20,UTR202601200001
STL0000306,pay0000000132,ORD0000306,payment,1358.00,27.16,4.89,1325.95,upi,2026-01-15,UTR202601150001
STL0000307,pay0000000133,ORD0000307,payment,3193.97,63.88,11.50,3118.59,card_debit,2026-01-09,UTR202601090001
STL0000308,pay0000000134,ORD0000308,payment,9871.09,197.42,35.54,9638.13,card_credit,2026-01-18,UTR202601180001
STL0000309,pay0000000135,ORD0000309,payment,5780.99,115.62,20.81,5644.56,wallet,2026-01-11,UTR202601110001
STL0000310,pay0000000136,ORD0000310,payment,5274.86,105.50,18.99,5150.37,card_debit,2026-01-24,UTR202601240001
STL0000311,pay0000000137,ORD0000311,payment,6553.13,131.06,23.59,6398.48,upi,2026-01-27,UTR202601270001
STL0000312,pay0000000138,ORD0000312,payment,302.51,6.05,1.09,295.37,card_credit,2026-01-06,UTR202601060001
STL0000313,pay0000000139,ORD0000313,payment,8047.14,160.94,28.97,7857.23,upi,2026-01-22,UTR202601220001
STL0000314,pay000000013a,ORD0000314,payment,6581.29,131.63,23.69,6425.97,netbanking,2026-01-20,UTR202601200001
STL0000315,pay000000013b,ORD0000315,payment,8470.67,169.41,30.49,8270.77,upi,2026-01-24,UTR202601240001
STL0000316,pay000000013c,ORD0000316,payment,1662.59,33.25,5.99,1623.35,card_debit,2026-01-17,UTR202601170001
STL0000317,pay000000013d,ORD0000317,payment,1511.47,30.23,5.44,1475.80,netbanking,2026-01-13,UTR202601130001
STL0000318,pay000000013e,ORD0000318,payment,3890.39,77.81,14.01,3798.57,netbanking,2026-01-18,UTR202601180001
STL0000319,pay000000013f,ORD0000319,payment,4719.35,94.39,16.99,4607.97,card_credit,2026-01-09,UTR202601090001
STL0000320,pay0000000140,ORD0000320,payment,9066.41,181.33,32.64,8852.44,card_credit,2026-01-21,UTR202601210001
STL0000321,pay0000000141,ORD0000321,payment,7566.57,151.33,27.24,7388.00,netbanking,2026-01-12,UTR202601120001
STL0000322,pay0000000142,ORD0000322,payment,4899.91,98.00,17.64,4784.27,upi,2026-01-17,UTR202601170001
STL0000323,pay0000000143,ORD0000323,payment,5354.90,107.10,19.28,5228.52,card_credit,2026-01-18,UTR202601180001
STL0000324,pay0000000144,ORD0000324,payment,3001.28,60.03,10.81,2930.44,netbanking,2026-01-19,UTR202601190001
STL0000325,pay0000000145,ORD0000325,payment,2778.19,55.56,10.00,2712.63,card_credit,2026-01-26,
STL0000326,pay0000000146,ORD0000326,payment,5896.07,117.92,21.23,5756.92,upi,2026-01-09,UTR202601090001
STL0000327,,,payment,4727.30,94.55,17.02,4615.73,wallet,2026-01-28,UTR202601280001
STL0000328,pay0000000148,ORD0000328,payment,4135.37,82.71,14.89,4037.77,card_debit,2026-01-14,UTR202601140001
STL0000329,pay0000000149,ORD0000329,payment,5343.53,106.87,19.24,5217.42,upi,2026-01-14,UTR202601140001
STL0000330,pay000000014a,ORD0000330,payment,3497.18,69.94,12.59,3414.65,card_debit,2026-01-28,UTR202601280001
STL0000331,pay000000014b,ORD0000331,payment,5410.46,108.21,19.48,5282.77,card_credit,2026-01-08,UTR202601080001
STL0000332,pay000000014c,ORD0000332,payment,6469.47,129.39,23.29,6316.79,wallet,2026-01-26,UTR202601260001
STL0000333,pay000000014d,ORD0000333,payment,5586.98,111.74,20.11,5455.13,card_credit,2026-01-17,UTR202601170001
STL0000334,pay000000014e,ORD0000334,payment,1154.28,23.09,4.16,1127.03,upi,2026-01-17,UTR202601170001
STL0000335,pay000000014f,ORD0000335,payment,2789.28,55.79,10.04,2723.45,wallet,2026-01-22,UTR202601220001
STL0000336,,,payment,5501.97,110.04,19.81,5372.12,card_debit,2026-01-24,UTR202601240001
STL0000337,pay0000000151,ORD0000337,payment,1157.33,23.15,4.17,1130.01,netbanking,2026-01-09,UTR202601090001
STL0000338,pay0000000152,ORD0000338,payment,7245.42,144.91,26.08,7074.43,netbanking,2026-01-10,UTR202601100001
STL0000339,pay0000000153,ORD0000339,payment,7720.81,154.42,27.80,7538.59,wallet,2026-01-25,UTR202601250001
STL0000340,pay0000000154,ORD0000340,payment,3413.39,68.27,12.29,3332.83,card_credit,2026-01-24,UTR202601240001
STL0000341,pay0000000155,ORD0000341,payment,4824.92,96.50,17.37,4711.05,card_credit,2026-01-20,UTR202601200001
STL0000342,pay0000000156,ORD0000342,payment,2021.03,40.42,7.28,1973.33,card_debit,2026-01-10,UTR202601100001
STL0000343,pay0000000157,ORD0000343,payment,3125.71,62.51,11.25,3051.95,netbanking,2026-01-26,UTR202601260001
STL0000344,pay0000000158,ORD0000344,payment,3662.46,73.25,13.19,3576.02,wallet,2026-01-19,UTR202601190001
STL0000345,,,payment,3986.38,79.73,14.35,3892.30,card_credit,2026-01-14,UTR202601140001
STL0000346,pay000000015a,ORD0000346,payment,833.68,16.67,3.00,814.01,netbanking,2026-01-14,UTR202601140001
STL0000347,pay000000015b,ORD0000347,payment,8686.70,173.73,31.27,8481.70,card_credit,2026-01-21,UTR202601210001
STL0000348,pay000000015c,ORD0000348,payment,6460.84,129.22,23.26,6308.36,wallet,2026-01-25,UTR202601250001
STL0000349,pay000000015d,ORD0000349,payment,2446.46,48.93,8.81,2388.72,netbanking,2026-01-04,UTR202601040001
STL0000349X,,,chargeback,-8.39,0.00,0.00,-8.39,netbanking,2026-01-04,UTR202601040001
STL0000350,pay000000015e,ORD0000350,payment,5775.86,115.52,20.79,5639.55,netbanking,2026-01-08,UTR202601080001
STL0000351,pay000000015f,ORD0000351,payment,7931.30,158.63,28.55,7744.12,upi,2026-01-13,UTR202601130001
STL0000352,pay0000000160,ORD0000352,payment,943.06,18.86,3.39,920.81,upi,2026-01-24,UTR202601240001
STL0000353,pay0000000161,ORD0000353,payment,1840.68,36.81,6.63,1797.24,netbanking,2026-01-15,UTR202601150001
STL0000354,pay0000000162,ORD0000354,payment,1958.61,39.17,7.05,1912.39,upi,2026-01-25,UTR202601250001
STL0000355,pay0000000163,ORD0000355,payment,6325.63,126.51,22.77,6176.35,wallet,2026-01-06,UTR202601060001
STL0000356,pay0000000164,ORD0000356,payment,9329.56,186.59,33.59,9109.38,card_debit,2026-01-07,UTR202601070001
STL0000357,pay0000000165,ORD0000357,payment,3472.47,139.25,12.50,3320.72,card_debit,2026-01-08,UTR202601080001
STL0000358,pay0000000166,ORD0000358,payment,5958.61,119.17,21.45,5817.99,netbanking,2026-01-25,UTR202601250001
STL0000359,pay0000000167,ORD0000359,payment,5408.10,108.16,19.47,5280.47,upi,2026-01-14,UTR202601140001
STL0000360,pay0000000168,ORD0000360,payment,1479.42,29.59,5.33,1444.50,upi,2026-01-17,UTR202601170001
STL0000361,pay0000000169,ORD0000361,payment,2474.61,49.49,8.91,2416.21,wallet,2026-01-17,UTR202601170001
STL0000362,pay000000016a,ORD0000362,payment,124.91,2.50,0.45,121.96,upi,2026-01-10,UTR202601100001
STL0000363,pay000000016b,ORD0000363,payment,4885.02,97.70,17.59,4769.73,wallet,2026-01-13,UTR202601130001
STL0000364,pay000000016c,ORD0000364,payment,9314.27,186.29,33.53,9094.45,card_credit,2026-01-24,UTR202601240001
STL0000365,pay000000016d,ORD0000365,payment,2320.77,46.42,8.36,2265.99,netbanking,2026-01-09,UTR202601090001
STL0000366,pay000000016e,ORD0000366,payment,6356.63,127.13,22.88,6206.62,netbanking,2026-01-15,UTR202601150001
STL0000367,pay000000016f,ORD0000367,payment,8414.52,168.29,30.29,8215.94,wallet,2026-01-23,UTR202601230001
STL0000368A,pay0000000170,ORD0000368,payment,518.08,10.36,1.86,505.86,card_credit,2026-01-20,UTR202601200001
STL0000368B,pay0000000170,ORD0000368,payment,345.39,6.91,1.24,337.24,card_credit,2026-01-20,UTR202601200001
STL0000369,pay0000000171,ORD0000369,payment,652.58,13.05,2.35,637.18,wallet,2026-01-30,UTR202601300001
STL0000370,pay0000000172,ORD0000370,payment,3445.56,68.91,12.40,3364.25,card_debit,2026-01-20,UTR202601200001
STL0000371,pay0000000173,ORD0000371,payment,5130.73,102.61,18.47,5009.65,netbanking,2026-01-04,UTR202601040001
STL0000372,pay0000000174,ORD0000372,payment,4361.04,87.22,15.70,4258.12,card_credit,2026-01-17,UTR202601170001
STL0000373,pay0000000175,ORD0000373,payment,4156.82,83.14,14.97,4058.71,wallet,2026-01-10,UTR202601100001
STL0000374,pay0000000176,ORD0000374,payment,7349.06,234.43,26.46,7088.17,netbanking,2026-01-04,UTR202601040001
STL0000375,pay0000000177,ORD0000375,payment,8035.28,160.71,28.93,7845.64,netbanking,2026-01-23,UTR202601230001
STL0000376,pay0000000178,ORD0000376,payment,9513.14,190.26,34.25,9288.63,wallet,2026-01-16,UTR202601160001
STL0000377,pay0000000179,ORD0000377,payment,9025.75,180.52,32.49,8812.74,netbanking,2026-01-15,UTR202601150001
STL0000378,pay000000017a,ORD0000378,payment,7637.14,152.74,27.49,7456.91,card_credit,2026-01-09,UTR202601090001
STL0000379,pay000000017b,ORD0000379,payment,7545.24,150.90,27.16,7367.18,card_debit,2026-01-20,UTR202601200001
STL0000380,pay000000017c,ORD0000380,payment,3634.74,72.69,13.08,3548.97,upi,2026-02-03,
STL0000381,pay000000017d,ORD0000381,payment,8037.65,160.75,28.94,7847.96,upi,2026-01-02,UTR202601020001
STL0000382,pay000000017e,ORD0000382,payment,4686.27,93.73,16.87,4575.67,upi,2026-01-23,UTR202601230001
STL0000383,pay000000017f,ORD0000383,payment,2462.22,49.24,8.86,2404.12,card_debit,2026-01-19,UTR202601190001
STL0000384,pay0000000180,ORD0000384,payment,3038.14,60.76,10.94,2966.44,card_credit,2026-01-11,UTR202601110001
STL0000385,pay0000000181,ORD0000385,payment,9193.23,183.86,33.09,8976.28,card_credit,2026-01-07,UTR202601070001
STL0000386,pay0000000182,ORD0000386,payment,5842.61,116.85,21.03,5704.73,netbanking,2026-01-22,UTR202601220001
STL0000387,pay0000000183,ORD0000387,payment,496.61,9.93,1.79,484.89,card_credit,2026-01-15,UTR202601150001
STL0000388,pay0000000184,ORD0000388,payment,4285.90,85.72,15.43,4184.75,wallet,2026-01-06,UTR202601060001
STL0000389,pay0000000185,ORD0000389,payment,8910.98,178.22,32.08,8700.68,card_debit,2026-01-11,UTR202601110001
STL0000390,pay0000000186,ORD0000390,payment,9596.75,191.94,34.55,9370.26,wallet,2026-01-05,UTR202601050001
STL0000391,pay0000000187,ORD0000391,payment,2551.55,51.03,9.19,2491.33,upi,2026-01-12,UTR202601120001
STL0000392,pay0000000188,ORD0000392,payment,8887.83,496.83,32.00,8359.00,card_debit,2026-01-15,UTR202601150001
STL0000393,pay0000000189,ORD0000393,payment,6327.09,126.54,22.78,6177.77,wallet,2026-01-05,UTR202601050001
STL0000394,pay000000018a,ORD0000394,payment,2195.36,43.91,7.90,2143.55,card_debit,2026-01-12,UTR202601120001
STL0000395,pay000000018b,ORD0000395,payment,7779.93,155.60,28.01,7596.32,wallet,2026-01-05,UTR202601050001
STL0000396,pay000000018c,ORD0000396,payment,4163.98,83.28,14.99,4065.71,netbanking,2026-01-10,UTR202601100001
STL0000397,pay000000018d,ORD0000397,payment,6807.33,136.15,24.51,6646.67,wallet,2026-01-14,UTR202601140001
STL0000398,pay000000018e,ORD0000398,payment,4891.40,97.83,17.61,4775.96,card_debit,2026-01-06,UTR202601060001
STL0000399,pay000000018f,ORD0000399,payment,4345.37,86.91,15.64,4242.82,upi,2026-01-03,UTR202601030001
STL0000400,pay0000000190,ORD0000400,payment,9806.65,196.13,35.30,9575.22,card_debit,2026-01-20,UTR202601200001
STL0000401,pay0000000191,ORD0000401,payment,3987.90,79.76,14.36,3893.78,card_credit,2026-01-22,UTR202601220001
STL0000402,pay0000000192,ORD0000402,payment,8620.01,172.40,31.03,8416.58,card_credit,2026-01-17,UTR202601170001
STL0000403,pay0000000193,ORD0000403,payment,7558.03,151.16,27.21,7379.66,upi,2026-01-21,UTR202601210001
STL0000404,pay0000000194,ORD0000404,payment,8803.27,176.07,31.69,8595.51,netbanking,2026-01-04,UTR202601040001
STL0000405,pay0000000195,ORD0000405,payment,6618.38,132.37,23.83,6462.18,upi,2026-01-09,UTR202601090001
STL0000406,pay0000000196,ORD0000406,payment,4786.60,95.73,17.23,4673.64,wallet,2026-01-15,UTR202601150001
STL0000407,pay0000000197,ORD0000407,payment,6918.09,138.36,24.90,6754.83,wallet,2026-01-19,UTR202601190001
STL0000408,pay0000000198,ORD0000408,payment,180.38,3.61,0.65,176.12,upi,2026-01-19,UTR202601190001
STL0000409,pay0000000199,ORD0000409,payment,7322.58,146.45,26.36,7149.77,upi,2026-01-23,UTR202601230001
STL0000410,pay000000019a,ORD0000410,payment,5503.57,110.07,19.81,5373.69,wallet,2026-01-08,UTR202601080001
STL0000411,pay000000019b,ORD0000411,payment,3721.58,74.43,13.40,3633.75,netbanking,2026-01-11,UTR202601110001
STL0000412,pay000000019c,ORD0000412,payment,2555.21,51.10,9.20,2494.91,upi,2026-01-26,UTR202601260001
STL0000413,pay000000019d,ORD0000413,payment,9004.08,180.08,32.41,8791.59,netbanking,2026-01-23,UTR202601230001
STL0000414,pay000000019e,ORD0000414,payment,4996.27,99.93,17.99,4878.35,upi,2026-01-03,UTR202601030001
STL0000415,pay000000019f,ORD0000415,payment,4554.87,91.10,16.40,4447.37,wallet,2026-01-22,UTR202601220001
STL0000416,pay00000001a0,ORD0000416,payment,2414.27,48.29,8.69,2357.29,upi,2026-01-08,UTR202601080001
STL0000417,pay00000001a1,ORD0000417,payment,2944.92,58.90,10.60,2875.42,upi,2026-01-20,UTR202601200001
STL0000418,pay00000001a2,ORD0000418,payment,6160.51,123.21,22.18,6015.12,card_credit,2026-01-06,UTR202601060001
STL0000419,pay00000001a3,ORD0000419,payment,2526.53,50.53,9.10,2466.90,card_credit,2026-01-22,UTR202601220001
STL0000420,pay00000001a4,ORD0000420,payment,7761.79,155.24,27.94,7578.61,card_credit,2026-01-08,UTR202601080001
STL0000421,pay00000001a5,ORD0000421,payment,8799.14,175.98,31.68,8591.48,wallet,2026-01-06,UTR202601060001
STL0000422,pay00000001a6,ORD0000422,payment,8116.31,162.33,29.22,7924.76,netbanking,2026-01-13,UTR202601130001
STL0000423,pay00000001a7,ORD0000423,payment,3735.95,74.72,13.45,3647.78,wallet,2026-01-19,UTR202601190001
STL0000425,pay00000001a9,ORD0000425,payment,7467.47,149.35,26.88,7291.24,card_credit,2026-01-28,UTR202601280001
STL0000427A,pay00000001ab,ORD0000427,payment,2714.48,54.29,9.77,2650.42,upi,2026-01-16,UTR202601160001
STL0000427B,pay00000001ab,ORD0000427,payment,1809.66,36.19,6.51,1766.96,upi,2026-01-16,UTR202601160001
STL0000428,pay00000001ac,ORD0000428,payment,6264.20,125.28,22.55,6116.37,upi,2026-01-22,UTR202601220001
STL0000429,pay00000001ad,ORD0000429,payment,4071.37,81.43,14.66,3975.28,card_debit,2026-01-28,UTR202601280001
STL0000430,pay00000001ae,ORD0000430,payment,1783.20,35.66,6.42,1741.12,card_credit,2026-01-23,UTR202601230001
STL0000431,pay00000001af,ORD0000431,payment,5175.77,103.52,18.63,5053.62,card_credit,2026-01-07,UTR202601070001
STL0000432,pay00000001b0,ORD0000432,payment,5082.53,101.65,18.30,4962.58,card_debit,2026-01-28,UTR202601280001
STL0000433,pay00000001b1,ORD0000433,payment,5203.86,104.08,18.73,5081.05,card_debit,2026-01-21,UTR202601210001
STL0000434,pay00000001b2,ORD0000434,payment,9954.13,199.08,35.83,9719.22,netbanking,2026-01-16,UTR202601160001
STL0000435,pay00000001b3,ORD0000435,payment,3460.49,69.21,12.46,3378.82,wallet,2026-01-18,UTR202601180001
STL0000436,pay00000001b4,ORD0000436,payment,3367.41,67.35,12.12,3287.94,card_debit,2026-01-22,UTR202601220001
STL0000437,pay00000001b5,ORD0000437,payment,3351.40,67.03,12.07,3272.30,card_credit,2026-01-11,UTR202601110001
STL0000438,pay00000001b6,ORD0000438,payment,8566.56,171.33,30.84,8364.39,wallet,2026-01-27,UTR202601270001
STL0000439,pay00000001b7,ORD0000439,payment,5726.33,114.53,20.62,5591.18,card_debit,2026-01-08,UTR202601080001
STL0000440,pay00000001b8,ORD0000440,payment,3059.82,61.20,11.02,2987.60,netbanking,2026-01-29,UTR202601290001
STL0000441,pay00000001b9,ORD0000441,payment,3180.43,63.61,11.45,3105.37,netbanking,2026-01-09,UTR202601090001
STL0000442,pay00000001ba,ORD0000442,payment,780.58,15.61,2.81,762.16,wallet,2026-01-17,UTR202601170001
STL0000443,pay00000001bb,ORD0000443,payment,9656.01,193.12,34.76,9428.13,card_credit,2026-01-24,UTR202601240001
STL0000444,pay00000001bc,ORD0000444,payment,8522.55,170.45,30.68,8321.42,card_credit,2026-01-19,UTR202601190001
STL0000446,pay00000001be,ORD0000446,payment,2332.85,46.66,8.40,2277.79,wallet,2026-01-20,UTR202601200001
STL0000447,pay00000001bf,ORD0000447,payment,3927.92,78.56,14.14,3835.22,wallet,2026-01-16,UTR202601160001
STL0000448,pay00000001c0,ORD0000448,payment,1585.67,31.71,5.71,1548.25,card_credit,2026-01-13,UTR202601130001
STL0000449,pay00000001c1,ORD0000449,payment,905.25,18.11,3.26,883.88,card_credit,2026-01-06,UTR202601060001
STL0000450,pay00000001c2,ORD0000450,payment,2174.16,43.48,7.83,2122.85,upi,2026-01-19,UTR202601190001
STL0000451,pay00000001c3,ORD0000451,payment,7311.09,146.22,26.32,7138.55,upi,2026-01-17,UTR202601170001
STL0000452,pay00000001c4,ORD0000452,payment,1211.75,24.24,4.36,1183.15,card_debit,2026-01-02,UTR202601020001
STL0000453,pay00000001c5,ORD0000453,payment,7769.59,155.39,27.97,7586.23,card_debit,2026-01-11,UTR202601110001
STL0000454,pay00000001c6,ORD0000454,payment,4475.80,89.52,16.11,4370.17,card_debit,2026-01-17,UTR202601170001
STL0000455,pay00000001c7,ORD0000455,payment,6897.37,137.95,24.83,6734.59,wallet,2026-01-17,UTR202601170001
STL0000456,pay00000001c8,ORD0000456,payment,4719.13,94.38,16.99,4607.76,card_debit,2026-01-20,UTR202601200001
STL0000457,pay00000001c9,ORD0000457,payment,7893.70,157.87,28.42,7707.41,wallet,2026-01-24,UTR202601240001
STL0000458,pay00000001ca,ORD0000458,payment,3423.19,68.46,12.32,3342.41,netbanking,2026-01-09,UTR202601090001
STL0000459,pay00000001cb,ORD0000459,payment,6706.53,324.60,24.14,6357.79,wallet,2026-01-13,UTR202601130001
STL0000461,pay00000001cd,ORD0000461,payment,1240.86,24.82,4.47,1211.57,card_credit,2026-01-09,UTR202601090001
STL0000462,pay00000001ce,ORD0000462,payment,5361.38,107.23,19.30,5234.85,wallet,2026-01-14,UTR202601140001
STL0000463,pay00000001cf,ORD0000463,payment,1952.76,39.06,7.03,1906.67,netbanking,2026-01-17,UTR202601170001
STL0000464,pay00000001d0,ORD0000464,payment,1966.87,39.34,7.08,1920.45,card_credit,2026-01-12,UTR202601120001
STL0000465,pay00000001d1,ORD0000465,payment,5086.49,101.73,18.31,4966.45,wallet,2026-01-07,UTR202601070001
STL0000466,pay00000001d2,ORD0000466,payment,5195.13,103.90,18.70,5072.53,netbanking,2026-01-17,UTR202601170001
STL0000467,pay00000001d3,ORD0000467,payment,871.86,17.44,3.14,851.28,card_credit,2026-01-20,UTR202601200001
STL0000468,pay00000001d4,ORD0000468,payment,3031.92,60.64,10.92,2960.36,netbanking,2026-01-09,UTR202601090001
STL0000469,pay00000001d5,ORD0000469,payment,1192.10,23.84,4.29,1163.97,card_credit,2026-01-22,UTR202601220001
STL0000470,pay00000001d6,ORD0000470,payment,7940.47,158.81,28.59,7753.07,netbanking,2026-01-03,UTR202601030001
STL0000470X,,,chargeback,-497.40,0.00,0.00,-497.40,netbanking,2026-01-03,UTR202601030001
STL0000471,pay00000001d7,ORD0000471,payment,2600.55,52.01,9.36,2539.18,card_credit,2026-01-12,UTR202601120001
STL0000472,pay00000001d8,ORD0000472,payment,917.08,18.34,3.30,895.44,card_debit,2026-01-16,UTR202601160001
STL0000473,pay00000001d9,ORD0000473,payment,6169.82,123.40,22.21,6024.21,wallet,2026-01-26,UTR202601260001
STL0000474,pay00000001da,ORD0000474,payment,1745.44,34.91,6.28,1704.25,card_debit,2026-01-21,UTR202601210001
STL0000475,pay00000001db,ORD0000475,payment,5982.66,119.65,21.54,5841.47,card_debit,2026-01-15,UTR202601150001
STL0000476,pay00000001dc,ORD0000476,payment,7387.53,147.75,26.60,7213.18,wallet,2026-01-12,UTR202601120001
STL0000477,pay00000001dd,ORD0000477,payment,7127.96,142.56,25.66,6959.74,upi,2026-01-29,UTR202601290001
STL0000478,pay00000001de,ORD0000478,payment,9096.65,181.93,32.75,8881.97,card_debit,2026-01-22,UTR202601220001
STL0000479,pay00000001df,ORD0000479,payment,3382.42,67.65,12.18,3302.59,netbanking,2026-01-30,UTR202601300001
STL0000480,pay00000001e0,ORD0000480,payment,6059.74,121.19,21.81,5916.74,netbanking,2026-01-23,UTR202601230001
STL0000481,pay00000001e1,ORD0000481,payment,6649.06,132.98,23.94,6492.14,card_credit,2026-01-29,UTR202601290001
STL0000482,pay00000001e2,ORD0000482,payment,9204.33,184.09,33.14,8987.10,wallet,2026-01-14,UTR202601140001
STL0000482X,,,chargeback,-485.19,0.00,0.00,-485.19,wallet,2026-01-14,UTR202601140001
STL0000483,pay00000001e3,ORD0000483,payment,981.66,19.63,3.53,958.50,card_credit,2026-01-27,UTR202601270001
STL0000484,pay00000001e4,ORD0000484,payment,8348.28,166.97,30.05,8151.26,card_debit,2026-01-20,UTR202601200001
STL0000485,pay00000001e5,ORD0000485,payment,3390.48,67.81,12.21,3310.46,wallet,2026-01-30,UTR202601300001
STL0000486,pay00000001e6,ORD0000486,payment,8943.29,178.87,32.20,8732.22,upi,2026-02-02,
STL0000487,pay00000001e7,ORD0000487,payment,175.72,3.51,0.63,171.58,upi,2026-01-06,UTR202601060001
STL0000488,pay00000001e8,ORD0000488,payment,4490.80,89.82,16.17,4384.81,card_credit,2026-01-10,UTR202601100001
STL0000489,pay00000001e9,ORD0000489,payment,9785.33,195.71,35.23,9554.39,card_credit,2026-02-03,
STL0000490,pay00000001ea,ORD0000490,payment,1740.65,34.81,6.27,1699.57,card_debit,2026-01-04,UTR202601040001
STL0000491,pay00000001eb,ORD0000491,payment,961.29,19.23,3.46,938.60,netbanking,2026-02-03,
STL0000492,pay00000001ec,ORD0000492,payment,7135.13,142.70,25.69,6966.74,card_credit,2026-01-18,UTR202601180001
STL0000493,pay00000001ed,ORD0000493,payment,9026.32,180.53,32.50,8813.29,card_debit,2026-01-15,UTR202601150001
STL0000494,pay00000001ee,ORD0000494,payment,7667.60,153.35,27.60,7486.65,card_credit,2026-01-28,UTR202601280001
STL0000495A,pay00000001ef,ORD0000495,payment,865.74,17.31,3.12,845.31,card_debit,2026-01-16,UTR202601160001
STL0000495B,pay00000001ef,ORD0000495,payment,577.16,11.54,2.08,563.54,card_debit,2026-01-16,UTR202601160001
STL0000496,pay00000001f0,ORD0000496,payment,6404.66,128.09,23.06,6253.51,card_debit,2026-01-23,UTR202601230001
STL0000497,pay00000001f1,ORD0000497,payment,1592.27,31.85,5.73,1554.69,upi,2026-01-15,UTR202601150001
STL0000498,pay00000001f2,ORD0000498,payment,1473.14,29.46,5.30,1438.38,netbanking,2026-01-28,UTR202601280001
STL0000499,pay00000001f3,ORD0000499,payment,4507.46,90.15,16.23,4401.08,upi,2026-01-13,UTR202601130001
STL0000500,pay00000001f4,ORD0000500,payment,6306.93,126.14,22.71,6158.08,upi,2026-01-23,UTR202601230001
STL0000501,pay00000001f5,ORD0000501,payment,6908.88,138.18,24.87,6745.83,wallet,2026-01-13,UTR202601130001
STL0000502,pay00000001f6,ORD0000502,payment,4112.80,82.26,14.81,4015.73,netbanking,2026-01-11,UTR202601110001
STL0000503,pay00000001f7,ORD0000503,payment,2532.92,50.66,9.12,2473.14,card_credit,2026-01-17,UTR202601170001
STL0000504,pay00000001f8,ORD0000504,payment,1388.94,27.78,5.00,1356.16,card_debit,2026-01-16,UTR202601160001
STL0000505,pay00000001f9,ORD0000505,payment,8082.88,161.66,29.10,7892.12,upi,2026-01-04,UTR202601040001
STL0000506,pay00000001fa,ORD0000506,payment,422.61,8.45,1.52,412.64,wallet,2026-01-04,UTR202601040001
STL0000507,pay00000001fb,ORD0000507,payment,4446.50,88.93,16.01,4341.56,wallet,2026-01-26,UTR202601260001
STL0000508,pay00000001fc,ORD0000508,payment,1605.97,32.12,5.78,1568.07,wallet,2026-01-10,UTR202601100001
STL0000509,pay00000001fd,ORD0000509,payment,8478.12,169.56,30.52,8278.04,upi,2026-01-08,UTR202601080001
STL0000510,pay00000001fe,ORD0000510,payment,4592.37,91.85,16.53,4483.99,upi,2026-01-25,UTR202601250001
STL0000511,pay00000001ff,ORD0000511,payment,1221.20,24.42,4.40,1192.38,card_debit,2026-01-18,UTR202601180001
STL0000511X,,,refund,-464.73,0.00,0.00,-464.73,card_debit,2026-01-18,UTR202601180001
STL0000512,pay0000000200,ORD0000512,payment,124.01,2.48,0.45,121.08,wallet,2026-01-09,UTR202601090001
STL0000513,pay0000000201,ORD0000513,payment,7562.77,151.26,27.23,7384.28,card_credit,2026-01-10,UTR202601100001
STL0000514,pay0000000202,ORD0000514,payment,1242.91,24.86,4.47,1213.58,card_credit,2026-01-27,UTR202601270001
STL0000515,pay0000000203,ORD0000515,payment,2762.22,55.24,9.94,2697.04,wallet,2026-01-25,UTR202601250001
STL0000516,pay0000000204,ORD0000516,payment,5243.79,104.88,18.88,5120.03,card_credit,2026-01-20,UTR202601200001
STL0000517,pay0000000205,ORD0000517,payment,9382.08,187.64,33.78,9160.66,wallet,2026-01-22,UTR202601220001
STL0000517X,,,adjustment,13.05,0.00,0.00,13.05,wallet,2026-01-22,UTR202601220001
STL0000518,pay0000000206,ORD0000518,payment,2569.30,51.39,9.25,2508.66,card_debit,2026-01-04,UTR202601040001
STL0000519,pay0000000207,ORD0000519,payment,8996.38,179.93,32.39,8784.06,card_debit,2026-01-04,UTR202601040001
STL0000520,pay0000000208,ORD0000520,payment,7557.76,151.16,27.21,7379.39,wallet,2026-01-12,UTR202601120001
STL0000521,pay0000000209,ORD0000521,payment,5269.28,105.39,18.97,5144.92,wallet,2026-01-23,UTR202601230001
STL0000522,pay000000020a,ORD0000522,payment,4209.00,84.18,15.15,4109.67,card_credit,2026-01-05,UTR202601050001
STL0000523,pay000000020b,ORD0000523,payment,5804.58,116.09,20.90,5667.59,card_credit,2026-01-16,UTR202601160001
STL0000524,pay000000020c,ORD0000524,payment,3191.72,63.83,11.49,3116.40,wallet,2026-01-26,UTR202601260001
STL0000525,pay000000020d,ORD0000525,payment,8106.43,162.13,29.18,7915.12,card_debit,2026-01-28,UTR202601280001
STL0000526,pay000000020e,ORD0000526,payment,9781.89,195.64,35.22,9551.03,card_credit,2026-01-17,UTR202601170001
STL0000527,pay000000020f,ORD0000527,payment,7276.46,145.53,26.20,7104.73,netbanking,2026-01-04,UTR202601040001
STL0000528,pay0000000210,ORD0000528,payment,7630.40,152.61,27.47,7450.32,card_debit,2026-01-13,UTR202601130001
STL0000529,pay0000000211,ORD0000529,payment,633.04,12.66,2.28,618.10,card_debit,2026-01-06,UTR202601060001
STL0000530,pay0000000212,ORD0000530,payment,5455.07,109.10,19.64,5326.33,upi,2026-01-17,UTR202601170001
STL0000531,pay0000000213,ORD0000531,payment,5304.79,106.10,19.10,5179.59,wallet,2026-02-01,
STL0000532,pay0000000214,ORD0000532,payment,2487.73,49.75,8.96,2429.02,netbanking,2026-01-12,UTR202601120001
STL0000533,pay0000000215,ORD0000533,payment,7715.73,154.31,27.78,7533.64,card_debit,2026-01-13,UTR202601130001
STL0000534,pay0000000216,ORD0000534,payment,8183.23,163.66,29.46,7990.11,card_debit,2026-01-26,UTR202601260001
STL0000535,pay0000000217,ORD0000535,payment,3297.87,65.96,11.87,3220.04,card_debit,2026-01-16,UTR202601160001
STL0000536,pay0000000218,ORD0000536,payment,4863.54,97.27,17.51,4748.76,card_credit,2026-01-10,UTR202601100001
STL0000537,pay0000000219,ORD0000537,payment,7312.29,146.25,26.33,7139.71,card_debit,2026-01-22,UTR202601220001
STL0000538,pay000000021a,ORD0000538,payment,3735.23,74.70,13.45,3647.08,card_credit,2026-01-16,UTR202601160001
STL0000539,pay000000021b,ORD0000539,payment,1828.13,36.56,6.58,1784.99,wallet,2026-01-03,UTR202601030001
STL0000540,pay000000021c,ORD0000540,payment,2624.89,52.50,9.45,2562.94,upi,2026-01-05,UTR202601050001
STL0000540X,,,chargeback,-150.67,0.00,0.00,-150.67,upi,2026-01-05,UTR202601050001
STL0000541,pay000000021d,ORD0000541,payment,1375.64,27.51,4.95,1343.18,upi,2026-01-10,UTR202601100001
STL0000542,pay000000021e,ORD0000542,payment,2718.93,54.38,9.79,2654.76,card_debit,2026-01-28,UTR202601280001
STL0000543,pay000000021f,ORD0000543,payment,4654.71,93.09,16.76,4544.86,upi,2026-01-28,UTR202601280001
STL0000544,pay0000000220,ORD0000544,payment,1766.49,35.33,6.36,1724.80,netbanking,2026-01-22,UTR202601220001
STL0000545,pay0000000221,ORD0000545,payment,4018.20,80.36,14.46,3923.38,card_debit,2026-01-24,UTR202601240001
STL0000546,pay0000000222,ORD0000546,payment,2888.39,57.77,10.40,2820.22,upi,2026-01-10,UTR202601100001
STL0000547,pay0000000223,ORD0000547,payment,6474.47,129.49,23.31,6321.67,wallet,2026-01-10,UTR202601100001
STL0000548,pay0000000224,ORD0000548,payment,924.82,18.50,3.33,902.99,card_debit,2026-01-11,UTR202601110001
STL0000549,pay0000000225,ORD0000549,payment,8364.22,167.28,30.11,8166.83,upi,2026-01-20,UTR202601200001
STL0000550,pay0000000226,ORD0000550,payment,8203.98,164.08,29.53,8010.37,netbanking,2026-01-26,UTR202601260001
STL0000551,pay0000000227,ORD0000551,payment,5936.28,118.73,21.37,5796.18,card_debit,2026-02-01,
STL0000552,pay0000000228,ORD0000552,payment,9397.77,187.96,33.83,9175.98,wallet,2026-01-28,UTR202601280001
STL0000553,pay0000000229,ORD0000553,payment,6128.56,122.57,22.06,5983.93,card_debit,2026-01-09,UTR202601090001
STL0000554,pay000000022a,ORD0000554,payment,8564.37,171.29,30.83,8362.25,wallet,2026-01-27,UTR202601270001
STL0000555,pay000000022b,ORD0000555,payment,8366.24,167.32,30.12,8168.80,card_debit,2026-01-14,UTR202601140001
STL0000556,pay000000022c,ORD0000556,payment,3339.51,66.79,12.02,3260.70,upi,2026-01-29,UTR202601290001
STL0000557,pay000000022d,ORD0000557,payment,3692.65,73.85,13.29,3605.51,netbanking,2026-01-20,UTR202601200001
STL0000558,pay000000022e,ORD0000558,payment,1845.84,36.92,6.65,1802.27,card_debit,2026-01-17,UTR202601170001
STL0000559,pay000000022f,ORD0000559,payment,213.96,4.28,0.77,208.91,wallet,2026-01-19,UTR202601190001
STL0000560,pay0000000230,ORD0000560,payment,1373.28,27.47,4.94,1340.87,upi,2026-02-01,
STL0000561,pay0000000231,ORD0000561,payment,8124.82,162.50,29.25,7933.07,upi,2026-01-06,UTR202601060001
STL0000562,pay0000000232,ORD0000562,payment,9881.78,197.64,35.58,9648.56,card_credit,2026-01-23,UTR202601230001
STL0000563,pay0000000233,ORD0000563,payment,1435.79,28.72,5.17,1401.90,netbanking,2026-01-09,UTR202601090001
STL0000564,pay0000000234,ORD0000564,payment,1831.64,36.63,6.59,1788.42,wallet,2026-01-26,UTR202601260001
STL0000565,pay0000000235,ORD0000565,payment,3972.64,79.45,14.30,3878.89,upi,2026-01-11,UTR202601110001
STL0000566,pay0000000236,ORD0000566,payment,9952.82,199.06,35.83,9717.93,upi,2026-01-22,UTR202601220001
STL0000567,pay0000000237,ORD0000567,payment,3341.74,66.83,12.03,3262.88,upi,2026-01-29,UTR202601290001
STL0000568,pay0000000238,ORD0000568,payment,1479.75,29.60,5.33,1444.82,card_credit,2026-01-13,UTR202601130001
STL0000569,pay0000000239,ORD0000569,payment,9288.25,185.77,33.44,9069.04,card_credit,2026-01-04,UTR202601040001
STL0000570,pay000000023a,ORD0000570,payment,7273.47,145.47,26.18,7101.82,upi,2026-01-04,UTR202601040001
STL0000571,pay000000023b,ORD0000571,payment,4405.38,88.11,15.86,4301.41,card_credit,2026-01-08,UTR202601080001
STL0000572,pay000000023c,ORD0000572,payment,1068.55,21.37,3.85,1043.33,card_debit,2026-01-30,UTR202601300001
STL0000573,pay000000023d,ORD0000573,payment,777.89,15.56,2.80,759.53,card_credit,2026-01-27,UTR202601270001
STL0000574,pay000000023e,ORD0000574,payment,1103.12,22.06,3.97,1077.09,card_debit,2026-01-05,UTR202601050001
STL0000575,pay000000023f,ORD0000575,payment,5741.19,114.82,20.67,5605.70,netbanking,2026-01-06,UTR202601060001
STL0000576,pay0000000240,ORD0000576,payment,4544.31,90.89,16.36,4437.06,card_debit,2026-01-23,UTR202601230001
STL0000577,pay0000000241,ORD0000577,payment,7315.63,146.31,26.34,7142.98,card_credit,2026-01-20,UTR202601200001
STL0000579,pay0000000243,ORD0000579,payment,8644.18,172.88,31.12,8440.18,upi,2026-01-23,UTR202601230001
STL0000580,pay0000000244,ORD0000580,payment,6696.91,133.94,24.11,6538.86,card_credit,2026-01-11,UTR202601110001
STL0000581,pay0000000245,ORD0000581,payment,4943.21,98.86,17.79,4826.56,wallet,2026-01-19,UTR202601190001
STL0000582,pay0000000246,ORD0000582,payment,3895.43,77.91,14.02,3803.50,upi,2026-01-15,UTR202601150001
STL0000583,pay0000000247,ORD0000583,payment,4881.48,97.63,17.57,4766.28,wallet,2026-01-11,UTR202601110001
STL0000583X,,,chargeback,-442.43,0.00,0.00,-442.43,wallet,2026-01-11,UTR202601110001
STL0000584,pay0000000248,ORD0000584,payment,1019.00,20.38,3.67,994.95,netbanking,2026-01-06,UTR202601060001
STL0000585,pay0000000249,ORD0000585,payment,6188.72,123.77,22.28,6042.67,wallet,2026-01-10,UTR202601100001
STL0000586,pay000000024a,ORD0000586,payment,5620.27,112.41,20.23,5487.63,netbanking,2026-01-23,UTR202601230001
STL0000587,pay000000024b,ORD0000587,payment,4144.82,82.90,14.92,4047.00,wallet,2026-01-26,UTR202601260001
STL0000588,pay000000024c,ORD0000588,payment,7109.46,142.19,25.59,6941.68,card_debit,2026-01-22,UTR202601220001
STL0000589,pay000000024d,ORD0000589,payment,1757.84,35.16,6.33,1716.35,netbanking,2026-01-08,UTR202601080001
STL0000589X,,,refund,-137.32,0.00,0.00,-137.32,netbanking,2026-01-08,UTR202601080001
STL0000590,pay000000024e,ORD0000590,payment,8630.20,172.60,31.07,8426.53,card_credit,2026-01-24,UTR202601240001
STL0000591,pay000000024f,ORD0000591,payment,7629.22,152.58,27.46,7449.18,wallet,2026-01-28,UTR202601280001
STL0000592,pay0000000250,ORD0000592,payment,3424.68,68.49,12.33,3343.86,wallet,2026-01-10,UTR202601100001
STL0000593,pay0000000251,ORD0000593,payment,8201.56,164.03,29.53,8008.00,card_debit,2026-01-15,UTR202601150001
STL0000594,pay0000000252,ORD0000594,payment,6114.81,122.30,22.01,5970.50,wallet,2026-01-26,UTR202601260001
STL0000595,pay0000000253,ORD0000595,payment,8244.14,164.88,29.68,8049.58,card_credit,2026-01-12,UTR202601120001
STL0000596,pay0000000254,ORD0000596,payment,5096.72,101.93,18.35,4976.44,card_credit,2026-01-20,UTR202601200001
STL0000597,pay0000000255,ORD0000597,payment,6487.76,129.76,23.36,6334.64,card_credit,2026-01-22,UTR202601220001
STL0000598,pay0000000256,ORD0000598,payment,521.85,10.44,1.88,509.53,card_credit,2026-01-26,UTR202601260001
STL0000598X,,,chargeback,-203.61,0.00,0.00,-203.61,card_credit,2026-01-26,UTR202601260001
STL0000599,pay0000000257,ORD0000599,payment,3265.53,65.31,11.76,3188.46,upi,2026-01-12,UTR202601120001
STL0000600,pay0000000258,ORD0000600,payment,2395.30,47.91,8.62,2338.77,card_credit,2026-01-07,UTR202601070001
STL0000601,pay0000000259,ORD0000601,payment,4375.17,87.50,15.75,4271.92,card_debit,2026-01-22,UTR202601220001
STL0000602,pay000000025a,ORD0000602,payment,4274.49,85.49,15.39,4173.61,card_credit,2026-01-27,UTR202601270001
STL0000603,pay000000025b,ORD0000603,payment,5407.99,108.16,19.47,5280.36,wallet,2026-01-28,UTR202601280001
STL0000604,pay000000025c,ORD0000604,payment,8189.30,163.79,29.48,7996.03,card_debit,2026-01-18,UTR202601180001
STL0000605,pay000000025d,ORD0000605,payment,2621.09,52.42,9.44,2559.23,card_debit,2026-01-04,UTR202601040001
STL0000606,pay000000025e,ORD0000606,payment,8640.08,172.80,31.10,8436.18,upi,2026-01-18,UTR202601180001
STL0000607,pay000000025f,ORD0000607,payment,2541.90,50.84,9.15,2481.91,card_debit,2026-01-14,UTR202601140001
STL0000608,pay0000000260,ORD0000608,payment,4981.35,99.63,17.93,4863.79,card_credit,2026-01-20,UTR202601200001
STL0000609,pay0000000261,ORD0000609,payment,7228.12,144.56,26.02,7057.54,upi,2026-01-05,UTR202601050001
STL0000610,pay0000000262,ORD0000610,payment,6005.56,120.11,21.62,5863.83,card_debit,2026-01-26,UTR202601260001
STL0000611,pay0000000263,ORD0000611,payment,2826.54,56.53,10.18,2759.83,upi,2026-01-22,UTR202601220001
STL0000612,pay0000000264,ORD0000612,payment,1392.41,27.85,5.01,1359.55,card_debit,2026-01-22,UTR202601220001
STL0000613,pay0000000265,ORD0000613,payment,8446.93,168.94,30.41,8247.58,card_credit,2026-01-12,UTR202601120001
STL0000614,pay0000000266,ORD0000614,payment,2293.08,45.86,8.25,2238.97,wallet,2026-01-18,UTR202601180001
STL0000615,pay0000000267,ORD0000615,payment,1077.82,21.56,3.88,1052.38,wallet,2026-01-03,UTR202601030001
STL0000616,,,payment,6391.35,127.83,23.01,6240.51,netbanking,2026-01-11,UTR202601110001
STL0000617,pay0000000269,ORD0000617,payment,6722.12,134.44,24.20,6563.48,card_credit,2026-01-14,UTR202601140001
STL0000618,pay000000026a,ORD0000618,payment,5429.21,108.58,19.54,5301.09,wallet,2026-01-26,UTR202601260001
STL0000619,pay000000026b,ORD0000619,payment,3356.09,67.12,12.08,3276.89,netbanking,2026-01-23,UTR202601230001
STL0000620,pay000000026c,ORD0000620,payment,2725.28,54.51,9.81,2660.96,upi,2026-01-17,UTR202601170001
STL0000621,pay000000026d,ORD0000621,payment,6003.29,120.07,21.61,5861.61,card_debit,2026-01-30,UTR202601300001
STL0000622,pay000000026e,ORD0000622,payment,6698.20,133.96,24.11,6540.13,card_credit,2026-01-29,UTR202601290001
STL0000623,pay000000026f,ORD0000623,payment,8869.86,177.40,31.93,8660.53,netbanking,2026-01-07,UTR202601070001
STL0000624,pay0000000270,ORD0000624,payment,2717.16,54.34,9.78,2653.04,upi,2026-01-26,UTR202601260001
STL0000625,pay0000000271,ORD0000625,payment,2346.76,46.94,8.45,2291.37,card_credit,2026-01-26,UTR202601260001
STL0000626,pay0000000272,ORD0000626,payment,3088.34,61.77,11.12,3015.45,wallet,2026-01-16,UTR202601160001
STL0000627,pay0000000273,ORD0000627,payment,6513.03,130.26,23.45,6359.32,wallet,2026-01-04,UTR202601040001
STL0000627X,,,refund,-352.23,0.00,0.00,-352.23,wallet,2026-01-04,UTR202601040001
STL0000628,pay0000000274,ORD0000628,payment,3133.48,62.67,11.28,3059.53,card_debit,2026-01-15,UTR202601150001
STL0000629,pay0000000275,ORD0000629,payment,3598.15,71.96,12.95,3513.24,card_debit,2026-01-16,UTR202601160001
STL0000630,pay0000000276,ORD0000630,payment,5102.84,102.06,18.37,4982.41,upi,2026-01-14,UTR202601140001
STL0000631,pay0000000277,ORD0000631,payment,5138.58,102.77,18.50,5017.31,netbanking,2026-01-29,UTR202601290001
STL0000632,pay0000000278,ORD0000632,payment,4234.88,84.70,15.25,4134.93,upi,2026-01-15,UTR202601150001
STL0000633,pay0000000279,ORD0000633,payment,7666.51,153.33,27.60,7485.58,wallet,2026-01-14,UTR202601140001
STL0000634,pay000000027a,ORD0000634,payment,7101.21,142.02,25.56,6933.63,card_credit,2026-01-04,UTR202601040001
STL0000635,pay000000027b,ORD0000635,payment,1081.97,21.64,3.90,1056.43,card_debit,2026-01-15,
STL0000636,pay000000027c,ORD0000636,payment,9950.35,199.01,35.82,9715.52,wallet,2026-01-13,UTR202601130001
STL0000637,pay000000027d,ORD0000637,payment,4552.30,91.05,16.39,4444.86,card_credit,2026-01-24,UTR202601240001
STL0000638,pay000000027e,ORD0000638,payment,1733.92,34.68,6.24,1693.00,card_debit,2026-01-27,UTR202601270001
STL0000639,pay000000027f,ORD0000639,payment,1380.79,27.62,4.97,1348.20,card_debit,2026-01-10,UTR202601100001
STL0000640,pay0000000280,ORD0000640,payment,7461.52,149.23,26.86,7285.43,card_credit,2026-01-24,UTR202601240001
STL0000642,pay0000000282,ORD0000642,payment,4663.97,93.28,16.79,4553.90,netbanking,2026-01-15,UTR202601150001
STL0000643,pay0000000283,ORD0000643,payment,2159.77,43.20,7.78,2108.79,upi,2026-01-25,UTR202601250001
STL0000644,pay0000000284,ORD0000644,payment,2835.91,56.72,10.21,2768.98,wallet,2026-01-21,UTR202601210001
STL0000645,pay0000000285,ORD0000645,payment,1239.53,24.79,4.46,1210.28,netbanking,2026-01-11,UTR202601110001
STL0000646,pay0000000286,ORD0000646,payment,2099.52,41.99,7.56,2049.97,card_debit,2026-01-28,UTR202601280001
STL0000647,pay0000000287,ORD0000647,payment,4301.60,86.03,15.49,4200.08,netbanking,2026-01-13,UTR202601130001
STL0000648,pay0000000288,ORD0000648,payment,7221.34,144.43,26.00,7050.91,upi,2026-01-17,UTR202601170001
STL0000649,pay0000000289,ORD0000649,payment,9514.32,190.29,34.25,9289.78,wallet,2026-01-05,UTR202601050001
STL0000649X,,,refund,-172.70,0.00,0.00,-172.70,wallet,2026-01-05,UTR202601050001
STL0000650,pay000000028a,ORD0000650,payment,6761.36,135.23,24.34,6601.79,netbanking,2026-01-10,UTR202601100001
STL0000650X,,,chargeback,-30.85,0.00,0.00,-30.85,netbanking,2026-01-10,UTR202601100001
STL0000651,pay000000028b,ORD0000651,payment,8941.47,178.83,32.19,8730.45,card_credit,2026-01-13,UTR202601130001
STL0000652,pay000000028c,ORD0000652,payment,1220.31,24.41,4.39,1191.51,card_debit,2026-01-05,UTR202601050001
STL0000653,pay000000028d,ORD0000653,payment,9384.80,187.70,33.79,9163.31,upi,2026-01-18,UTR202601180001
STL0000654,pay000000028e,ORD0000654,payment,3598.70,71.97,12.95,3513.78,netbanking,2026-01-08,UTR202601080001
STL0000655,pay000000028f,ORD0000655,payment,4049.52,80.99,14.58,3953.95,card_debit,2026-01-25,UTR202601250001
STL0000655X,,,refund,-43.43,0.00,0.00,-43.43,card_debit,2026-01-25,UTR202601250001
STL0000656,pay0000000290,ORD0000656,payment,9887.48,197.75,35.60,9654.13,netbanking,2026-01-09,UTR202601090001
STL0000657,pay0000000291,ORD0000657,payment,7118.46,142.37,25.63,6950.46,card_credit,2026-01-17,UTR202601170001
STL0000658,pay0000000292,ORD0000658,payment,9049.76,181.00,32.58,8836.18,upi,2026-01-24,UTR202601240001
STL0000659,pay0000000293,ORD0000659,payment,4625.94,92.52,16.65,4516.77,card_credit,2026-01-05,UTR202601050001
STL0000659X,,,adjustment,348.94,0.00,0.00,348.94,card_credit,2026-01-05,UTR202601050001
STL0000660,pay0000000294,ORD0000660,payment,8053.12,161.06,28.99,7863.07,wallet,2026-01-26,UTR202601260001
STL0000661,pay0000000295,ORD0000661,payment,7351.11,147.02,26.46,7177.63,card_debit,2026-01-23,UTR202601230001
STL0000662,pay0000000296,ORD0000662,payment,6964.51,139.29,25.07,6800.15,wallet,2026-02-01,
STL0000663,pay0000000297,ORD0000663,payment,5306.26,106.13,19.10,5181.03,upi,2026-01-17,UTR202601170001
STL0000664,pay0000000298,ORD0000664,payment,3367.08,67.34,12.12,3287.62,wallet,2026-01-09,UTR202601090001
STL0000665,pay0000000299,ORD0000665,payment,6750.67,135.01,24.30,6591.36,upi,2026-01-14,UTR202601140001
STL0000666,pay000000029a,ORD0000666,payment,8406.83,168.14,30.27,8208.42,netbanking,2026-01-21,UTR202601210001
STL0000667A,pay000000029b,ORD0000667,payment,3132.20,62.64,11.28,3058.28,netbanking,2026-01-26,UTR202601260001
STL0000667B,pay000000029b,ORD0000667,payment,2088.13,41.76,7.52,2038.85,netbanking,2026-01-26,UTR202601260001
STL0000668,pay000000029c,ORD0000668,payment,8665.28,173.31,31.20,8460.77,wallet,2026-01-06,UTR202601060001
STL0000669,pay000000029d,ORD0000669,payment,7045.91,140.92,25.37,6879.62,card_debit,2026-01-16,UTR202601160001
STL0000670,pay000000029e,ORD0000670,payment,3485.98,69.72,12.55,3403.71,card_credit,2026-01-21,UTR202601210001
STL0000671,pay000000029f,ORD0000671,payment,1200.62,24.01,4.32,1172.29,card_credit,2026-01-06,UTR202601060001
STL0000673,pay00000002a1,ORD0000673,payment,1477.71,29.55,5.32,1442.84,wallet,2026-01-29,UTR202601290001
STL0000674,pay00000002a2,ORD0000674,payment,1271.11,72.96,4.58,1193.57,card_credit,2026-01-14,UTR202601140001
STL0000675,pay00000002a3,ORD0000675,payment,8786.46,175.73,31.63,8579.10,netbanking,2026-01-24,UTR202601240001
STL0000676,pay00000002a4,ORD0000676,payment,5291.89,105.84,19.05,5167.00,upi,2026-01-08,UTR202601080001
STL0000677,pay00000002a5,ORD0000677,payment,4543.34,90.87,16.36,4436.11,card_debit,2026-01-30,UTR202601300001
STL0000678,pay00000002a6,ORD0000678,payment,1825.85,36.52,6.57,1782.76,wallet,2026-01-26,UTR202601260001
STL0000679,pay00000002a7,ORD0000679,payment,3379.77,67.60,12.17,3300.00,card_debit,2026-01-20,UTR202601200001
STL0000680,pay00000002a8,ORD0000680,payment,3600.13,72.00,12.96,3515.17,card_debit,2026-01-11,UTR202601110001
STL0000681,pay00000002a9,ORD0000681,payment,7345.18,146.90,26.44,7171.84,wallet,2026-01-27,UTR202601270001
STL0000682,pay00000002aa,ORD0000682,payment,7469.54,149.39,26.89,7293.26,wallet,2026-01-25,UTR202601250001
STL0000683,pay00000002ab,ORD0000683,payment,7204.64,144.09,25.94,7034.61,card_debit,2026-01-15,UTR202601150001
STL0000684,pay00000002ac,ORD0000684,payment,7285.38,145.71,26.23,7113.44,card_credit,2026-01-22,UTR202601220001
STL0000685,pay00000002ad,ORD0000685,payment,6116.16,122.32,22.02,5971.82,wallet,2026-01-22,UTR202601220001
STL0000686,pay00000002ae,ORD0000686,payment,8889.59,177.79,32.00,8679.80,upi,2026-01-15,UTR202601150001
STL0000687,pay00000002af,ORD0000687,payment,561.42,11.23,2.02,548.17,card_debit,2026-01-24,UTR202601240001
STL0000688,pay00000002b0,ORD0000688,payment,7170.86,143.42,25.82,7001.62,card_credit,2026-01-10,UTR202601100001
STL0000689,pay00000002b1,ORD0000689,payment,5679.60,113.59,20.45,5545.56,upi,2026-01-04,UTR202601040001
STL0000690,pay00000002b2,ORD0000690,payment,7088.40,141.77,25.52,6921.11,wallet,2026-01-27,UTR202601270001
STL0000691,pay00000002b3,ORD0000691,payment,5362.40,107.25,19.31,5235.84,upi,2026-01-29,UTR202601290001
STL0000692,pay00000002b4,ORD0000692,payment,4068.80,81.38,14.65,3972.77,upi,2026-01-15,UTR202601150001
STL0000693,pay00000002b5,ORD0000693,payment,2134.52,42.69,7.68,2084.15,card_credit,2026-01-21,UTR202601210001
STL0000694,pay00000002b6,ORD0000694,payment,5736.67,114.73,20.65,5601.29,card_debit,2026-01-27,UTR202601270001
STL0000695,pay00000002b7,ORD0000695,payment,1865.44,37.31,6.72,1821.41,wallet,2026-01-23,
STL0000696,pay00000002b8,ORD0000696,payment,2931.70,58.63,10.55,2862.52,wallet,2026-01-19,UTR202601190001
STL0000697,pay00000002b9,ORD0000697,payment,64.19,1.28,0.23,62.68,upi,2026-01-12,UTR202601120001
STL0000698,pay00000002ba,ORD0000698,payment,3388.02,67.76,12.20,3308.06,wallet,2026-01-23,UTR202601230001
STL0000699,pay00000002bb,ORD0000699,payment,3162.83,63.26,11.39,3088.18,card_credit,2026-01-19,UTR202601190001
STL0000700,pay00000002bc,ORD0000700,payment,1933.00,38.66,6.96,1887.38,card_debit,2026-01-20,UTR202601200001
STL0000701,pay00000002bd,ORD0000701,payment,5636.23,112.72,20.29,5503.22,card_debit,2026-01-14,UTR202601140001
STL0000702,pay00000002be,ORD0000702,payment,3476.48,69.53,12.52,3394.43,wallet,2026-01-15,UTR202601150001
STL0000703,pay00000002bf,ORD0000703,payment,5891.02,117.82,21.21,5751.99,card_credit,2026-01-30,UTR202601300001
STL0000704,pay00000002c0,ORD0000704,payment,9489.33,189.79,34.16,9265.38,card_credit,2026-01-24,UTR202601240001
STL0000705A,pay00000002c1,ORD0000705,payment,5012.30,100.25,18.05,4894.00,card_credit,2026-01-07,UTR202601070001
STL0000705B,pay00000002c1,ORD0000705,payment,3341.53,66.83,12.03,3262.67,card_credit,2026-01-07,UTR202601070001
STL0000706,pay00000002c2,ORD0000706,payment,8084.21,161.68,29.10,7893.43,netbanking,2026-01-15,UTR202601150001
STL0000707,pay00000002c3,ORD0000707,payment,3113.33,62.27,11.21,3039.85,upi,2026-01-24,UTR202601240001
STL0000708,pay00000002c4,ORD0000708,payment,1760.26,35.21,6.34,1718.71,card_debit,2026-01-26,UTR202601260001
STL0000709,pay00000002c5,ORD0000709,payment,8116.59,162.33,29.22,7925.04,card_debit,2026-01-08,UTR202601080001
STL0000710,pay00000002c6,ORD0000710,payment,7373.79,147.48,26.55,7199.76,card_debit,2026-01-25,UTR202601250001
STL0000710X,,,refund,-29.82,0.00,0.00,-29.82,card_debit,2026-01-25,UTR202601250001
STL0000711,pay00000002c7,ORD0000711,payment,922.72,18.45,3.32,900.95,wallet,2026-01-05,UTR202601050001
STL0000711X,,,chargeback,-174.50,0.00,0.00,-174.50,wallet,2026-01-05,UTR202601050001
STL0000712,pay00000002c8,ORD0000712,payment,4279.33,85.59,15.41,4178.33,netbanking,2026-01-15,UTR202601150001
STL0000713,pay00000002c9,ORD0000713,payment,4089.22,81.78,14.72,3992.72,wallet,2026-01-23,UTR202601230001
STL0000713X,,,refund,-34.82,0.00,0.00,-34.82,wallet,2026-01-23,UTR202601230001
STL0000714,pay00000002ca,ORD0000714,payment,7354.28,147.09,26.48,7180.71,upi,2026-01-06,UTR202601060001
STL0000715,pay00000002cb,ORD0000715,payment,7196.95,143.94,25.91,7027.10,netbanking,2026-01-12,UTR202601120001
STL0000716,pay00000002cc,ORD0000716,payment,6933.18,138.66,24.96,6769.56,card_debit,2026-01-04,UTR202601040001
STL0000717,pay00000002cd,ORD0000717,payment,4104.85,82.10,14.78,4007.97,card_credit,2026-01-27,UTR202601270001
STL0000718,pay00000002ce,ORD0000718,payment,9590.75,191.82,34.53,9364.40,wallet,2026-01-29,UTR202601290001
STL0000719,pay00000002cf,ORD0000719,payment,443.02,8.86,1.59,432.57,upi,2026-01-04,UTR202601040001
STL0000720,pay00000002d0,ORD0000720,payment,7851.45,157.03,28.27,7666.15,wallet,2026-01-26,UTR202601260001
STL0000721,pay00000002d1,ORD0000721,payment,1934.30,38.69,6.96,1888.65,card_debit,2026-01-09,UTR202601090001
STL0000722,pay00000002d2,ORD0000722,payment,5953.49,119.07,21.43,5812.99,upi,2026-01-05,UTR202601050001
STL0000723,pay00000002d3,ORD0000723,payment,711.34,14.23,2.56,694.55,wallet,2026-01-12,UTR202601120001
STL0000724,pay00000002d4,ORD0000724,payment,3474.22,69.48,12.51,3392.23,card_debit,2026-02-01,
STL0000725,pay00000002d5,ORD0000725,payment,3337.22,66.74,12.01,3258.47,card_credit,2026-01-19,UTR202601190001
STL0000726,pay00000002d6,ORD0000726,payment,1602.97,32.06,5.77,1565.14,netbanking,2026-01-21,UTR202601210001
STL0000727,pay00000002d7,ORD0000727,payment,3289.29,65.79,11.84,3211.66,netbanking,2026-01-11,UTR202601110001
STL0000728,pay00000002d8,ORD0000728,payment,3774.48,75.49,13.59,3685.40,netbanking,2026-01-07,UTR202601070001
STL0000729,pay00000002d9,ORD0000729,payment,8129.02,162.58,29.26,7937.18,card_debit,2026-01-11,UTR202601110001
STL0000730,pay00000002da,ORD0000730,payment,864.55,17.29,3.11,844.15,wallet,2026-01-28,UTR202601280001
STL0000731,pay00000002db,ORD0000731,payment,7696.77,153.94,27.71,7515.12,upi,2026-01-22,UTR202601220001
STL0000732,pay00000002dc,ORD0000732,payment,6628.08,132.56,23.86,6471.66,card_debit,2026-01-04,UTR202601040001
STL0000733,pay00000002dd,ORD0000733,payment,5788.88,115.78,20.84,5652.26,card_credit,2026-01-10,UTR202601100001
STL0000734,pay00000002de,ORD0000734,payment,9352.40,187.05,33.67,9131.68,wallet,2026-01-27,UTR202601270001
STL0000735,pay00000002df,ORD0000735,payment,4165.59,83.31,15.00,4067.28,card_debit,2026-01-15,UTR202601150001
STL0000736,pay00000002e0,ORD0000736,payment,8462.18,169.24,30.46,8262.48,card_debit,2026-01-23,UTR202601230001
STL0000737,pay00000002e1,ORD0000737,payment,1883.47,37.67,6.78,1839.02,netbanking,2026-01-22,UTR202601220001
STL0000738,pay00000002e2,ORD0000738,payment,428.83,8.58,1.54,418.71,card_credit,2026-01-09,UTR202601090001
STL0000739,pay00000002e3,ORD0000739,payment,453.87,9.08,1.63,443.16,netbanking,2026-01-24,UTR202601240001
STL0000740,pay00000002e4,ORD0000740,payment,4772.28,95.45,17.18,4659.65,upi,2026-01-04,UTR202601040001
STL0000741,pay00000002e5,ORD0000741,payment,5471.99,109.44,19.70,5342.85,card_credit,2026-01-24,UTR202601240001
STL0000742,pay00000002e6,ORD0000742,payment,5983.56,119.67,21.54,5842.35,card_credit,2026-01-08,UTR202601080001
STL0000743,pay00000002e7,ORD0000743,payment,9423.58,188.47,33.92,9201.19,netbanking,2026-01-29,UTR202601290001
STL0000744,pay00000002e8,ORD0000744,payment,2342.26,46.85,8.43,2286.98,netbanking,2026-01-19,UTR202601190001
STL0000745,pay00000002e9,ORD0000745,payment,9307.67,186.15,33.51,9088.01,netbanking,2026-01-21,UTR202601210001
STL0000746,pay00000002ea,ORD0000746,payment,813.32,16.27,2.93,794.12,card_debit,2026-01-18,UTR202601180001
STL0000747,pay00000002eb,ORD0000747,payment,6317.64,126.35,22.74,6168.55,netbanking,2026-01-24,UTR202601240001
STL0000748,pay00000002ec,ORD0000748,payment,7557.42,151.15,27.21,7379.06,netbanking,2026-01-06,UTR202601060001
STL0000749,pay00000002ed,ORD0000749,payment,1695.78,33.92,6.11,1655.75,upi,2026-01-22,UTR202601220001
STL0000750,pay00000002ee,ORD0000750,payment,6216.21,124.32,22.38,6069.51,upi,2026-01-09,UTR202601090001
STL0000751,pay00000002ef,ORD0000751,payment,1544.99,30.90,5.56,1508.53,wallet,2026-01-03,UTR202601030001
STL0000752,pay00000002f0,ORD0000752,payment,6289.71,125.79,22.64,6141.28,card_credit,2026-01-22,UTR202601220001
STL0000753,pay00000002f1,ORD0000753,payment,2276.14,45.52,8.19,2222.43,card_debit,2026-01-17,UTR202601170001
STL0000754,pay00000002f2,ORD0000754,payment,4312.20,86.24,15.52,4210.44,card_debit,2026-01-23,UTR202601230001
STL0000755,pay00000002f3,ORD0000755,payment,5361.17,107.22,19.30,5234.65,card_credit,2026-01-12,UTR202601120001
STL0000756,pay00000002f4,ORD0000756,payment,6260.10,125.20,22.54,6112.36,netbanking,2026-01-21,UTR202601210001
STL0000757,pay00000002f5,ORD0000757,payment,178.67,3.57,0.64,174.46,netbanking,2026-01-10,UTR202601100001
STL0000758,pay00000002f6,ORD0000758,payment,6354.24,127.08,22.87,6204.29,wallet,2026-01-07,UTR202601070001
STL0000758X,,,chargeback,-334.86,0.00,0.00,-334.86,wallet,2026-01-07,UTR202601070001
STL0000759,pay00000002f7,ORD0000759,payment,7894.30,157.89,28.42,7707.99,card_debit,2026-01-07,UTR202601070001
STL0000760,pay00000002f8,ORD0000760,payment,5659.82,113.20,20.38,5526.24,netbanking,2026-01-30,UTR202601300001
STL0000761,pay00000002f9,ORD0000761,payment,3888.68,77.77,14.00,3796.91,netbanking,2026-01-03,UTR202601030001
STL0000762,pay00000002fa,ORD0000762,payment,4002.55,80.05,14.41,3908.09,card_credit,2026-01-13,UTR202601130001
STL0000763,pay00000002fb,ORD0000763,payment,2443.07,48.86,8.79,2385.42,netbanking,2026-01-06,UTR202601060001
STL0000764,pay00000002fc,ORD0000764,payment,62.35,1.25,0.23,60.87,upi,2026-01-26,UTR202601260001
STL0000765,pay00000002fd,ORD0000765,payment,3937.47,78.75,14.18,3844.54,netbanking,2026-01-23,UTR202601230001
STL0000766,pay00000002fe,ORD0000766,payment,1627.97,32.56,5.86,1589.55,netbanking,2026-01-17,UTR202601170001
STL0000767,pay00000002ff,ORD0000767,payment,6421.03,128.42,23.12,6269.49,netbanking,2026-01-10,UTR202601100001
STL0000768,pay0000000300,ORD0000768,payment,5851.46,117.03,21.07,5713.36,wallet,2026-01-19,UTR202601190001
STL0000769,pay0000000301,ORD0000769,payment,3220.49,64.41,11.59,3144.49,netbanking,2026-01-22,UTR202601220001
STL0000770,pay0000000302,ORD0000770,payment,8970.31,179.41,32.29,8758.61,netbanking,2026-01-23,UTR202601230001
STL0000771,pay0000000303,ORD0000771,payment,9958.55,199.17,35.85,9723.53,netbanking,2026-01-09,UTR202601090001
STL0000772,pay0000000304,ORD0000772,payment,8402.56,168.05,30.25,8204.26,upi,2026-01-20,UTR202601200001
STL0000773,pay0000000305,ORD0000773,payment,8606.08,172.12,30.98,8402.98,netbanking,2026-01-08,UTR202601080001
STL0000774,pay0000000306,ORD0000774,payment,6391.13,127.82,23.01,6240.30,wallet,2026-01-04,UTR202601040001
STL0000775,pay0000000307,ORD0000775,payment,3008.84,60.18,10.83,2937.83,netbanking,2026-01-24,UTR202601240001
STL0000776,pay0000000308,ORD0000776,payment,2120.05,42.40,7.63,2070.02,upi,2026-01-23,UTR202601230001
STL0000777,pay0000000309,ORD0000777,payment,5358.48,107.17,19.29,5232.02,upi,2026-01-18,UTR202601180001
STL0000778,pay000000030a,ORD0000778,payment,6873.37,137.47,24.74,6711.16,netbanking,2026-01-03,UTR202601030001
STL0000779,pay000000030b,ORD0000779,payment,4148.37,82.97,14.93,4050.47,upi,2026-01-14,UTR202601140001
STL0000780,pay000000030c,ORD0000780,payment,5767.89,115.36,20.76,5631.77,card_debit,2026-01-12,UTR202601120001
STL0000781,pay000000030d,ORD0000781,payment,2044.74,40.89,7.36,1996.49,card_credit,2026-01-16,UTR202601160001
STL0000782,pay000000030e,ORD0000782,payment,5313.29,106.27,19.13,5187.89,card_credit,2026-01-06,UTR202601060001
STL0000783,pay000000030f,ORD0000783,payment,8424.45,168.49,30.33,8225.63,wallet,2026-01-20,UTR202601200001
STL0000784,pay0000000310,ORD0000784,payment,4647.76,92.96,16.73,4538.07,card_credit,2026-01-14,UTR202601140001
STL0000785,pay0000000311,ORD0000785,payment,4816.37,96.33,17.34,4702.70,upi,2026-01-25,UTR202601250001
STL0000786,pay0000000312,ORD0000786,payment,2708.43,54.17,9.75,2644.51,card_debit,2026-01-04,UTR202601040001
STL0000787,pay0000000313,ORD0000787,payment,4329.59,86.59,15.59,4227.41,card_credit,2026-01-13,UTR202601130001
STL0000788,pay0000000314,ORD0000788,payment,980.27,19.61,3.53,957.13,card_debit,2026-01-16,UTR202601160001
STL0000789,pay0000000315,ORD0000789,payment,3712.11,74.24,13.36,3624.51,card_debit,2026-01-10,UTR202601100001
STL0000790,pay0000000316,ORD0000790,payment,2098.65,41.97,7.55,2049.13,card_debit,2026-01-10,UTR202601100001
STL0000791,pay0000000317,ORD0000791,payment,8759.98,175.20,31.54,8553.24,upi,2026-01-09,UTR202601090001
STL0000792,pay0000000318,ORD0000792,payment,7091.40,141.83,25.53,6924.04,wallet,2026-01-23,UTR202601230001
STL0000793,pay0000000319,ORD0000793,payment,8897.03,177.94,32.03,8687.06,netbanking,2026-01-18,UTR202601180001
STL0000794,pay000000031a,ORD0000794,payment,9242.82,184.86,33.27,9024.69,wallet,2026-01-20,UTR202601200001
STL0000795,pay000000031b,ORD0000795,payment,2333.81,46.68,8.40,2278.73,netbanking,2026-01-28,UTR202601280001
STL0000796,pay000000031c,ORD0000796,payment,5675.36,113.51,20.43,5541.42,card_debit,2026-01-04,UTR202601040001
STL0000797,pay000000031d,ORD0000797,payment,1267.15,25.34,4.56,1237.25,upi,2026-01-25,UTR202601250001
STL0000798,pay000000031e,ORD0000798,payment,6097.31,121.95,21.95,5953.41,card_credit,2026-01-07,UTR202601070001
STL0000799,pay000000031f,ORD0000799,payment,2761.17,55.22,9.94,2696.01,card_credit,2026-01-11,UTR202601110001
STL0000800,pay0000000320,ORD0000800,payment,5234.98,104.70,18.85,5111.43,card_credit,2026-01-17,UTR202601170001
STL0000801,pay0000000321,ORD0000801,payment,4205.51,84.11,15.14,4106.26,card_debit,2026-01-12,UTR202601120001
STL0000802,pay0000000322,ORD0000802,payment,7198.35,143.97,25.91,7028.47,card_debit,2026-01-10,UTR202601100001
STL0000803,pay0000000323,ORD0000803,payment,8984.04,179.68,32.34,8772.02,card_debit,2026-01-16,UTR202601160001
STL0000804,pay0000000324,ORD0000804,payment,107.15,2.14,0.39,104.62,wallet,2026-01-07,UTR202601070001
STL0000805,pay0000000325,ORD0000805,payment,3315.64,66.31,11.94,3237.39,wallet,2026-01-28,UTR202601280001
STL0000806,pay0000000326,ORD0000806,payment,505.26,10.11,1.82,493.33,upi,2026-01-14,UTR202601140001
STL0000807,pay0000000327,ORD0000807,payment,2671.42,53.43,9.62,2608.37,card_credit,2026-01-19,UTR202601190001
STL0000808,pay0000000328,ORD0000808,payment,3783.08,75.66,13.62,3693.80,netbanking,2026-01-19,UTR202601190001
STL0000809,pay0000000329,ORD0000809,payment,9100.01,182.00,32.76,8885.25,wallet,2026-01-25,UTR202601250001
STL0000810,pay000000032a,ORD0000810,payment,8187.13,163.74,29.47,7993.92,wallet,2026-01-13,UTR202601130001
STL0000811,pay000000032b,ORD0000811,payment,7728.03,154.56,27.82,7545.65,card_credit,2026-01-18,UTR202601180001
STL0000812,pay000000032c,ORD0000812,payment,1523.84,30.48,5.49,1487.87,wallet,2026-01-09,UTR202601090001
STL0000813,pay000000032d,ORD0000813,payment,8906.36,178.13,32.06,8696.17,card_debit,2026-01-05,UTR202601050001
STL0000814,pay000000032e,ORD0000814,payment,6852.33,137.05,24.67,6690.61,netbanking,2026-01-13,UTR202601130001
STL0000815,pay000000032f,ORD0000815,payment,4670.09,93.40,16.81,4559.88,wallet,2026-01-28,UTR202601280001
STL0000816,pay0000000330,ORD0000816,payment,4345.98,86.92,15.65,4243.41,card_debit,2026-01-07,UTR202601070001
STL0000817,pay0000000331,ORD0000817,payment,6946.80,138.94,25.01,6782.85,netbanking,2026-01-10,
STL0000818,pay0000000332,ORD0000818,payment,9218.74,184.37,33.19,9001.18,wallet,2026-01-18,UTR202601180001
STL0000819,pay0000000333,ORD0000819,payment,877.95,17.56,3.16,857.23,upi,2026-01-05,UTR202601050001
STL0000820,pay0000000334,ORD0000820,payment,9289.83,185.80,33.44,9070.59,card_credit,2026-01-14,UTR202601140001
STL0000821,pay0000000335,ORD0000821,payment,1330.52,55.35,4.79,1270.38,upi,2026-01-06,UTR202601060001
STL0000822,pay0000000336,ORD0000822,payment,9067.22,181.34,32.64,8853.24,card_credit,2026-01-19,UTR202601190001
STL0000823,pay0000000337,ORD0000823,payment,1421.78,28.44,5.12,1388.22,netbanking,2026-01-26,UTR202601260001
STL0000824,pay0000000338,ORD0000824,payment,6672.38,133.45,24.02,6514.91,wallet,2026-01-22,UTR202601220001
STL0000825,pay0000000339,ORD0000825,payment,3645.32,72.91,13.12,3559.29,netbanking,2026-01-17,UTR202601170001
STL0000826,pay000000033a,ORD0000826,payment,4327.27,86.55,15.58,4225.14,upi,2026-01-10,UTR202601100001
STL0000827,,,payment,7956.28,159.13,28.64,7768.51,wallet,2026-01-07,UTR202601070001
STL0000828,pay000000033c,ORD0000828,payment,9934.56,198.69,35.76,9700.11,netbanking,2026-01-26,UTR202601260001
STL0000829,pay000000033d,ORD0000829,payment,6265.03,125.30,22.55,6117.18,card_debit,2026-01-10,UTR202601100001
STL0000830,pay000000033e,ORD0000830,payment,5882.83,117.66,21.18,5743.99,netbanking,2026-01-15,UTR202601150001
STL0000831,pay000000033f,ORD0000831,payment,2318.07,46.36,8.34,2263.37,card_debit,2026-01-12,UTR202601120001
STL0000832,pay0000000340,ORD0000832,payment,8393.17,167.86,30.21,8195.10,wallet,2026-01-23,UTR202601230001
STL0000833,pay0000000341,ORD0000833,payment,4334.61,86.69,15.60,4232.32,card_credit,2026-01-08,UTR202601080001
STL0000834,pay0000000342,ORD0000834,payment,4752.60,95.05,17.11,4640.44,upi,2026-01-11,UTR202601110001
STL0000835,pay0000000343,ORD0000835,payment,5614.57,112.29,20.21,5482.07,card_credit,2026-01-03,UTR202601030001
STL0000836,pay0000000344,ORD0000836,payment,4602.13,92.04,16.57,4493.52,card_debit,2026-01-25,UTR202601250001
STL0000837,pay0000000345,ORD0000837,payment,4411.56,88.23,15.88,4307.45,upi,2026-01-12,UTR202601120001
STL0000838,pay0000000346,ORD0000838,payment,8850.22,177.00,31.86,8641.36,netbanking,2026-01-27,UTR202601270001
STL0000839,pay0000000347,ORD0000839,payment,2020.28,40.41,7.27,1972.60,upi,2026-01-29,UTR202601290001
STL0000840,pay0000000348,ORD0000840,payment,8059.59,161.19,29.01,7869.39,card_debit,2026-01-25,UTR202601250001
STL0000841,pay0000000349,ORD0000841,payment,356.38,7.13,1.28,347.97,wallet,2026-01-08,UTR202601080001
STL0000842,pay000000034a,ORD0000842,payment,2190.72,43.81,7.89,2139.02,card_credit,2026-01-18,UTR202601180001
STL0000843,pay000000034b,ORD0000843,payment,7641.11,152.82,27.51,7460.78,netbanking,2026-01-04,UTR202601040001
STL0000844,pay000000034c,ORD0000844,payment,2088.76,41.78,7.52,2039.46,card_debit,2026-01-15,UTR202601150001
STL0000845,pay000000034d,ORD0000845,payment,2479.28,49.59,8.93,2420.76,card_debit,2026-01-22,UTR202601220001
STL0000846,pay000000034e,ORD0000846,payment,6135.99,122.72,22.09,5991.18,upi,2026-01-05,UTR202601050001
STL0000847,pay000000034f,ORD0000847,payment,6098.03,121.96,21.95,5954.12,card_debit,2026-01-29,UTR202601290001
STL0000848,pay0000000350,ORD0000848,payment,943.26,18.87,3.40,920.99,wallet,2026-01-09,UTR202601090001
STL0000849,pay0000000351,ORD0000849,payment,7969.56,159.39,28.69,7781.48,card_debit,2026-01-23,UTR202601230001
STL0000850,pay0000000352,ORD0000850,payment,8304.12,166.08,29.89,8108.15,card_credit,2026-01-05,UTR202601050001
STL0000851,pay0000000353,ORD0000851,payment,8273.67,263.10,29.78,7980.79,card_debit,2026-01-23,UTR202601230001
STL0000852,pay0000000354,ORD0000852,payment,2633.74,52.67,9.48,2571.59,wallet,2026-01-04,UTR202601040001
STL0000853,pay0000000355,ORD0000853,payment,7313.97,146.28,26.33,7141.36,wallet,2026-01-17,UTR202601170001
STL0000854,pay0000000356,ORD0000854,payment,7684.79,153.70,27.67,7503.42,wallet,2026-01-18,UTR202601180001
STL0000855,pay0000000357,ORD0000855,payment,5574.37,111.49,20.07,5442.81,wallet,2026-01-07,UTR202601070001
STL0000856,pay0000000358,ORD0000856,payment,12.54,0.25,0.05,12.24,card_debit,2026-01-28,UTR202601280001
STL0000857,pay0000000359,ORD0000857,payment,6503.38,130.07,23.41,6349.90,upi,2026-01-15,UTR202601150001
STL0000858,pay000000035a,ORD0000858,payment,5656.36,113.13,20.36,5522.87,netbanking,2026-01-30,UTR202601300001
STL0000859A,pay000000035b,ORD0000859,payment,972.71,19.45,3.50,949.76,card_credit,2026-01-22,UTR202601220001
STL0000859B,pay000000035b,ORD0000859,payment,648.47,12.97,2.33,633.17,card_credit,2026-01-22,UTR202601220001
STL0000860,pay000000035c,ORD0000860,payment,704.18,14.08,2.53,687.57,card_debit,2026-01-03,UTR202601030001
STL0000861,pay000000035d,ORD0000861,payment,338.62,6.77,1.22,330.63,wallet,2026-01-21,UTR202601210001
STL0000862,pay000000035e,ORD0000862,payment,6194.75,123.90,22.30,6048.55,wallet,2026-01-10,UTR202601100001
STL0000863,pay000000035f,ORD0000863,payment,142.21,2.84,0.51,138.86,netbanking,2026-01-08,UTR202601080001
STL0000864,pay0000000360,ORD0000864,payment,641.48,12.83,2.31,626.34,upi,2026-01-14,UTR202601140001
STL0000865,pay0000000361,ORD0000865,payment,2792.27,55.85,10.05,2726.37,card_credit,2026-01-18,UTR202601180001
STL0000866,pay0000000362,ORD0000866,payment,5452.19,109.04,19.63,5323.52,wallet,2026-01-05,UTR202601050001
STL0000867,pay0000000363,ORD0000867,payment,2030.00,40.60,7.31,1982.09,card_debit,2026-01-20,UTR202601200001
STL0000868,pay0000000364,ORD0000868,payment,5857.53,117.15,21.09,5719.29,wallet,2026-01-17,UTR202601170001
STL0000869,pay0000000365,ORD0000869,payment,4815.03,96.30,17.33,4701.40,card_debit,2026-01-24,UTR202601240001
STL0000870,pay0000000366,ORD0000870,payment,5771.80,115.44,20.78,5635.58,card_debit,2026-01-16,UTR202601160001
STL0000871,pay0000000367,ORD0000871,payment,6295.57,125.91,22.66,6147.00,wallet,2026-01-17,UTR202601170001
STL0000872,pay0000000368,ORD0000872,payment,3409.24,68.18,12.27,3328.79,netbanking,2026-01-15,UTR202601150001
STL0000873,pay0000000369,ORD0000873,payment,3396.62,67.93,12.23,3316.46,card_debit,2026-01-23,UTR202601230001
STL0000874,pay000000036a,ORD0000874,payment,5774.67,115.49,20.79,5638.39,netbanking,2026-01-26,UTR202601260001
STL0000875,pay000000036b,ORD0000875,payment,7.05,0.14,0.03,6.88,upi,2026-01-27,UTR202601270001
STL0000876,pay000000036c,ORD0000876,payment,9340.72,186.81,33.63,9120.28,card_debit,2026-01-11,UTR202601110001
STL0000877,pay000000036d,ORD0000877,payment,232.55,4.65,0.84,227.06,wallet,2026-01-28,UTR202601280001
STL0000878,pay000000036e,ORD0000878,payment,9714.00,194.28,34.97,9484.75,netbanking,2026-01-20,UTR202601200001
STL0000879,pay000000036f,ORD0000879,payment,1456.31,29.13,5.24,1421.94,card_debit,2026-01-12,UTR202601120001
STL0000880,pay0000000370,ORD0000880,payment,8509.72,170.19,30.63,8308.90,wallet,2026-01-12,UTR202601120001
STL0000881,pay0000000371,ORD0000881,payment,7704.33,154.09,27.74,7522.50,card_debit,2026-01-05,UTR202601050001
STL0000882,pay0000000372,ORD0000882,payment,9431.95,188.64,33.96,9209.35,card_credit,2026-01-26,UTR202601260001
STL0000882X,,,chargeback,-255.05,0.00,0.00,-255.05,card_credit,2026-01-26,UTR202601260001
STL0000883,pay0000000373,ORD0000883,payment,827.89,16.56,2.98,808.35,card_credit,2026-01-27,UTR202601270001
STL0000884,pay0000000374,ORD0000884,payment,4559.01,91.18,16.41,4451.42,wallet,2026-01-15,UTR202601150001
STL0000885A,pay0000000375,ORD0000885,payment,3991.07,79.82,14.37,3896.88,wallet,2026-01-27,UTR202601270001
STL0000885B,pay0000000375,ORD0000885,payment,2660.71,53.21,9.58,2597.92,wallet,2026-01-27,UTR202601270001
STL0000886,pay0000000376,ORD0000886,payment,1573.46,31.47,5.66,1536.33,card_debit,2026-01-12,UTR202601120001
STL0000886X,,,refund,-262.47,0.00,0.00,-262.47,card_debit,2026-01-12,UTR202601120001
STL0000887,pay0000000377,ORD0000887,payment,4677.62,93.55,16.84,4567.23,netbanking,2026-01-26,UTR202601260001
STL0000888,pay0000000378,ORD0000888,payment,4139.77,82.80,14.90,4042.07,netbanking,2026-01-06,UTR202601060001
STL0000889,pay0000000379,ORD0000889,payment,522.06,10.44,1.88,509.74,netbanking,2026-01-19,UTR202601190001
STL0000890,pay000000037a,ORD0000890,payment,8119.14,162.38,29.23,7927.53,netbanking,2026-01-24,UTR202601240001
STL0000891,pay000000037b,ORD0000891,payment,5120.59,102.41,18.43,4999.75,wallet,2026-01-16,UTR202601160001
STL0000892,pay000000037c,ORD0000892,payment,756.24,15.12,2.72,738.40,wallet,2026-01-12,UTR202601120001
STL0000892X,,,refund,-282.57,0.00,0.00,-282.57,wallet,2026-01-12,UTR202601120001
STL0000893,pay000000037d,ORD0000893,payment,3835.10,76.70,13.81,3744.59,wallet,2026-01-14,UTR202601140001
STL0000894,pay000000037e,ORD0000894,payment,8075.69,161.51,29.07,7885.11,netbanking,2026-01-13,UTR202601130001
STL0000895,pay000000037f,ORD0000895,payment,4623.59,92.47,16.64,4514.48,card_credit,2026-01-05,UTR202601050001
STL0000896,pay0000000380,ORD0000896,payment,7643.73,152.87,27.52,7463.34,card_debit,2026-01-04,UTR202601040001
STL0000897,pay0000000381,ORD0000897,payment,9722.46,194.45,35.00,9493.01,upi,2026-01-07,UTR202601070001
STL0000898,pay0000000382,ORD0000898,payment,4945.78,98.92,17.81,4829.05,wallet,2026-01-04,UTR202601040001
STL0000899,pay0000000383,ORD0000899,payment,5734.67,114.69,20.64,5599.34,wallet,2026-01-19,UTR202601190001
STL0000900,pay0000000384,ORD0000900,payment,1487.13,29.74,5.35,1452.04,wallet,2026-01-26,UTR202601260001
STL0000901,pay0000000385,ORD0000901,payment,2983.09,59.66,10.74,2912.69,upi,2026-02-03,
STL0000902,pay0000000386,ORD0000902,payment,8939.73,178.79,32.18,8728.76,upi,2026-01-23,UTR202601230001
STL0000903,pay0000000387,ORD0000903,payment,9268.14,185.36,33.36,9049.42,wallet,2026-01-23,UTR202601230001
STL0000904,pay0000000388,ORD0000904,payment,1049.42,20.99,3.78,1024.65,wallet,2026-01-14,UTR202601140001
STL0000905,pay0000000389,ORD0000905,payment,4807.33,96.15,17.31,4693.87,wallet,2026-01-19,UTR202601190001
STL0000906,pay000000038a,ORD0000906,payment,5142.31,102.85,18.51,5020.95,card_credit,2026-01-15,UTR202601150001
STL0000907,pay000000038b,ORD0000907,payment,3175.12,63.50,11.43,3100.19,card_credit,2026-01-09,UTR202601090001
STL0000908,pay000000038c,ORD0000908,payment,9341.54,186.83,33.63,9121.08,card_debit,2026-01-29,UTR202601290001
STL0000909,pay000000038d,ORD0000909,payment,9412.56,188.25,33.89,9190.42,netbanking,2026-01-16,UTR202601160001
STL0000910,pay000000038e,ORD0000910,payment,7114.29,142.29,25.61,6946.39,wallet,2026-01-21,UTR202601210001
STL0000911,pay000000038f,ORD0000911,payment,3280.57,65.61,11.81,3203.15,card_debit,2026-01-23,UTR202601230001
STL0000912,pay0000000390,ORD0000912,payment,1458.08,29.16,5.25,1423.67,card_credit,2026-01-20,UTR202601200001
STL0000913,pay0000000391,ORD0000913,payment,9427.95,188.56,33.94,9205.45,wallet,2026-01-18,UTR202601180001
STL0000914,pay0000000392,ORD0000914,payment,3334.18,66.68,12.00,3255.50,card_debit,2026-01-05,UTR202601050001
STL0000915,pay0000000393,ORD0000915,payment,8031.16,160.62,28.91,7841.63,netbanking,2026-01-13,UTR202601130001
STL0000916,pay0000000394,ORD0000916,payment,8621.13,172.42,31.04,8417.67,upi,2026-01-22,UTR202601220001
STL0000917,pay0000000395,ORD0000917,payment,279.70,5.59,1.01,273.10,wallet,2026-01-28,UTR202601280001
STL0000918,pay0000000396,ORD0000918,payment,2439.61,48.79,8.78,2382.04,netbanking,2026-01-09,UTR202601090001
STL0000919,pay0000000397,ORD0000919,payment,8877.40,177.55,31.96,8667.89,card_credit,2026-01-23,UTR202601230001
STL0000920,pay0000000398,ORD0000920,payment,4067.81,81.36,14.64,3971.81,card_debit,2026-01-17,UTR202601170001
STL0000921,pay0000000399,ORD0000921,payment,4289.36,85.79,15.44,4188.13,netbanking,2026-01-27,UTR202601270001
STL0000922,pay000000039a,ORD0000922,payment,7044.50,140.89,25.36,6878.25,netbanking,2026-01-08,UTR202601080001
STL0000923,pay000000039b,ORD0000923,payment,5142.42,102.85,18.51,5021.06,card_debit,2026-01-25,UTR202601250001
STL0000924,pay000000039c,ORD0000924,payment,8144.20,162.88,29.32,7952.00,netbanking,2026-01-04,UTR202601040001
STL0000925,pay000000039d,ORD0000925,payment,7790.33,155.81,28.05,7606.47,upi,2026-01-22,UTR202601220001
STL0000926,pay000000039e,ORD0000926,payment,4740.46,94.81,17.07,4628.58,wallet,2026-01-16,UTR202601160001
STL0000927,pay000000039f,ORD0000927,payment,7713.81,154.28,27.77,7531.76,upi,2026-01-05,UTR202601050001
STL0000928,pay00000003a0,ORD0000928,payment,4614.05,92.28,16.61,4505.16,netbanking,2026-01-15,UTR202601150001
STL0000929,pay00000003a1,ORD0000929,payment,3092.21,61.84,11.13,3019.24,card_debit,2026-01-23,UTR202601230001
STL0000930,pay00000003a2,ORD0000930,payment,6779.86,135.60,24.41,6619.85,upi,2026-01-18,UTR202601180001
STL0000931,pay00000003a3,ORD0000931,payment,6143.86,122.88,22.12,5998.86,card_credit,2026-01-25,UTR202601250001
STL0000932,pay00000003a4,ORD0000932,payment,1880.67,37.61,6.77,1836.29,upi,2026-01-17,UTR202601170001
STL0000933,pay00000003a5,ORD0000933,payment,7258.18,145.16,26.13,7086.89,upi,2026-01-24,UTR202601240001
STL0000933X,,,refund,-420.54,0.00,0.00,-420.54,upi,2026-01-24,UTR202601240001
STL0000934,pay00000003a6,ORD0000934,payment,3810.73,76.21,13.72,3720.80,wallet,2026-01-05,UTR202601050001
STL0000935,pay00000003a7,ORD0000935,payment,1681.66,33.63,6.05,1641.98,card_credit,2026-01-14,UTR202601140001
STL0000936,pay00000003a8,ORD0000936,payment,6920.67,138.41,24.91,6757.35,card_debit,2026-01-06,UTR202601060001
STL0000937,pay00000003a9,ORD0000937,payment,543.02,10.86,1.95,530.21,netbanking,2026-01-17,UTR202601170001
STL0000938,pay00000003aa,ORD0000938,payment,1899.73,37.99,6.84,1854.90,wallet,2026-01-05,UTR202601050001
STL0000939,pay00000003ab,ORD0000939,payment,133.00,2.66,0.48,129.86,wallet,2026-01-17,UTR202601170001
STL0000940,pay00000003ac,ORD0000940,payment,6380.17,127.60,22.97,6229.60,netbanking,2026-01-19,UTR202601190001
STL0000941,pay00000003ad,ORD0000941,payment,4638.39,92.77,16.70,4528.92,card_credit,2026-01-06,UTR202601060001
STL0000942,pay00000003ae,ORD0000942,payment,5851.32,189.59,21.07,5640.66,card_debit,2026-01-28,UTR202601280001
STL0000943,,,payment,8958.04,179.16,32.25,8746.63,upi,2026-01-03,UTR202601030001
STL0000944,pay00000003b0,ORD0000944,payment,1696.72,33.93,6.11,1656.68,wallet,2026-01-25,UTR202601250001
STL0000945,pay00000003b1,ORD0000945,payment,5899.85,118.00,21.24,5760.61,card_credit,2026-01-09,UTR202601090001
STL0000946,pay00000003b2,ORD0000946,payment,981.49,19.63,3.53,958.33,netbanking,2026-01-27,UTR202601270001
STL0000947,pay00000003b3,ORD0000947,payment,7957.84,159.16,28.65,7770.03,card_debit,2026-01-16,UTR202601160001
STL0000948,pay00000003b4,ORD0000948,payment,9016.54,180.33,32.46,8803.75,wallet,2026-01-11,UTR202601110001
STL0000949,pay00000003b5,ORD0000949,payment,2197.05,43.94,7.91,2145.20,wallet,2026-01-23,UTR202601230001
STL0000950,pay00000003b6,ORD0000950,payment,5076.57,101.53,18.28,4956.76,card_credit,2026-01-27,UTR202601270001
STL0000951,pay00000003b7,ORD0000951,payment,6035.80,120.72,21.73,5893.35,wallet,2026-01-21,UTR202601210001
STL0000952,pay00000003b8,ORD0000952,payment,5454.51,109.09,19.64,5325.78,wallet,2026-01-25,UTR202601250001
STL0000953,pay00000003b9,ORD0000953,payment,3050.98,61.02,10.98,2978.98,netbanking,2026-01-08,UTR202601080001
STL0000954,pay00000003ba,ORD0000954,payment,1241.54,24.83,4.47,1212.24,netbanking,2026-01-27,UTR202601270001
STL0000955,pay00000003bb,ORD0000955,payment,3505.06,70.10,12.62,3422.34,card_debit,2026-01-15,UTR202601150001
STL0000956,pay00000003bc,ORD0000956,payment,2672.76,53.46,9.62,2609.68,wallet,2026-01-28,UTR202601280001
STL0000957,pay00000003bd,ORD0000957,payment,8047.91,160.96,28.97,7857.98,card_credit,2026-01-03,UTR202601030001
STL0000958,pay00000003be,ORD0000958,payment,5970.57,119.41,21.49,5829.67,card_debit,2026-01-21,UTR202601210001
STL0000959,pay00000003bf,ORD0000959,payment,3548.52,70.97,12.77,3464.78,upi,2026-01-24,UTR202601240001
STL0000960,pay00000003c0,ORD0000960,payment,5053.84,101.08,18.19,4934.57,card_credit,2026-01-08,UTR202601080001
STL0000961,pay00000003c1,ORD0000961,payment,8542.15,170.84,30.75,8340.56,card_credit,2026-01-17,UTR202601170001
STL0000962,pay00000003c2,ORD0000962,payment,7116.41,142.33,25.62,6948.46,card_credit,2026-01-14,UTR202601140001
STL0000963,pay00000003c3,ORD0000963,payment,9316.66,186.33,33.54,9096.79,card_credit,2026-01-27,UTR202601270001
STL0000964,pay00000003c4,ORD0000964,payment,3561.27,71.23,12.82,3477.22,netbanking,2026-01-16,UTR202601160001
STL0000965,pay00000003c5,ORD0000965,payment,1230.20,24.60,4.43,1201.17,upi,2026-01-28,UTR202601280001
STL0000966,pay00000003c6,ORD0000966,payment,915.14,18.30,3.29,893.55,card_credit,2026-01-18,UTR202601180001
STL0000967,pay00000003c7,ORD0000967,payment,3175.03,63.50,11.43,3100.10,card_debit,2026-01-07,UTR202601070001
STL0000968,pay00000003c8,ORD0000968,payment,4658.30,93.17,16.77,4548.36,wallet,2026-01-19,UTR202601190001
STL0000969,pay00000003c9,ORD0000969,payment,3571.37,71.43,12.86,3487.08,card_debit,2026-01-18,UTR202601180001
STL0000970,pay00000003ca,ORD0000970,payment,1035.24,20.70,3.73,1010.81,card_debit,2026-01-28,UTR202601280001
STL0000971,pay00000003cb,ORD0000971,payment,4821.82,96.44,17.36,4708.02,card_credit,2026-01-14,UTR202601140001
STL0000972,pay00000003cc,ORD0000972,payment,7209.26,144.19,25.95,7039.12,upi,2026-01-22,UTR202601220001
STL0000972X,,,chargeback,-493.60,0.00,0.00,-493.60,upi,2026-01-22,UTR202601220001
STL0000973,pay00000003cd,ORD0000973,payment,3281.59,65.63,11.81,3204.15,card_credit,2026-01-02,UTR202601020001
STL0000974,pay00000003ce,ORD0000974,payment,3009.87,60.20,10.84,2938.83,upi,2026-01-11,UTR202601110001
STL0000975,pay00000003cf,ORD0000975,payment,1656.46,33.13,5.96,1617.37,wallet,2026-01-12,UTR202601120001
STL0000976,pay00000003d0,ORD0000976,payment,2171.12,43.42,7.82,2119.88,card_credit,2026-01-20,UTR202601200001
STL0000977,pay00000003d1,ORD0000977,payment,7390.68,147.81,26.61,7216.26,card_debit,2026-02-02,
STL0000978,pay00000003d2,ORD0000978,payment,5673.36,113.47,20.42,5539.47,netbanking,2026-01-16,UTR202601160001
STL0000979,pay00000003d3,ORD0000979,payment,534.06,10.68,1.92,521.46,netbanking,2026-01-05,UTR202601050001
STL0000980,pay00000003d4,ORD0000980,payment,7394.08,147.88,26.62,7219.58,card_credit,2026-01-22,UTR202601220001
STL0000981,pay00000003d5,ORD0000981,payment,2082.72,41.65,7.50,2033.57,wallet,2026-01-25,UTR202601250001
STL0000982,pay00000003d6,ORD0000982,payment,8528.36,170.57,30.70,8327.09,card_credit,2026-01-28,UTR202601280001
STL0000983,pay00000003d7,ORD0000983,payment,7452.15,149.04,26.83,7276.28,card_debit,2026-01-26,UTR202601260001
STL0000984,pay00000003d8,ORD0000984,payment,9397.10,187.94,33.83,9175.33,netbanking,2026-01-22,UTR202601220001
STL0000985,pay00000003d9,ORD0000985,payment,9623.21,192.46,34.64,9396.11,netbanking,2026-01-24,UTR202601240001
STL0000986,pay00000003da,ORD0000986,payment,690.40,13.81,2.49,674.10,netbanking,2026-01-18,UTR202601180001
STL0000987,pay00000003db,ORD0000987,payment,2964.68,59.29,10.67,2894.72,card_debit,2026-01-28,UTR202601280001
STL0000988,pay00000003dc,ORD0000988,payment,4258.92,85.18,15.33,4158.41,upi,2026-01-30,UTR202601300001
STL0000989,pay00000003dd,ORD0000989,payment,5591.24,111.82,20.13,5459.29,card_debit,2026-01-17,UTR202601170001
STL0000990,pay00000003de,ORD0000990,payment,5750.66,115.01,20.70,5614.95,card_credit,2026-01-07,UTR202601070001
STL0000991,pay00000003df,ORD0000991,payment,7282.74,145.65,26.22,7110.87,wallet,2026-01-21,UTR202601210001
STL0000992,pay00000003e0,ORD0000992,payment,5714.77,114.30,20.57,5579.90,upi,2026-01-26,UTR202601260001
STL0000993,pay00000003e1,ORD0000993,payment,7469.90,149.40,26.89,7293.61,wallet,2026-01-22,UTR202601220001
STL0000995,pay00000003e3,ORD0000995,payment,8541.10,170.82,30.75,8339.53,upi,2026-01-22,UTR202601220001
STL0000995X,,,chargeback,-385.61,0.00,0.00,-385.61,upi,2026-01-22,UTR202601220001
STL0000996,pay00000003e4,ORD0000996,payment,9476.32,189.53,34.12,9252.67,card_debit,2026-01-26,UTR202601260001
STL0000997,pay00000003e5,ORD0000997,payment,3061.63,61.23,11.02,2989.38,card_credit,2026-01-14,UTR202601140001
STL0000998,pay00000003e6,ORD0000998,payment,8334.32,166.69,30.00,8137.63,card_credit,2026-01-24,UTR202601240001
STL0000999,pay00000003e7,ORD0000999,payment,6115.33,122.31,22.02,5971.00,card_credit,2026-01-02,UTR202601020001
STL0000999X,,,adjustment,39.81,0.00,0.00,39.81,card_credit,2026-01-02,UTR202601020001
STL0001000,pay00000003e8,ORD0001000,payment,13.84,0.28,0.05,13.51,upi,2026-01-25,UTR202601250001
STL0001001,pay00000003e9,ORD0001001,payment,7368.33,147.37,26.53,7194.43,netbanking,2026-01-21,UTR202601210001
STL0001002,pay00000003ea,ORD0001002,payment,4568.29,91.37,16.45,4460.47,netbanking,2026-01-19,UTR202601190001
STL0001003,pay00000003eb,ORD0001003,payment,5829.01,116.58,20.98,5691.45,card_debit,2026-01-15,UTR202601150001
STL0001004,pay00000003ec,ORD0001004,payment,9156.29,183.13,32.96,8940.20,upi,2026-01-23,UTR202601230001
STL0001005,pay00000003ed,ORD0001005,payment,1514.90,30.30,5.45,1479.15,card_debit,2026-02-02,
STL0001006,pay00000003ee,ORD0001006,payment,9024.35,180.49,32.49,8811.37,netbanking,2026-01-16,UTR202601160001
STL0001007,pay00000003ef,ORD0001007,payment,5793.66,115.87,20.86,5656.93,card_debit,2026-01-29,UTR202601290001
STL0001008,pay00000003f0,ORD0001008,payment,6344.41,126.89,22.84,6194.68,card_debit,2026-01-04,UTR202601040001
STL0001009,pay00000003f1,ORD0001009,payment,2828.29,56.57,10.18,2761.54,wallet,2026-01-15,UTR202601150001
STL0001010,pay00000003f2,ORD0001010,payment,3869.82,77.40,13.93,3778.49,card_debit,2026-01-05,UTR202601050001
STL0001011,pay00000003f3,ORD0001011,payment,5524.78,110.50,19.89,5394.39,upi,2026-01-28,UTR202601280001
STL0001012,pay00000003f4,ORD0001012,payment,6402.05,128.04,23.05,6250.96,upi,2026-01-06,UTR202601060001
STL0001013,pay00000003f5,ORD0001013,payment,5658.89,113.18,20.37,5525.34,card_credit,2026-01-27,UTR202601270001
STL0001014,pay00000003f6,ORD0001014,payment,118.07,2.36,0.42,115.29,wallet,2026-01-18,UTR202601180001
STL0001015,pay00000003f7,ORD0001015,payment,4419.67,88.39,15.91,4315.37,upi,2026-01-13,UTR202601130001
STL0001016,pay00000003f8,ORD0001016,payment,6271.67,125.43,22.58,6123.66,card_credit,2026-01-27,UTR202601270001
STL0001017,pay00000003f9,ORD0001017,payment,1777.92,35.56,6.40,1735.96,wallet,2026-01-21,UTR202601210001
STL0001018,pay00000003fa,ORD0001018,payment,1334.81,26.70,4.81,1303.30,card_credit,2026-01-19,UTR202601190001
STL0001019,pay00000003fb,ORD0001019,payment,2951.20,59.02,10.62,2881.56,upi,2026-01-12,UTR202601120001
STL0001020,pay00000003fc,ORD0001020,payment,9548.42,190.97,34.37,9323.08,card_credit,2026-01-21,UTR202601210001
STL0001021,pay00000003fd,ORD0001021,payment,2744.43,54.89,9.88,2679.66,wallet,2026-01-27,UTR202601270001
STL0001022,pay00000003fe,ORD0001022,payment,3600.02,72.00,12.96,3515.06,netbanking,2026-01-04,UTR202601040001
STL0001023,pay00000003ff,ORD0001023,payment,4335.07,86.70,15.61,4232.76,netbanking,2026-01-28,UTR202601280001
STL0001024,pay0000000400,ORD0001024,payment,1759.09,35.18,6.33,1717.58,card_credit,2026-01-10,UTR202601100001
STL0001025,pay0000000401,ORD0001025,payment,1221.28,24.43,4.40,1192.45,netbanking,2026-01-04,UTR202601040001
STL0001026,pay0000000402,ORD0001026,payment,7828.95,156.58,28.18,7644.19,netbanking,2026-01-28,UTR202601280001
STL0001027,pay0000000403,ORD0001027,payment,1527.00,30.54,5.50,1490.96,netbanking,2026-01-19,UTR202601190001
STL0001028,pay0000000404,ORD0001028,payment,3315.23,66.30,11.93,3237.00,card_credit,2026-01-20,UTR202601200001
STL0001029,pay0000000405,ORD0001029,payment,4532.60,90.65,16.32,4425.63,card_credit,2026-01-22,UTR202601220001
STL0001030,pay0000000406,ORD0001030,payment,2682.47,53.65,9.66,2619.16,card_debit,2026-01-24,UTR202601240001
STL0001031,pay0000000407,ORD0001031,payment,6178.22,123.56,22.24,6032.42,card_debit,2026-01-27,UTR202601270001
STL0001032,pay0000000408,ORD0001032,payment,115.91,2.32,0.42,113.17,upi,2026-01-23,UTR202601230001
STL0001033,pay0000000409,ORD0001033,payment,5512.79,110.26,19.85,5382.68,card_credit,2026-01-05,UTR202601050001
STL0001034,pay000000040a,ORD0001034,payment,361.95,7.24,1.30,353.41,card_debit,2026-01-04,UTR202601040001
STL0001035,pay000000040b,ORD0001035,payment,6695.78,133.92,24.11,6537.75,card_debit,2026-01-07,UTR202601070001
STL0001036,pay000000040c,ORD0001036,payment,8014.62,160.29,28.85,7825.48,card_debit,2026-01-22,UTR202601220001
STL0001037,pay000000040d,ORD0001037,payment,4901.38,98.03,17.65,4785.70,card_credit,2026-01-24,UTR202601240001
STL0001038,pay000000040e,ORD0001038,payment,7263.46,145.27,26.15,7092.04,upi,2026-01-23,UTR202601230001
STL0001039,pay000000040f,ORD0001039,payment,659.17,13.18,2.37,643.62,card_credit,2026-01-14,UTR202601140001
STL0001040,pay0000000410,ORD0001040,payment,2780.21,55.60,10.01,2714.60,card_debit,2026-01-08,UTR202601080001
STL0001041,pay0000000411,ORD0001041,payment,1876.10,37.52,6.75,1831.83,wallet,2026-01-22,UTR202601220001
STL0001042,pay0000000412,ORD0001042,payment,2294.94,45.90,8.26,2240.78,card_credit,2026-01-22,
STL0001043,pay0000000413,ORD0001043,payment,5995.98,119.92,21.59,5854.47,upi,2026-01-26,UTR202601260001
STL0001044,pay0000000414,ORD0001044,payment,1565.85,31.32,5.64,1528.89,netbanking,2026-01-22,UTR202601220001
STL0001045,pay0000000415,ORD0001045,payment,7345.61,146.91,26.44,7172.26,wallet,2026-01-12,UTR202601120001
STL0001046,pay0000000416,ORD0001046,payment,8089.42,161.79,29.12,7898.51,upi,2026-01-18,UTR202601180001
STL0001047,pay0000000417,ORD0001047,payment,39.68,0.79,0.14,38.75,wallet,2026-01-16,UTR202601160001
STL0001048,pay0000000418,ORD0001048,payment,3768.53,75.37,13.57,3679.59,upi,2026-01-12,UTR202601120001
STL0001049,pay0000000419,ORD0001049,payment,8952.94,179.06,32.23,8741.65,card_credit,2026-01-13,UTR202601130001
STL0001050,pay000000041a,ORD0001050,payment,1856.97,37.14,6.69,1813.14,card_debit,2026-01-21,UTR202601210001
STL0001051,pay000000041b,ORD0001051,payment,4095.54,81.91,14.74,3998.89,netbanking,2026-01-05,UTR202601050001
STL0001052,pay000000041c,ORD0001052,payment,1472.40,29.45,5.30,1437.65,wallet,2026-01-05,UTR202601050001
STL0001053,pay000000041d,ORD0001053,payment,4081.52,81.63,14.69,3985.20,netbanking,2026-01-06,UTR202601060001
STL0001054,pay000000041e,ORD0001054,payment,177.15,3.54,0.64,172.97,upi,2026-01-04,UTR202601040001
STL0001055,pay000000041f,ORD0001055,payment,2224.60,44.49,8.01,2172.10,wallet,2026-01-29,UTR202601290001
STL0001056,pay0000000420,ORD0001056,payment,6079.88,121.60,21.89,5936.39,card_debit,2026-01-11,UTR202601110001
STL0001057,pay0000000421,ORD0001057,payment,204.89,4.10,0.74,200.05,card_debit,2026-02-02,
STL0001058,pay0000000422,ORD0001058,payment,8611.07,172.22,31.00,8407.85,card_debit,2026-01-29,UTR202601290001
STL0001059,pay0000000423,ORD0001059,payment,675.64,13.51,2.43,659.70,wallet,2026-01-29,UTR202601290001
STL0001060,pay0000000424,ORD0001060,payment,2317.87,46.36,8.34,2263.17,netbanking,2026-01-05,UTR202601050001
STL0001061,pay0000000425,ORD0001061,payment,7178.18,143.56,25.84,7008.78,upi,2026-01-20,UTR202601200001
STL0001062,pay0000000426,ORD0001062,payment,3523.01,70.46,12.68,3439.87,netbanking,2026-01-04,UTR202601040001
STL0001064,pay0000000428,ORD0001064,payment,8890.28,177.81,32.01,8680.46,upi,2026-01-22,UTR202601220001
STL0001065,pay0000000429,ORD0001065,payment,851.43,17.03,3.07,831.33,wallet,2026-01-02,UTR202601020001
STL0001066,pay000000042a,ORD0001066,payment,4369.40,87.39,15.73,4266.28,card_debit,2026-01-24,UTR202601240001
STL0001067,pay000000042b,ORD0001067,payment,2846.11,56.92,10.25,2778.94,card_debit,2026-01-18,UTR202601180001
STL0001068,pay000000042c,ORD0001068,payment,399.48,7.99,1.44,390.05,wallet,2026-01-22,UTR202601220001
STL0001069,pay000000042d,ORD0001069,payment,6581.58,131.63,23.69,6426.26,upi,2026-01-29,UTR202601290001
STL0001070,pay000000042e,ORD0001070,payment,2017.24,40.34,7.26,1969.64,card_credit,2026-01-07,UTR202601070001
STL0001071,pay000000042f,ORD0001071,payment,5664.40,113.29,20.39,5530.72,card_debit,2026-01-20,UTR202601200001
STL0001072,pay0000000430,ORD0001072,payment,2036.29,40.73,7.33,1988.23,netbanking,2026-01-06,UTR202601060001
STL0001073,pay0000000431,ORD0001073,payment,7031.95,140.64,25.32,6865.99,card_credit,2026-01-04,UTR202601040001
STL0001074,pay0000000432,ORD0001074,payment,2640.92,52.82,9.51,2578.59,upi,2026-01-12,UTR202601120001
STL0001075,pay0000000433,ORD0001075,payment,1849.31,36.99,6.66,1805.66,upi,2026-01-09,UTR202601090001
STL0001076,pay0000000434,ORD0001076,payment,4669.28,93.39,16.81,4559.08,card_credit,2026-01-20,UTR202601200001
STL0001077,pay0000000435,ORD0001077,payment,1159.82,23.20,4.18,1132.44,netbanking,2026-01-12,UTR202601120001
STL0001078,pay0000000436,ORD0001078,payment,3942.74,78.85,14.19,3849.70,netbanking,2026-01-11,UTR202601110001
STL0001079,pay0000000437,ORD0001079,payment,2271.65,45.43,8.18,2218.04,card_credit,2026-01-22,UTR202601220001
STL0001080,pay0000000438,ORD0001080,payment,7552.87,151.06,27.19,7374.62,card_credit,2026-01-08,UTR202601080001
STL0001081,pay0000000439,ORD0001081,payment,7263.35,145.27,26.15,7091.93,upi,2026-01-20,UTR202601200001
STL0001082,pay000000043a,ORD0001082,payment,4813.54,96.27,17.33,4699.94,card_debit,2026-01-16,UTR202601160001
STL0001083,pay000000043b,ORD0001083,payment,6334.58,126.69,22.80,6185.09,card_debit,2026-01-09,UTR202601090001
STL0001083X,,,adjustment,325.61,0.00,0.00,325.61,card_debit,2026-01-09,UTR202601090001
STL0001084,pay000000043c,ORD0001084,payment,9045.81,180.92,32.57,8832.32,card_credit,2026-01-09,UTR202601090001
STL0001085,pay000000043d,ORD0001085,payment,9154.85,183.10,32.96,8938.79,wallet,2026-01-10,UTR202601100001
STL0001086,pay000000043e,ORD0001086,payment,9730.32,194.61,35.03,9500.68,upi,2026-01-22,UTR202601220001
STL0001087,pay000000043f,ORD0001087,payment,468.72,9.37,1.69,457.66,upi,2026-01-05,UTR202601050001
STL0001088,pay0000000440,ORD0001088,payment,4139.74,82.79,14.90,4042.05,card_debit,2026-01-18,UTR202601180001
STL0001088X,,,chargeback,-459.26,0.00,0.00,-459.26,card_debit,2026-01-18,UTR202601180001
STL0001089,pay0000000441,ORD0001089,payment,7678.33,153.57,27.64,7497.12,card_credit,2026-01-16,UTR202601160001
STL0001090,pay0000000442,ORD0001090,payment,956.36,19.13,3.44,933.79,card_debit,2026-01-03,UTR202601030001
STL0001091,pay0000000443,ORD0001091,payment,9000.96,180.02,32.40,8788.54,card_debit,2026-01-21,UTR202601210001
STL0001092,pay0000000444,ORD0001092,payment,4255.51,85.11,15.32,4155.08,upi,2026-01-08,UTR202601080001
STL0001093,pay0000000445,ORD0001093,payment,746.32,14.93,2.69,728.70,card_credit,2026-01-14,UTR202601140001
STL0001094,pay0000000446,ORD0001094,payment,2833.94,56.68,10.20,2767.06,upi,2026-01-26,UTR202601260001
STL0001095,pay0000000447,ORD0001095,payment,3525.01,70.50,12.69,3441.82,card_credit,2026-01-27,UTR202601270001
STL0001096,pay0000000448,ORD0001096,payment,1168.56,23.37,4.21,1140.98,upi,2026-01-16,UTR202601160001
STL0001097,pay0000000449,ORD0001097,payment,1842.81,36.86,6.63,1799.32,card_debit,2026-01-24,UTR202601240001
STL0001098,pay000000044a,ORD0001098,payment,3516.99,70.34,12.66,3433.99,wallet,2026-01-10,UTR202601100001
STL0001099,pay000000044b,ORD0001099,payment,7374.84,147.50,26.55,7200.79,card_credit,2026-01-09,UTR202601090001
STL0001100,pay000000044c,ORD0001100,payment,4439.73,88.79,15.98,4334.96,card_credit,2026-01-11,UTR202601110001
STL0001101,pay000000044d,ORD0001101,payment,5263.08,105.26,18.95,5138.87,wallet,2026-01-20,UTR202601200001
STL0001102,pay000000044e,ORD0001102,payment,5592.39,111.85,20.13,5460.41,upi,2026-01-12,UTR202601120001
STL0001103,pay000000044f,ORD0001103,payment,9274.19,185.48,33.39,9055.32,card_debit,2026-01-17,UTR202601170001
STL0001104,pay0000000450,ORD0001104,payment,811.85,16.24,2.92,792.69,card_debit,2026-01-05,UTR202601050001
STL0001105,pay0000000451,ORD0001105,payment,9179.96,183.60,33.05,8963.31,card_credit,2026-01-08,UTR202601080001
STL0001106,pay0000000452,ORD0001106,payment,7160.51,143.21,25.78,6991.52,netbanking,2026-01-20,UTR202601200001
STL0001107,pay0000000453,ORD0001107,payment,6765.00,135.30,24.35,6605.35,upi,2026-01-02,UTR202601020001
STL0001108,pay0000000454,ORD0001108,payment,2441.13,48.82,8.79,2383.52,netbanking,2026-01-29,UTR202601290001
STL0001109,pay0000000455,ORD0001109,payment,6881.14,137.62,24.77,6718.75,wallet,2026-01-24,UTR202601240001
STL0001110,pay0000000456,ORD0001110,payment,4673.85,93.48,16.83,4563.54,card_credit,2026-01-16,UTR202601160001
STL0001111,pay0000000457,ORD0001111,payment,2731.37,54.63,9.83,2666.91,upi,2026-01-10,UTR202601100001
STL0001112,pay0000000458,ORD0001112,payment,2986.96,59.74,10.75,2916.47,wallet,2026-01-16,UTR202601160001
STL0001113,pay0000000459,ORD0001113,payment,1855.13,37.10,6.68,1811.35,upi,2026-01-28,UTR202601280001
STL0001114,pay000000045a,ORD0001114,payment,2735.56,54.71,9.85,2671.00,upi,2026-01-15,UTR202601150001
STL0001115,pay000000045b,ORD0001115,payment,3610.49,72.21,13.00,3525.28,card_debit,2026-01-08,UTR202601080001
STL0001116,pay000000045c,ORD0001116,payment,1278.91,25.58,4.60,1248.73,card_debit,2026-01-03,UTR202601030001
STL0001117,pay000000045d,ORD0001117,payment,9733.80,194.68,35.04,9504.08,wallet,2026-01-14,UTR202601140001
STL0001118,pay000000045e,ORD0001118,payment,3478.72,69.57,12.52,3396.63,wallet,2026-01-23,UTR202601230001
STL0001119,pay000000045f,ORD0001119,payment,8389.16,167.78,30.20,8191.18,upi,2026-01-22,UTR202601220001
STL0001120,pay0000000460,ORD0001120,payment,9444.01,188.88,34.00,9221.13,upi,2026-01-05,UTR202601050001
STL0001121,pay0000000461,ORD0001121,payment,4216.39,84.33,15.18,4116.88,upi,2026-01-22,UTR202601220001
STL0001122,pay0000000462,ORD0001122,payment,6381.92,127.64,22.98,6231.30,card_debit,2026-01-24,UTR202601240001
STL0001123,pay0000000463,ORD0001123,payment,8048.57,160.97,28.97,7858.63,wallet,2026-01-10,UTR202601100001
STL0001124,pay0000000464,ORD0001124,payment,7104.52,142.09,25.58,6936.85,card_debit,2026-01-24,UTR202601240001
STL0001125,pay0000000465,ORD0001125,payment,6329.71,126.59,22.79,6180.33,card_credit,2026-01-23,UTR202601230001
STL0001126,pay0000000466,ORD0001126,payment,7512.42,150.25,27.05,7335.12,upi,2026-01-16,UTR202601160001
STL0001127,pay0000000467,ORD0001127,payment,3689.22,73.78,13.28,3602.16,upi,2026-01-13,UTR202601130001
STL0001128,pay0000000468,ORD0001128,payment,9314.30,186.29,33.53,9094.48,card_credit,2026-01-17,UTR202601170001
STL0001129,pay0000000469,ORD0001129,payment,7638.64,152.77,27.50,7458.37,wallet,2026-01-17,UTR202601170001
STL0001130,pay000000046a,ORD0001130,payment,4981.67,193.78,17.93,4769.96,netbanking,2026-01-20,UTR202601200001
STL0001131,pay000000046b,ORD0001131,payment,4351.49,87.03,15.67,4248.79,card_debit,2026-01-09,UTR202601090001
STL0001132,pay000000046c,ORD0001132,payment,8732.12,174.64,31.44,8526.04,upi,2026-01-15,UTR202601150001
STL0001133,pay000000046d,ORD0001133,payment,3171.62,63.43,11.42,3096.77,netbanking,2026-01-30,UTR202601300001
STL0001134,pay000000046e,ORD0001134,payment,8301.53,166.03,29.89,8105.61,netbanking,2026-01-03,UTR202601030001
STL0001135,pay000000046f,ORD0001135,payment,6987.60,139.75,25.16,6822.69,card_debit,2026-01-12,UTR202601120001
STL0001135X,,,chargeback,-328.12,0.00,0.00,-328.12,card_debit,2026-01-12,UTR202601120001
STL0001136,pay0000000470,ORD0001136,payment,704.66,14.09,2.54,688.03,wallet,2026-01-22,UTR202601220001
STL0001137,pay0000000471,ORD0001137,payment,2709.39,54.19,9.75,2645.45,card_credit,2026-01-22,UTR202601220001
STL0001138,pay0000000472,ORD0001138,payment,6037.07,120.74,21.73,5894.60,upi,2026-01-04,UTR202601040001
STL0001139,pay0000000473,ORD0001139,payment,4839.39,96.79,17.42,4725.18,upi,2026-01-24,UTR202601240001
STL0001140,pay0000000474,ORD0001140,payment,4403.92,88.08,15.85,4299.99,card_credit,2026-01-23,UTR202601230001
STL0001141,pay0000000475,ORD0001141,payment,9822.99,196.46,35.36,9591.17,card_debit,2026-01-06,UTR202601060001
STL0001142,pay0000000476,ORD0001142,payment,6283.47,125.67,22.62,6135.18,card_credit,2026-01-27,UTR202601270001
STL0001143A,pay0000000477,ORD0001143,payment,4312.44,86.25,15.53,4210.66,card_credit,2026-01-29,UTR202601290001
STL0001143B,pay0000000477,ORD0001143,payment,2874.96,57.50,10.35,2807.11,card_credit,2026-01-29,UTR202601290001
STL0001144,pay0000000478,ORD0001144,payment,8638.08,172.76,31.10,8434.22,card_credit,2026-01-08,UTR202601080001
STL0001145,pay0000000479,ORD0001145,payment,5089.53,101.79,18.32,4969.42,upi,2026-01-15,UTR202601150001
STL0001146,pay000000047a,ORD0001146,payment,5283.35,105.67,19.02,5158.66,wallet,2026-01-11,UTR202601110001
STL0001148,pay000000047c,ORD0001148,payment,187.23,3.74,0.67,182.82,card_credit,2026-01-19,UTR202601190001
STL0001149,pay000000047d,ORD0001149,payment,4639.05,92.78,16.70,4529.57,card_debit,2026-01-22,UTR202601220001
STL0001150,pay000000047e,ORD0001150,payment,306.56,6.13,1.10,299.33,card_debit,2026-01-25,UTR202601250001
STL0001151,pay000000047f,ORD0001151,payment,3228.61,64.57,11.62,3152.42,netbanking,2026-01-06,UTR202601060001
STL0001153,pay0000000481,ORD0001153,payment,8327.20,166.54,29.98,8130.68,netbanking,2026-01-23,UTR202601230001
STL0001154,pay0000000482,ORD0001154,payment,7005.15,140.10,25.22,6839.83,wallet,2026-01-02,UTR202601020001
STL0001155,pay0000000483,ORD0001155,payment,9454.50,189.09,34.04,9231.37,upi,2026-01-09,UTR202601090001
STL0001155X,,,adjustment,186.78,0.00,0.00,186.78,upi,2026-01-09,UTR202601090001
STL0001156,pay0000000484,ORD0001156,payment,9953.80,199.08,35.83,9718.89,wallet,2026-01-20,UTR202601200001
STL0001157,pay0000000485,ORD0001157,payment,6432.31,128.65,23.16,6280.50,upi,2026-01-09,UTR202601090001
STL0001158,pay0000000486,ORD0001158,payment,8008.19,160.16,28.83,7819.20,card_debit,2026-01-04,UTR202601040001
STL0001159,pay0000000487,ORD0001159,payment,1806.17,36.12,6.50,1763.55,card_debit,2026-01-26,UTR202601260001
STL0001160,pay0000000488,ORD0001160,payment,8931.49,178.63,32.15,8720.71,wallet,2026-01-26,UTR202601260001
STL0001161,pay0000000489,ORD0001161,payment,7067.42,141.35,25.44,6900.63,netbanking,2026-01-06,UTR202601060001
STL0001162,pay000000048a,ORD0001162,payment,5397.31,107.95,19.43,5269.93,upi,2026-01-10,UTR202601100001
STL0001163,pay000000048b,ORD0001163,payment,5454.73,109.09,19.64,5326.00,card_credit,2026-01-07,UTR202601070001
STL0001164,pay000000048c,ORD0001164,payment,430.81,8.62,1.55,420.64,netbanking,2026-01-04,UTR202601040001
STL0001165,pay000000048d,ORD0001165,payment,6300.54,126.01,22.68,6151.85,card_debit,2026-01-26,UTR202601260001
STL0001166,pay000000048e,ORD0001166,payment,3052.04,61.04,10.99,2980.01,netbanking,2026-01-15,UTR202601150001
STL0001167,pay000000048f,ORD0001167,payment,3857.90,77.16,13.89,3766.85,upi,2026-01-08,UTR202601080001
STL0001168,pay0000000490,ORD0001168,payment,5485.51,109.71,19.75,5356.05,netbanking,2026-01-23,UTR202601230001
STL0001169,pay0000000491,ORD0001169,payment,6197.44,123.95,22.31,6051.18,card_debit,2026-01-06,UTR202601060001
STL0001170,pay0000000492,ORD0001170,payment,6243.61,124.87,22.48,6096.26,netbanking,2026-01-15,UTR202601150001
STL0001171,pay0000000493,ORD0001171,payment,7486.52,149.73,26.95,7309.84,netbanking,2026-01-28,UTR202601280001
STL0001172,pay0000000494,ORD0001172,payment,6995.61,139.91,25.18,6830.52,card_credit,2026-01-23,UTR202601230001
STL0001173,pay0000000495,ORD0001173,payment,4772.19,95.44,17.18,4659.57,netbanking,2026-01-06,UTR202601060001
STL0001174,pay0000000496,ORD0001174,payment,9886.81,197.74,35.59,9653.48,upi,2026-01-08,UTR202601080001
STL0001175,pay0000000497,ORD0001175,payment,5228.32,104.57,18.82,5104.93,wallet,2026-01-24,UTR202601240001
STL0001176,pay0000000498,ORD0001176,payment,1606.55,32.13,5.78,1568.64,wallet,2026-01-11,UTR202601110001
STL0001177,pay0000000499,ORD0001177,payment,8317.39,166.35,29.94,8121.10,netbanking,2026-01-18,UTR202601180001
STL0001178,pay000000049a,ORD0001178,payment,2748.75,54.98,9.90,2683.87,wallet,2026-01-21,UTR202601210001
STL0001178X,,,chargeback,-287.07,0.00,0.00,-287.07,wallet,2026-01-21,UTR202601210001
STL0001179,pay000000049b,ORD0001179,payment,9233.78,184.68,33.24,9015.86,netbanking,2026-01-06,UTR202601060001
STL0001180,pay000000049c,ORD0001180,payment,382.28,7.65,1.38,373.25,card_credit,2026-01-05,UTR202601050001
STL0001181,pay000000049d,ORD0001181,payment,1726.17,34.52,6.21,1685.44,netbanking,2026-01-18,UTR202601180001
STL0001182,pay000000049e,ORD0001182,payment,1151.95,23.04,4.15,1124.76,wallet,2026-01-22,UTR202601220001
STL0001183,pay000000049f,ORD0001183,payment,4995.28,99.91,17.98,4877.39,netbanking,2026-01-19,UTR202601190001
STL0001184,pay00000004a0,ORD0001184,payment,6202.55,124.05,22.33,6056.17,card_credit,2026-02-01,
STL0001185,pay00000004a1,ORD0001185,payment,8780.89,175.62,31.61,8573.66,wallet,2026-01-15,UTR202601150001
STL0001185X,,,adjustment,228.64,0.00,0.00,228.64,wallet,2026-01-15,UTR202601150001
STL0001186,pay00000004a2,ORD0001186,payment,3995.60,79.91,14.38,3901.31,netbanking,2026-01-06,UTR202601060001
STL0001187,pay00000004a3,ORD0001187,payment,6938.60,138.77,24.98,6774.85,card_credit,2026-01-11,UTR202601110001
STL0001188,pay00000004a4,ORD0001188,payment,9551.12,191.02,34.38,9325.72,upi,2026-01-25,UTR202601250001
STL0001189,pay00000004a5,ORD0001189,payment,211.69,4.23,0.76,206.70,netbanking,2026-01-20,UTR202601200001
STL0001190,pay00000004a6,ORD0001190,payment,9456.96,189.14,34.05,9233.77,netbanking,2026-01-17,UTR202601170001
STL0001191,pay00000004a7,ORD0001191,payment,3323.89,66.48,11.97,3245.44,upi,2026-01-16,UTR202601160001
STL0001192,pay00000004a8,ORD0001192,payment,1054.17,21.08,3.79,1029.30,wallet,2026-01-25,UTR202601250001
STL0001193,pay00000004a9,ORD0001193,payment,7003.06,140.06,25.21,6837.79,card_credit,2026-01-13,UTR202601130001
STL0001194,pay00000004aa,ORD0001194,payment,2120.59,42.41,7.63,2070.55,card_debit,2026-01-19,UTR202601190001
STL0001195,pay00000004ab,ORD0001195,payment,503.40,10.07,1.81,491.52,wallet,2026-01-11,UTR202601110001
STL0001196,pay00000004ac,ORD0001196,payment,969.24,19.38,3.49,946.37,card_credit,2026-01-25,UTR202601250001
STL0001196X,,,chargeback,-316.47,0.00,0.00,-316.47,card_credit,2026-01-25,UTR202601250001
STL0001197,pay00000004ad,ORD0001197,payment,4483.52,89.67,16.14,4377.71,card_credit,2026-01-08,UTR202601080001
STL0001198,pay00000004ae,ORD0001198,payment,3149.77,63.00,11.34,3075.43,netbanking,2026-01-16,UTR202601160001
STL0001199,pay00000004af,ORD0001199,payment,5409.03,108.18,19.47,5281.38,wallet,2026-01-16,UTR202601160001
STL0001200,pay00000004b0,ORD0001200,payment,6053.64,121.07,21.79,5910.78,netbanking,2026-01-19,UTR202601190001
STL0001201,pay00000004b1,ORD0001201,payment,6694.14,133.88,24.10,6536.16,upi,2026-01-21,UTR202601210001
STL0001202,pay00000004b2,ORD0001202,payment,3824.69,76.49,13.77,3734.43,card_credit,2026-01-16,UTR202601160001
STL0001203,pay00000004b3,ORD0001203,payment,4306.89,86.14,15.51,4205.24,netbanking,2026-01-12,UTR202601120001
STL0001204,pay00000004b4,ORD0001204,payment,3014.88,60.30,10.85,2943.73,wallet,2026-01-24,UTR202601240001
STL0001205,pay00000004b5,ORD0001205,payment,2505.67,50.11,9.02,2446.54,card_debit,2026-01-05,UTR202601050001
STL0001206,pay00000004b6,ORD0001206,payment,3261.25,65.23,11.74,3184.28,netbanking,2026-01-17,UTR202601170001
STL0001207,pay00000004b7,ORD0001207,payment,393.01,7.86,1.41,383.74,upi,2026-01-08,UTR202601080001
STL0001208,pay00000004b8,ORD0001208,payment,8430.70,168.61,30.35,8231.74,netbanking,2026-01-10,UTR202601100001
STL0001209,pay00000004b9,ORD0001209,payment,585.14,11.70,2.11,571.33,upi,2026-01-05,UTR202601050001
STL0001210,pay00000004ba,ORD0001210,payment,4272.77,85.46,15.38,4171.93,card_debit,2026-01-15,UTR202601150001
STL0001211,pay00000004bb,ORD0001211,payment,5992.08,119.84,21.57,5850.67,wallet,2026-01-25,UTR202601250001
STL0001212,pay00000004bc,ORD0001212,payment,6091.14,121.82,21.93,5947.39,upi,2026-01-27,UTR202601270001
STL0001213,pay00000004bd,ORD0001213,payment,1287.16,25.74,4.63,1256.79,netbanking,2026-01-28,UTR202601280001
STL0001214,pay00000004be,ORD0001214,payment,7805.97,156.12,28.10,7621.75,upi,2026-01-09,UTR202601090001
STL0001215,pay00000004bf,ORD0001215,payment,2883.83,57.68,10.38,2815.77,upi,2026-01-18,UTR202601180001
STL0001216,pay00000004c0,ORD0001216,payment,3934.06,78.68,14.16,3841.22,netbanking,2026-01-26,UTR202601260001
STL0001217,pay00000004c1,ORD0001217,payment,2588.13,51.76,9.32,2527.05,card_credit,2026-01-11,UTR202601110001
STL0001218,pay00000004c2,ORD0001218,payment,225.97,4.52,0.81,220.64,upi,2026-01-24,UTR202601240001
STL0001219,pay00000004c3,ORD0001219,payment,8276.19,165.52,29.79,8080.88,netbanking,2026-01-25,UTR202601250001
STL0001220,pay00000004c4,ORD0001220,payment,7351.49,147.03,26.47,7177.99,netbanking,2026-01-13,UTR202601130001
STL0001221,pay00000004c5,ORD0001221,payment,9544.83,190.90,34.36,9319.57,card_debit,2026-01-14,UTR202601140001
STL0001222,pay00000004c6,ORD0001222,payment,9016.63,180.33,32.46,8803.84,netbanking,2026-01-08,UTR202601080001
STL0001223,pay00000004c7,ORD0001223,payment,2878.48,57.57,10.36,2810.55,netbanking,2026-01-06,UTR202601060001
STL0001224,pay00000004c8,ORD0001224,payment,3493.84,69.88,12.58,3411.38,card_debit,2026-01-24,UTR202601240001
STL0001225,pay00000004c9,ORD0001225,payment,5314.30,106.29,19.13,5188.88,wallet,2026-01-06,UTR202601060001
STL0001226,pay00000004ca,ORD0001226,payment,4757.79,95.16,17.13,4645.50,card_debit,2026-01-24,UTR202601240001
STL0001227,pay00000004cb,ORD0001227,payment,8299.43,165.99,29.88,8103.56,card_debit,2026-01-23,UTR202601230001
STL0001228,pay00000004cc,ORD0001228,payment,3294.61,65.89,11.86,3216.86,card_debit,2026-01-20,UTR202601200001
STL0001229,pay00000004cd,ORD0001229,payment,8053.94,161.08,28.99,7863.87,netbanking,2026-01-30,UTR202601300001
STL0001230,pay00000004ce,ORD0001230,payment,3354.14,67.08,12.07,3274.99,card_debit,2026-01-18,UTR202601180001
STL0001231,pay00000004cf,ORD0001231,payment,7213.61,325.33,25.97,6862.31,card_debit,2026-01-21,UTR202601210001
STL0001232,pay00000004d0,ORD0001232,payment,9194.61,183.89,33.10,8977.62,wallet,2026-01-14,UTR202601140001
STL0001233,pay00000004d1,ORD0001233,payment,6575.66,131.51,23.67,6420.48,card_credit,2026-01-09,UTR202601090001
STL0001234,pay00000004d2,ORD0001234,payment,1774.53,35.49,6.39,1732.65,wallet,2026-01-04,UTR202601040001
STL0001235,pay00000004d3,ORD0001235,payment,938.87,18.78,3.38,916.71,upi,2026-01-13,UTR202601130001
STL0001236,pay00000004d4,ORD0001236,payment,4567.97,91.36,16.44,4460.17,netbanking,2026-01-28,UTR202601280001
STL0001236X,,,refund,-129.87,0.00,0.00,-129.87,netbanking,2026-01-28,UTR202601280001
STL0001237,pay00000004d5,ORD0001237,payment,9925.07,198.50,35.73,9690.84,netbanking,2026-01-30,UTR202601300001
STL0001238,pay00000004d6,ORD0001238,payment,4527.59,90.55,16.30,4420.74,card_debit,2026-01-09,UTR202601090001
STL0001239,pay00000004d7,ORD0001239,payment,4288.68,85.77,15.44,4187.47,card_credit,2026-01-28,UTR202601280001
STL0001240,pay00000004d8,ORD0001240,payment,4733.83,94.68,17.04,4622.11,netbanking,2026-01-11,UTR202601110001
STL0001241,pay00000004d9,ORD0001241,payment,9142.74,182.85,32.91,8926.98,netbanking,2026-01-12,UTR202601120001
STL0001242,pay00000004da,ORD0001242,payment,7743.84,154.88,27.88,7561.08,wallet,2026-01-21,UTR202601210001
STL0001243,pay00000004db,ORD0001243,payment,9528.44,190.57,34.30,9303.57,wallet,2026-01-14,UTR202601140001
STL0001244,pay00000004dc,ORD0001244,payment,3177.01,63.54,11.44,3102.03,upi,2026-01-16,UTR202601160001
STL0001245,pay00000004dd,ORD0001245,payment,2734.35,54.69,9.84,2669.82,netbanking,2026-01-08,UTR202601080001
STL0001246,pay00000004de,ORD0001246,payment,3332.31,66.65,12.00,3253.66,card_credit,2026-01-24,
STL0001247,pay00000004df,ORD0001247,payment,1345.82,26.92,4.85,1314.05,netbanking,2026-01-18,UTR202601180001
STL0001248,pay00000004e0,ORD0001248,payment,9200.34,184.01,33.12,8983.21,netbanking,2026-01-11,UTR202601110001
STL0001249,pay00000004e1,ORD0001249,payment,3313.70,66.27,11.93,3235.50,wallet,2026-01-25,UTR202601250001
STL0001250,pay00000004e2,ORD0001250,payment,6898.54,137.97,24.83,6735.74,card_debit,2026-01-22,UTR202601220001
STL0001251,pay00000004e3,ORD0001251,payment,4935.90,98.72,17.77,4819.41,netbanking,2026-01-11,UTR202601110001
STL0001251X,,,adjustment,329.34,0.00,0.00,329.34,netbanking,2026-01-11,UTR202601110001
STL0001252,pay00000004e4,ORD0001252,payment,432.73,8.65,1.56,422.52,netbanking,2026-01-18,UTR202601180001
STL0001253,pay00000004e5,ORD0001253,payment,1184.55,23.69,4.26,1156.60,upi,2026-01-26,UTR202601260001
STL0001254,pay00000004e6,ORD0001254,payment,2984.17,59.68,10.74,2913.75,card_credit,2026-01-09,UTR202601090001
STL0001255,pay00000004e7,ORD0001255,payment,6958.50,139.17,25.05,6794.28,wallet,2026-01-20,UTR202601200001
STL0001256,pay00000004e8,ORD0001256,payment,1898.40,37.97,6.83,1853.60,upi,2026-01-16,UTR202601160001
STL0001257,pay00000004e9,ORD0001257,payment,277.23,5.54,1.00,270.69,wallet,2026-01-12,UTR202601120001
STL0001258,pay00000004ea,ORD0001258,payment,1117.22,22.34,4.02,1090.86,upi,2026-01-28,UTR202601280001
STL0001259,pay00000004eb,ORD0001259,payment,7425.84,148.52,26.73,7250.59,card_credit,2026-01-25,UTR202601250001
STL0001260,pay00000004ec,ORD0001260,payment,65.87,1.32,0.24,64.31,netbanking,2026-01-14,UTR202601140001
STL0001261,pay00000004ed,ORD0001261,payment,7675.80,153.52,27.63,7494.65,card_credit,2026-01-25,UTR202601250001
STL0001262,pay00000004ee,ORD0001262,payment,607.98,12.16,2.19,593.63,netbanking,2026-01-27,UTR202601270001
STL0001263,pay00000004ef,ORD0001263,payment,940.20,18.80,3.38,918.02,netbanking,2026-01-03,UTR202601030001
STL0001264,pay00000004f0,ORD0001264,payment,7896.14,157.92,28.43,7709.79,netbanking,2026-01-23,UTR202601230001
STL0001265,pay00000004f1,ORD0001265,payment,7721.35,154.43,27.80,7539.12,wallet,2026-01-29,UTR202601290001
STL0001266,pay00000004f2,ORD0001266,payment,6983.48,139.67,25.14,6818.67,netbanking,2026-01-05,UTR202601050001
STL0001267,pay00000004f3,ORD0001267,payment,4074.41,81.49,14.67,3978.25,netbanking,2026-01-19,UTR202601190001
STL0001268A,pay00000004f4,ORD0001268,payment,2319.74,46.39,8.35,2265.00,netbanking,2026-01-23,UTR202601230001
STL0001268B,pay00000004f4,ORD0001268,payment,1546.49,30.93,5.57,1509.99,netbanking,2026-01-23,UTR202601230001
STL0001269,pay00000004f5,ORD0001269,payment,4865.41,97.31,17.52,4750.58,card_debit,2026-01-25,UTR202601250001
STL0001270,pay00000004f6,ORD0001270,payment,5533.91,110.68,19.92,5403.31,netbanking,2026-01-23,UTR202601230001
STL0001271,pay00000004f7,ORD0001271,payment,9517.76,190.36,34.26,9293.14,card_debit,2026-01-27,UTR202601270001
STL0001272,pay00000004f8,ORD0001272,payment,3155.01,63.10,11.36,3080.55,card_credit,2026-01-29,UTR202601290001
STL0001273,pay00000004f9,ORD0001273,payment,5782.59,115.65,20.82,5646.12,wallet,2026-01-04,UTR202601040001
STL0001274A,pay00000004fa,ORD0001274,payment,597.44,11.95,2.15,583.34,wallet,2026-01-17,UTR202601170001
STL0001274B,pay00000004fa,ORD0001274,payment,398.30,7.97,1.43,388.90,wallet,2026-01-17,UTR202601170001
STL0001275,pay00000004fb,ORD0001275,payment,1199.70,48.22,4.32,1147.16,netbanking,2026-01-25,UTR202601250001
STL0001276,pay00000004fc,ORD0001276,payment,3296.96,65.94,11.87,3219.15,netbanking,2026-01-22,UTR202601220001
STL0001277,pay00000004fd,ORD0001277,payment,2784.50,55.69,10.02,2718.79,upi,2026-01-12,UTR202601120001
STL0001279,pay00000004ff,ORD0001279,payment,1805.77,36.12,6.50,1763.15,netbanking,2026-01-24,UTR202601240001
STL0001280,pay0000000500,ORD0001280,payment,7808.99,156.18,28.11,7624.70,wallet,2026-01-23,UTR202601230001
STL0001281,pay0000000501,ORD0001281,payment,7070.33,141.41,25.45,6903.47,upi,2026-01-25,UTR202601250001
STL0001282,pay0000000502,ORD0001282,payment,150.49,3.01,0.54,146.94,card_debit,2026-01-08,UTR202601080001
STL0001283,pay0000000503,ORD0001283,payment,2198.93,43.98,7.92,2147.03,netbanking,2026-01-17,UTR202601170001
STL0001284,pay0000000504,ORD0001284,payment,9003.76,180.08,32.41,8791.27,netbanking,2026-01-28,UTR202601280001
STL0001285,pay0000000505,ORD0001285,payment,4428.72,88.57,15.94,4324.21,netbanking,2026-01-02,UTR202601020001
STL0001286,pay0000000506,ORD0001286,payment,4948.92,98.98,17.82,4832.12,card_debit,2026-01-02,UTR202601020001
STL0001287,pay0000000507,ORD0001287,payment,8702.42,174.05,31.33,8497.04,upi,2026-01-29,UTR202601290001
STL0001287X,,,adjustment,287.97,0.00,0.00,287.97,upi,2026-01-29,UTR202601290001
STL0001288,pay0000000508,ORD0001288,payment,4363.78,87.28,15.71,4260.79,netbanking,2026-01-18,UTR202601180001
STL0001289,pay0000000509,ORD0001289,payment,6202.49,124.05,22.33,6056.11,upi,2026-01-27,UTR202601270001
STL0001290,pay000000050a,ORD0001290,payment,4430.03,88.60,15.95,4325.48,card_credit,2026-01-20,UTR202601200001
STL0001291,pay000000050b,ORD0001291,payment,4379.00,87.58,15.76,4275.66,card_credit,2026-01-19,UTR202601190001
STL0001292,pay000000050c,ORD0001292,payment,4579.20,91.58,16.48,4471.14,card_debit,2026-01-04,UTR202601040001
STL0001293,pay000000050d,ORD0001293,payment,4598.92,91.98,16.56,4490.38,card_credit,2026-01-11,UTR202601110001
STL0001294,pay000000050e,ORD0001294,payment,8954.11,179.08,32.23,8742.80,netbanking,2026-01-29,UTR202601290001
STL0001295,pay000000050f,ORD0001295,payment,8740.48,174.81,31.47,8534.20,card_debit,2026-01-24,UTR202601240001
STL0001296,pay0000000510,ORD0001296,payment,2966.77,59.34,10.68,2896.75,card_debit,2026-01-25,UTR202601250001
STL0001297,pay0000000511,ORD0001297,payment,1644.07,32.88,5.92,1605.27,netbanking,2026-01-22,UTR202601220001
STL0001298,pay0000000512,ORD0001298,payment,2201.06,44.02,7.92,2149.12,card_credit,2026-01-20,UTR202601200001
STL0001299,pay0000000513,ORD0001299,payment,1668.09,33.36,6.00,1628.73,card_credit,2026-01-07,UTR202601070001
STL0001300,pay0000000514,ORD0001300,payment,6480.61,129.61,23.33,6327.67,netbanking,2026-01-09,UTR202601090001
STL0001301,pay0000000515,ORD0001301,payment,3573.55,71.47,12.86,3489.22,wallet,2026-01-27,UTR202601270001
STL0001302,pay0000000516,ORD0001302,payment,1590.22,31.80,5.72,1552.70,upi,2026-01-26,UTR202601260001
STL0001303,pay0000000517,ORD0001303,payment,9721.44,194.43,35.00,9492.01,upi,2026-01-16,UTR202601160001
STL0001304,pay0000000518,ORD0001304,payment,6397.70,127.95,23.03,6246.72,upi,2026-01-29,UTR202601290001
STL0001305,pay0000000519,ORD0001305,payment,1756.60,35.13,6.32,1715.15,card_credit,2026-01-22,UTR202601220001
STL0001306,pay000000051a,ORD0001306,payment,3068.13,61.36,11.04,2995.73,netbanking,2026-01-26,UTR202601260001
STL0001307,pay000000051b,ORD0001307,payment,1046.17,20.92,3.77,1021.48,upi,2026-01-06,UTR202601060001
STL0001308,pay000000051c,ORD0001308,payment,4609.38,92.19,16.59,4500.60,card_credit,2026-01-16,UTR202601160001
STL0001309,pay000000051d,ORD0001309,payment,1800.81,36.02,6.48,1758.31,netbanking,2026-01-06,UTR202601060001
STL0001310,pay000000051e,ORD0001310,payment,6977.98,139.56,25.12,6813.30,netbanking,2026-01-11,UTR202601110001
STL0001311,pay000000051f,ORD0001311,payment,1451.97,29.04,5.23,1417.70,netbanking,2026-01-28,UTR202601280001
STL0001312,pay0000000520,ORD0001312,payment,5417.28,108.35,19.50,5289.43,card_debit,2026-01-28,UTR202601280001
STL0001313,pay0000000521,ORD0001313,payment,7529.85,150.60,27.11,7352.14,card_credit,2026-01-27,UTR202601270001
STL0001314,pay0000000522,ORD0001314,payment,8103.91,162.08,29.17,7912.66,upi,2026-01-08,UTR202601080001
STL0001315,pay0000000523,ORD0001315,payment,6731.25,134.63,24.23,6572.39,wallet,2026-01-08,UTR202601080001
STL0001316,pay0000000524,ORD0001316,payment,4401.73,88.03,15.85,4297.85,card_credit,2026-01-16,UTR202601160001
STL0001317,pay0000000525,ORD0001317,payment,87.86,1.76,0.32,85.78,wallet,2026-01-30,UTR202601300001
STL0001318,pay0000000526,ORD0001318,payment,7348.12,146.96,26.45,7174.71,wallet,2026-01-14,UTR202601140001
STL0001319,pay0000000527,ORD0001319,payment,6487.16,129.74,23.35,6334.07,netbanking,2026-01-23,UTR202601230001
STL0001320,pay0000000528,ORD0001320,payment,9242.68,184.85,33.27,9024.56,card_credit,2026-01-13,UTR202601130001
STL0001321,pay0000000529,ORD0001321,payment,7543.00,150.86,27.15,7364.99,card_credit,2026-01-27,UTR202601270001
STL0001322,pay000000052a,ORD0001322,payment,5370.26,107.41,19.33,5243.52,card_debit,2026-01-20,UTR202601200001
STL0001322X,,,adjustment,358.85,0.00,0.00,358.85,card_debit,2026-01-20,UTR202601200001
STL0001323,pay000000052b,ORD0001323,payment,6217.85,124.36,22.38,6071.11,netbanking,2026-01-11,UTR202601110001
STL0001324,pay000000052c,ORD0001324,payment,1163.06,23.26,4.19,1135.61,card_credit,2026-01-26,UTR202601260001
STL0001325,pay000000052d,ORD0001325,payment,3721.92,74.44,13.40,3634.08,upi,2026-01-07,UTR202601070001
STL0001326,pay000000052e,ORD0001326,payment,6007.41,120.15,21.63,5865.63,card_debit,2026-01-26,UTR202601260001
STL0001327,pay000000052f,ORD0001327,payment,6103.45,122.07,21.97,5959.41,card_credit,2026-01-21,UTR202601210001
STL0001328,pay0000000530,ORD0001328,payment,8551.72,171.03,30.79,8349.90,wallet,2026-01-25,UTR202601250001
STL0001329,pay0000000531,ORD0001329,payment,1108.38,22.17,3.99,1082.22,card_credit,2026-01-12,UTR202601120001
STL0001330,pay0000000532,ORD0001330,payment,1541.72,30.83,5.55,1505.34,upi,2026-01-25,UTR202601250001
STL0001331,pay0000000533,ORD0001331,payment,1368.81,27.38,4.93,1336.50,card_credit,2026-01-17,UTR202601170001
STL0001332,pay0000000534,ORD0001332,payment,4228.17,84.56,15.22,4128.39,card_credit,2026-01-21,UTR202601210001
STL0001333,pay0000000535,ORD0001333,payment,6678.77,133.58,24.04,6521.15,netbanking,2026-01-16,UTR202601160001
STL0001334,pay0000000536,ORD0001334,payment,1518.57,30.37,5.47,1482.73,netbanking,2026-01-20,UTR202601200001
STL0001335,pay0000000537,ORD0001335,payment,7392.47,147.85,26.61,7218.01,card_debit,2026-01-20,UTR202601200001
STL0001336,pay0000000538,ORD0001336,payment,346.91,6.94,1.25,338.72,upi,2026-01-26,UTR202601260001
STL0001339,pay000000053b,ORD0001339,payment,8223.66,164.47,29.60,8029.59,card_credit,2026-01-21,UTR202601210001
STL0001340,pay000000053c,ORD0001340,payment,8594.14,171.88,30.94,8391.32,wallet,2026-01-25,UTR202601250001
STL0001341,pay000000053d,ORD0001341,payment,9132.08,182.64,32.88,8916.56,card_credit,2026-01-05,UTR202601050001
STL0001342,pay000000053e,ORD0001342,payment,9445.19,188.90,34.00,9222.29,wallet,2026-01-14,UTR202601140001
STL0001343,pay000000053f,ORD0001343,payment,1457.51,29.15,5.25,1423.11,netbanking,2026-01-19,UTR202601190001
STL0001344,pay0000000540,ORD0001344,payment,7637.20,152.74,27.49,7456.97,wallet,2026-01-14,UTR202601140001
STL0001345,pay0000000541,ORD0001345,payment,2446.31,48.93,8.81,2388.57,netbanking,2026-01-14,UTR202601140001
STL0001346,pay0000000542,ORD0001346,payment,6777.92,135.56,24.40,6617.96,wallet,2026-01-04,UTR202601040001
STL0001347,pay0000000543,ORD0001347,payment,8095.76,161.92,29.15,7904.69,upi,2026-01-26,UTR202601260001
STL0001348,pay0000000544,ORD0001348,payment,897.88,17.96,3.23,876.69,card_debit,2026-01-10,UTR202601100001
STL0001349,pay0000000545,ORD0001349,payment,5275.54,105.51,18.99,5151.04,card_debit,2026-01-04,UTR202601040001
STL0001350,pay0000000546,ORD0001350,payment,2888.19,57.76,10.40,2820.03,wallet,2026-01-29,UTR202601290001
STL0001351,pay0000000547,ORD0001351,payment,8466.18,169.32,30.48,8266.38,upi,2026-01-21,UTR202601210001
STL0001352A,pay0000000548,ORD0001352,payment,5878.27,117.57,21.16,5739.54,netbanking,2026-01-02,UTR202601020001
STL0001352B,pay0000000548,ORD0001352,payment,3918.84,78.38,14.11,3826.35,netbanking,2026-01-02,UTR202601020001
STL0001353,pay0000000549,ORD0001353,payment,4010.67,80.21,14.44,3916.02,wallet,2026-01-10,UTR202601100001
STL0001354,pay000000054a,ORD0001354,payment,1515.30,30.31,5.46,1479.53,card_debit,2026-01-07,UTR202601070001
STL0001355,pay000000054b,ORD0001355,payment,4275.60,85.51,15.39,4174.70,card_credit,2026-01-25,UTR202601250001
STL0001356,pay000000054c,ORD0001356,payment,7484.49,149.69,26.94,7307.86,card_credit,2026-01-03,UTR202601030001
STL0001357,pay000000054d,ORD0001357,payment,9368.89,187.38,33.73,9147.78,upi,2026-01-12,UTR202601120001
STL0001358,pay000000054e,ORD0001358,payment,7891.69,157.83,28.41,7705.45,wallet,2026-01-23,UTR202601230001
STL0001359,pay000000054f,ORD0001359,payment,1211.71,24.23,4.36,1183.12,wallet,2026-01-11,UTR202601110001
STL0001360,pay0000000550,ORD0001360,payment,5081.90,101.64,18.30,4961.96,upi,2026-01-02,UTR202601020001
STL0001361,pay0000000551,ORD0001361,payment,6151.46,123.03,22.15,6006.28,card_debit,2026-01-25,UTR202601250001
STL0001362,pay0000000552,ORD0001362,payment,4270.04,85.40,15.37,4169.27,wallet,2026-01-18,UTR202601180001
STL0001363,pay0000000553,ORD0001363,payment,1497.82,29.96,5.39,1462.47,wallet,2026-01-13,UTR202601130001
STL0001364,pay0000000554,ORD0001364,payment,9562.69,191.25,34.43,9337.01,netbanking,2026-01-19,UTR202601190001
STL0001365,pay0000000555,ORD0001365,payment,6513.82,130.28,23.45,6360.09,netbanking,2026-01-11,UTR202601110001
STL0001366,pay0000000556,ORD0001366,payment,2635.76,52.72,9.49,2573.55,card_debit,2026-01-30,UTR202601300001
STL0001367,pay0000000557,ORD0001367,payment,5356.18,107.12,19.28,5229.78,wallet,2026-01-13,UTR202601130001
STL0001368,pay0000000558,ORD0001368,payment,3157.42,63.15,11.37,3082.90,card_debit,2026-01-04,UTR202601040001
STL0001369,pay0000000559,ORD0001369,payment,2935.33,58.71,10.57,2866.05,card_credit,2026-01-17,UTR202601170001
STL0001370,pay000000055a,ORD0001370,payment,9918.32,198.37,35.71,9684.24,netbanking,2026-01-14,UTR202601140001
STL0001371,pay000000055b,ORD0001371,payment,6949.47,138.99,25.02,6785.46,wallet,2026-01-13,UTR202601130001
STL0001372,pay000000055c,ORD0001372,payment,9589.17,191.78,34.52,9362.87,wallet,2026-01-24,UTR202601240001
STL0001373,pay000000055d,ORD0001373,payment,9457.33,189.15,34.05,9234.13,netbanking,2026-01-04,UTR202601040001
STL0001374,pay000000055e,ORD0001374,payment,5647.71,112.95,20.33,5514.43,netbanking,2026-01-04,UTR202601040001
STL0001375,pay000000055f,ORD0001375,payment,3706.41,74.13,13.34,3618.94,card_credit,2026-01-30,UTR202601300001
STL0001376,pay0000000560,ORD0001376,payment,8804.08,176.08,31.69,8596.31,card_credit,2026-01-27,UTR202601270001
STL0001377,pay0000000561,ORD0001377,payment,4666.73,93.33,16.80,4556.60,card_credit,2026-01-02,UTR202601020001
STL0001378,pay0000000562,ORD0001378,payment,7441.47,148.83,26.79,7265.85,card_credit,2026-01-15,UTR202601150001
STL0001379,pay0000000563,ORD0001379,payment,2323.90,46.48,8.37,2269.05,card_credit,2026-01-09,UTR202601090001
STL0001380,pay0000000564,ORD0001380,payment,7429.45,148.59,26.75,7254.11,netbanking,2026-01-24,UTR202601240001
STL0001381,pay0000000565,ORD0001381,payment,1792.58,35.85,6.45,1750.28,wallet,2026-01-21,UTR202601210001
STL0001382,pay0000000566,ORD0001382,payment,6327.62,126.55,22.78,6178.29,card_debit,2026-01-22,UTR202601220001
STL0001383,pay0000000567,ORD0001383,payment,1341.20,26.82,4.83,1309.55,card_credit,2026-01-12,UTR202601120001
STL0001384,pay0000000568,ORD0001384,payment,7114.12,142.28,25.61,6946.23,netbanking,2026-01-04,UTR202601040001
STL0001385,pay0000000569,ORD0001385,payment,7062.96,141.26,25.43,6896.27,netbanking,2026-01-23,UTR202601230001
STL0001386,pay000000056a,ORD0001386,payment,4271.40,85.43,15.38,4170.59,netbanking,2026-01-12,UTR202601120001
STL0001387,,,payment,5428.83,108.58,19.54,5300.71,card_debit,2026-01-28,UTR202601280001
STL0001388,pay000000056c,ORD0001388,payment,5587.72,111.75,20.12,5455.85,card_debit,2026-01-17,UTR202601170001
STL0001389,pay000000056d,ORD0001389,payment,9233.50,184.67,33.24,9015.59,netbanking,2026-01-20,UTR202601200001
STL0001390,pay000000056e,ORD0001390,payment,9620.39,192.41,34.63,9393.35,card_credit,2026-02-01,
STL0001391,pay000000056f,ORD0001391,payment,5037.81,100.76,18.14,4918.91,card_credit,2026-01-17,UTR202601170001
STL0001392,pay0000000570,ORD0001392,payment,2596.59,51.93,9.35,2535.31,upi,2026-01-06,UTR202601060001
STL0001393,pay0000000571,ORD0001393,payment,5454.18,109.08,19.63,5325.47,wallet,2026-01-29,UTR202601290001
STL0001394,pay0000000572,ORD0001394,payment,1008.18,20.16,3.63,984.39,upi,2026-01-22,UTR202601220001
STL0001395,pay0000000573,ORD0001395,payment,9617.44,192.35,34.62,9390.47,upi,2026-01-05,UTR202601050001
STL0001396,pay0000000574,ORD0001396,payment,655.14,13.10,2.36,639.68,wallet,2026-01-28,UTR202601280001
STL0001397,pay0000000575,ORD0001397,payment,694.86,13.90,2.50,678.46,card_credit,2026-01-05,UTR202601050001
STL0001398,pay0000000576,ORD0001398,payment,4216.95,197.78,15.18,4003.99,wallet,2026-01-07,UTR202601070001
STL0001399,pay0000000577,ORD0001399,payment,9231.82,184.64,33.24,9013.94,upi,2026-01-23,UTR202601230001
STL0001400,pay0000000578,ORD0001400,payment,3446.36,68.93,12.41,3365.02,upi,2026-01-20,UTR202601200001
STL0001401,pay0000000579,ORD0001401,payment,713.25,14.27,2.57,696.41,card_debit,2026-01-22,UTR202601220001
STL0001402,pay000000057a,ORD0001402,payment,2692.35,53.85,9.69,2628.81,wallet,2026-01-15,UTR202601150001
STL0001403,pay000000057b,ORD0001403,payment,2554.63,51.09,9.20,2494.34,card_credit,2026-01-06,UTR202601060001
STL0001404,pay000000057c,ORD0001404,payment,5385.51,107.71,19.39,5258.41,wallet,2026-01-24,UTR202601240001
STL0001405,pay000000057d,ORD0001405,payment,1550.69,31.01,5.58,1514.10,card_credit,2026-01-18,UTR202601180001
STL0001406,pay000000057e,ORD0001406,payment,89.74,1.79,0.32,87.63,wallet,2026-01-18,UTR202601180001
STL0001407,pay000000057f,ORD0001407,payment,5871.25,117.43,21.14,5732.68,card_debit,2026-01-03,UTR202601030001
STL0001408,pay0000000580,ORD0001408,payment,2115.37,42.31,7.62,2065.44,netbanking,2026-01-27,UTR202601270001
STL0001409,pay0000000581,ORD0001409,payment,4906.06,98.12,17.66,4790.28,wallet,2026-01-23,UTR202601230001
STL0001410,pay0000000582,ORD0001410,payment,6465.30,129.31,23.28,6312.71,upi,2026-01-11,UTR202601110001
STL0001411,pay0000000583,ORD0001411,payment,8280.27,165.61,29.81,8084.85,card_debit,2026-01-03,UTR202601030001
STL0001412,pay0000000584,ORD0001412,payment,4896.99,97.94,17.63,4781.42,card_credit,2026-01-22,UTR202601220001
STL0001413,pay0000000585,ORD0001413,payment,3946.72,210.75,14.21,3721.76,card_credit,2026-01-08,UTR202601080001
STL0001414,pay0000000586,ORD0001414,payment,1212.84,24.26,4.37,1184.21,wallet,2026-01-06,UTR202601060001
STL0001415,pay0000000587,ORD0001415,payment,3778.92,75.58,13.60,3689.74,card_credit,2026-01-03,UTR202601030001
STL0001416,pay0000000588,ORD0001416,payment,9288.90,185.78,33.44,9069.68,card_debit,2026-01-12,UTR202601120001
STL0001417,pay0000000589,ORD0001417,payment,230.36,4.61,0.83,224.92,upi,2026-01-07,UTR202601070001
STL0001418,pay000000058a,ORD0001418,payment,1444.10,28.88,5.20,1410.02,card_credit,2026-01-14,UTR202601140001
STL0001419,pay000000058b,ORD0001419,payment,3880.96,77.62,13.97,3789.37,wallet,2026-01-27,UTR202601270001
STL0001420,pay000000058c,ORD0001420,payment,6539.76,130.80,23.54,6385.42,card_debit,2026-01-15,UTR202601150001
STL0001421,pay000000058d,ORD0001421,payment,2014.92,40.30,7.25,1967.37,card_credit,2026-01-20,UTR202601200001
STL0001422,pay000000058e,ORD0001422,payment,6675.44,133.51,24.03,6517.90,wallet,2026-01-11,UTR202601110001
STL0001423,pay000000058f,ORD0001423,payment,5619.79,112.40,20.23,5487.16,upi,2026-01-11,UTR202601110001
STL0001424,pay0000000590,ORD0001424,payment,2941.78,58.84,10.59,2872.35,card_debit,2026-01-07,UTR202601070001
STL0001425,pay0000000591,ORD0001425,payment,8232.81,164.66,29.64,8038.51,netbanking,2026-01-19,UTR202601190001
STL0001426,pay0000000592,ORD0001426,payment,6769.06,135.38,24.37,6609.31,wallet,2026-01-27,UTR202601270001
STL0001427,pay0000000593,ORD0001427,payment,3379.56,67.59,12.17,3299.80,netbanking,2026-01-26,UTR202601260001
STL0001428,pay0000000594,ORD0001428,payment,5193.27,103.87,18.70,5070.70,wallet,2026-01-18,UTR202601180001
STL0001429,pay0000000595,ORD0001429,payment,2177.64,43.55,7.84,2126.25,netbanking,2026-01-09,UTR202601090001
STL0001430,pay0000000596,ORD0001430,payment,4461.68,89.23,16.06,4356.39,card_credit,2026-01-15,UTR202601150001
STL0001431,pay0000000597,ORD0001431,payment,1413.55,28.27,5.09,1380.19,wallet,2026-01-27,UTR202601270001
STL0001432,pay0000000598,ORD0001432,payment,6128.28,122.57,22.06,5983.65,card_credit,2026-01-05,UTR202601050001
STL0001433,pay0000000599,ORD0001433,payment,4907.62,98.15,17.67,4791.80,card_credit,2026-01-16,UTR202601160001
STL0001434,pay000000059a,ORD0001434,payment,264.18,5.28,0.95,257.95,upi,2026-01-08,UTR202601080001
STL0001435,pay000000059b,ORD0001435,payment,869.22,17.38,3.13,848.71,upi,2026-01-13,UTR202601130001
STL0001436,pay000000059c,ORD0001436,payment,9721.16,194.42,35.00,9491.74,card_credit,2026-01-09,UTR202601090001
STL0001437,pay000000059d,ORD0001437,payment,2066.98,41.34,7.44,2018.20,card_credit,2026-01-24,UTR202601240001
STL0001438,pay000000059e,ORD0001438,payment,6338.75,126.78,22.82,6189.15,card_credit,2026-01-07,UTR202601070001
STL0001439,pay000000059f,ORD0001439,payment,8216.69,164.33,29.58,8022.78,upi,2026-01-16,UTR202601160001
STL0001440,pay00000005a0,ORD0001440,payment,5380.49,107.61,19.37,5253.51,card_debit,2026-01-27,UTR202601270001
STL0001441,pay00000005a1,ORD0001441,payment,7860.27,157.21,28.30,7674.76,wallet,2026-01-10,UTR202601100001
STL0001442,pay00000005a2,ORD0001442,payment,7949.23,158.98,28.62,7761.63,card_credit,2026-01-16,UTR202601160001
STL0001443,pay00000005a3,ORD0001443,payment,4501.22,90.02,16.20,4395.00,netbanking,2026-01-27,UTR202601270001
STL0001444,pay00000005a4,ORD0001444,payment,320.66,6.41,1.15,313.10,card_credit,2026-01-13,UTR202601130001
STL0001445,pay00000005a5,ORD0001445,payment,106.51,2.13,0.38,104.00,netbanking,2026-01-17,UTR202601170001
STL0001446,pay00000005a6,ORD0001446,payment,7896.85,157.94,28.43,7710.48,upi,2026-01-16,UTR202601160001
STL0001447,pay00000005a7,ORD0001447,payment,342.73,6.85,1.23,334.65,wallet,2026-01-08,UTR202601080001
STL0001448,pay00000005a8,ORD0001448,payment,6022.55,120.45,21.68,5880.42,upi,2026-01-15,UTR202601150001
STL0001449,pay00000005a9,ORD0001449,payment,1979.87,39.60,7.13,1933.14,netbanking,2026-01-19,UTR202601190001
STL0001450,pay00000005aa,ORD0001450,payment,3199.43,63.99,11.52,3123.92,wallet,2026-01-06,UTR202601060001
STL0001451,,,payment,8671.21,173.42,31.22,8466.57,card_debit,2026-01-24,UTR202601240001
STL0001452,pay00000005ac,ORD0001452,payment,2981.04,59.62,10.73,2910.69,wallet,2026-01-10,
STL0001453,pay00000005ad,ORD0001453,payment,5442.19,108.84,19.59,5313.76,netbanking,2026-01-03,UTR202601030001
STL0001454,pay00000005ae,ORD0001454,payment,1166.23,23.32,4.20,1138.71,upi,2026-01-08,UTR202601080001
STL0001455,pay00000005af,ORD0001455,payment,9479.80,189.60,34.13,9256.07,card_credit,2026-01-08,UTR202601080001
STL0001456,pay00000005b0,ORD0001456,payment,7446.44,148.93,26.81,7270.70,wallet,2026-01-25,UTR202601250001
STL0001457,pay00000005b1,ORD0001457,payment,6165.29,123.31,22.20,6019.78,netbanking,2026-01-10,UTR202601100001
STL0001458,pay00000005b2,ORD0001458,payment,83.04,1.66,0.30,81.08,wallet,2026-01-07,UTR202601070001
STL0001460,pay00000005b4,ORD0001460,payment,6781.93,135.64,24.42,6621.87,card_credit,2026-01-18,UTR202601180001
STL0001461,pay00000005b5,ORD0001461,payment,8639.28,172.79,31.10,8435.39,card_debit,2026-01-27,UTR202601270001
STL0001462,pay00000005b6,ORD0001462,payment,7693.62,153.87,27.70,7512.05,card_debit,2026-01-17,UTR202601170001
STL0001463,pay00000005b7,ORD0001463,payment,1006.74,20.13,3.62,982.99,card_credit,2026-01-14,UTR202601140001
STL0001464,pay00000005b8,ORD0001464,payment,5643.58,112.87,20.32,5510.39,card_debit,2026-01-13,UTR202601130001
STL0001465,pay00000005b9,ORD0001465,payment,4317.56,86.35,15.54,4215.67,upi,2026-01-26,UTR202601260001
STL0001466,pay00000005ba,ORD0001466,payment,8178.76,163.58,29.44,7985.74,card_credit,2026-01-12,UTR202601120001
STL0001467,pay00000005bb,ORD0001467,payment,473.03,9.46,1.70,461.87,netbanking,2026-01-18,UTR202601180001
STL0001468,pay00000005bc,ORD0001468,payment,7826.93,156.54,28.18,7642.21,upi,2026-01-14,UTR202601140001
STL0001469,pay00000005bd,ORD0001469,payment,7440.44,148.81,26.79,7264.84,netbanking,2026-01-08,UTR202601080001
STL0001470,pay00000005be,ORD0001470,payment,720.51,14.41,2.59,703.51,card_debit,2026-01-05,UTR202601050001
STL0001471,pay00000005bf,ORD0001471,payment,2976.80,59.54,10.72,2906.54,wallet,2026-01-28,UTR202601280001
STL0001472,pay00000005c0,ORD0001472,payment,1771.36,35.43,6.38,1729.55,card_debit,2026-01-05,UTR202601050001
STL0001473,pay00000005c1,ORD0001473,payment,1870.83,37.42,6.74,1826.67,wallet,2026-01-10,UTR202601100001
STL0001474,pay00000005c2,ORD0001474,payment,7310.87,146.22,26.32,7138.33,upi,2026-01-05,UTR202601050001
STL0001475,pay00000005c3,ORD0001475,payment,3238.01,64.76,11.66,3161.59,upi,2026-01-16,UTR202601160001
STL0001476,pay00000005c4,ORD0001476,payment,8048.77,160.98,28.98,7858.81,card_debit,2026-01-08,UTR202601080001
STL0001477,pay00000005c5,ORD0001477,payment,157.67,3.15,0.57,153.95,upi,2026-01-14,UTR202601140001
STL0001478,pay00000005c6,ORD0001478,payment,9256.43,185.13,33.32,9037.98,upi,2026-01-05,UTR202601050001
STL0001479,pay00000005c7,ORD0001479,payment,1134.14,22.68,4.08,1107.38,card_debit,2026-01-30,UTR202601300001
STL0001480,pay00000005c8,ORD0001480,payment,9802.13,196.04,35.29,9570.80,card_debit,2026-01-19,UTR202601190001
STL0001481,pay00000005c9,ORD0001481,payment,3743.97,74.88,13.48,3655.61,card_credit,2026-01-13,UTR202601130001
STL0001482,pay00000005ca,ORD0001482,payment,2312.87,46.26,8.33,2258.28,card_credit,2026-01-06,UTR202601060001
STL0001482X,,,adjustment,274.41,0.00,0.00,274.41,card_credit,2026-01-06,UTR202601060001
STL0001483,pay00000005cb,ORD0001483,payment,3166.81,63.34,11.40,3092.07,wallet,2026-01-28,UTR202601280001
STL0001484,pay00000005cc,ORD0001484,payment,9675.21,193.50,34.83,9446.88,wallet,2026-01-20,UTR202601200001
STL0001485,pay00000005cd,ORD0001485,payment,6620.19,132.40,23.83,6463.96,card_debit,2026-01-26,UTR202601260001
STL0001486,pay00000005ce,ORD0001486,payment,6667.16,133.34,24.00,6509.82,netbanking,2026-01-28,
STL0001487,pay00000005cf,ORD0001487,payment,9569.09,191.38,34.45,9343.26,card_debit,2026-01-22,UTR202601220001
STL0001488,pay00000005d0,ORD0001488,payment,7393.57,147.87,26.62,7219.08,upi,2026-01-04,UTR202601040001
STL0001489,pay00000005d1,ORD0001489,payment,7742.58,154.85,27.87,7559.86,upi,2026-01-15,UTR202601150001
STL0001490,pay00000005d2,ORD0001490,payment,5234.52,104.69,18.84,5110.99,card_debit,2026-01-12,UTR202601120001
STL0001491,pay00000005d3,ORD0001491,payment,2501.28,50.03,9.01,2442.24,card_debit,2026-01-26,UTR202601260001
STL0001492,pay00000005d4,ORD0001492,payment,6753.65,135.07,24.31,6594.27,card_credit,2026-01-28,UTR202601280001
STL0001493,pay00000005d5,ORD0001493,payment,2406.34,48.13,8.66,2349.55,card_debit,2026-01-25,UTR202601250001
STL0001494,pay00000005d6,ORD0001494,payment,9511.72,190.23,34.24,9287.25,card_debit,2026-01-25,UTR202601250001
STL0001495,pay00000005d7,ORD0001495,payment,4005.16,80.10,14.42,3910.64,upi,2026-01-19,UTR202601190001
STL0001496,pay00000005d8,ORD0001496,payment,2023.14,40.46,7.28,1975.40,upi,2026-01-03,UTR202601030001
STL0001497,pay00000005d9,ORD0001497,payment,5760.07,115.20,20.74,5624.13,upi,2026-01-30,UTR202601300001
STL0001498,pay00000005da,ORD0001498,payment,4902.62,98.05,17.65,4786.92,card_debit,2026-01-11,UTR202601110001
STL0001499,pay00000005db,ORD0001499,payment,6357.81,127.16,22.89,6207.76,netbanking,2026-01-11,UTR202601110001
STL0001500,pay00000005dc,ORD0001500,payment,2116.84,42.34,7.62,2066.88,netbanking,2026-01-11,UTR202601110001
STL0001501,pay00000005dd,ORD0001501,payment,4940.78,98.82,17.79,4824.17,netbanking,2026-01-18,UTR202601180001
STL0001502,pay00000005de,ORD0001502,payment,8599.16,171.98,30.96,8396.22,netbanking,2026-01-28,UTR202601280001
STL0001503,pay00000005df,ORD0001503,payment,7962.20,159.24,28.66,7774.30,card_debit,2026-01-13,UTR202601130001
STL0001504,pay00000005e0,ORD0001504,payment,4866.73,97.33,17.52,4751.88,wallet,2026-01-12,UTR202601120001
STL0001505,pay00000005e1,ORD0001505,payment,759.34,15.19,2.73,741.42,card_debit,2026-01-13,UTR202601130001
STL0001506,pay00000005e2,ORD0001506,payment,1993.37,39.87,7.18,1946.32,card_credit,2026-01-04,UTR202601040001
STL0001507,pay00000005e3,ORD0001507,payment,9711.57,194.23,34.96,9482.38,netbanking,2026-01-16,UTR202601160001
STL0001508,pay00000005e4,ORD0001508,payment,6726.88,134.54,24.22,6568.12,upi,2026-01-20,UTR202601200001
STL0001509,pay00000005e5,ORD0001509,payment,5935.83,118.72,21.37,5795.74,card_credit,2026-01-08,UTR202601080001
STL0001510,pay00000005e6,ORD0001510,payment,7885.86,157.72,28.39,7699.75,netbanking,2026-01-27,UTR202601270001
STL0001511,pay00000005e7,ORD0001511,payment,3865.65,77.31,13.92,3774.42,netbanking,2026-01-25,UTR202601250001
STL0001512,pay00000005e8,ORD0001512,payment,2546.25,50.93,9.17,2486.15,upi,2026-01-18,UTR202601180001
STL0001513,pay00000005e9,ORD0001513,payment,6771.81,135.44,24.38,6611.99,card_debit,2026-01-07,UTR202601070001
STL0001514,pay00000005ea,ORD0001514,payment,6318.99,126.38,22.75,6169.86,upi,2026-01-20,UTR202601200001
STL0001515,pay00000005eb,ORD0001515,payment,9619.21,192.38,34.63,9392.20,upi,2026-01-16,UTR202601160001
STL0001516,pay00000005ec,ORD0001516,payment,1984.95,39.70,7.15,1938.10,card_credit,2026-01-16,UTR202601160001
STL0001517,pay00000005ed,ORD0001517,payment,5254.66,105.09,18.92,5130.65,netbanking,2026-01-20,UTR202601200001
STL0001518,pay00000005ee,ORD0001518,payment,9697.20,193.94,34.91,9468.35,wallet,2026-01-27,UTR202601270001
STL0001519,pay00000005ef,ORD0001519,payment,3616.22,72.32,13.02,3530.88,card_debit,2026-01-30,UTR202601300001
STL0001520,pay00000005f0,ORD0001520,payment,4178.02,83.56,15.04,4079.42,netbanking,2026-01-24,
STL0001521,pay00000005f1,ORD0001521,payment,7306.40,146.13,26.30,7133.97,card_credit,2026-01-17,UTR202601170001
STL0001522,pay00000005f2,ORD0001522,payment,1794.22,35.88,6.46,1751.88,card_debit,2026-01-09,UTR202601090001
STL0001523,pay00000005f3,ORD0001523,payment,1913.24,38.26,6.89,1868.09,card_debit,2026-01-20,UTR202601200001
STL0001524,pay00000005f4,ORD0001524,payment,623.47,12.47,2.24,608.76,card_credit,2026-01-25,UTR202601250001
STL0001525,pay00000005f5,ORD0001525,payment,9144.55,182.89,32.92,8928.74,upi,2026-01-17,UTR202601170001
STL0001526,pay00000005f6,ORD0001526,payment,1746.95,34.94,6.29,1705.72,upi,2026-01-05,UTR202601050001
STL0001527,pay00000005f7,ORD0001527,payment,3591.13,71.82,12.93,3506.38,upi,2026-01-03,UTR202601030001
STL0001528,pay00000005f8,ORD0001528,payment,1020.46,20.41,3.67,996.38,netbanking,2026-01-08,UTR202601080001
STL0001529,pay00000005f9,ORD0001529,payment,7988.47,159.77,28.76,7799.94,wallet,2026-01-11,UTR202601110001
STL0001530,pay00000005fa,ORD0001530,payment,3892.96,77.86,14.01,3801.09,card_credit,2026-01-23,UTR202601230001
STL0001531,pay00000005fb,ORD0001531,payment,3973.18,79.46,14.30,3879.42,upi,2026-01-22,UTR202601220001
STL0001531X,,,adjustment,268.32,0.00,0.00,268.32,upi,2026-01-22,UTR202601220001
STL0001532,pay00000005fc,ORD0001532,payment,7609.48,152.19,27.39,7429.90,upi,2026-01-30,UTR202601300001
STL0001533,pay00000005fd,ORD0001533,payment,2935.42,58.71,10.57,2866.14,wallet,2026-01-25,UTR202601250001
STL0001534,pay00000005fe,ORD0001534,payment,9126.07,182.52,32.85,8910.70,card_debit,2026-02-02,
STL0001535,pay00000005ff,ORD0001535,payment,179.38,3.59,0.65,175.14,card_credit,2026-01-22,UTR202601220001
STL0001536,pay0000000600,ORD0001536,payment,2454.03,49.08,8.83,2396.12,wallet,2026-01-23,UTR202601230001
STL0001537,pay0000000601,ORD0001537,payment,3657.54,73.15,13.17,3571.22,upi,2026-01-17,UTR202601170001
STL0001538,pay0000000602,ORD0001538,payment,3086.37,61.73,11.11,3013.53,wallet,2026-01-21,UTR202601210001
STL0001539,pay0000000603,ORD0001539,payment,8234.87,164.70,29.65,8040.52,netbanking,2026-01-24,UTR202601240001
STL0001540,pay0000000604,ORD0001540,payment,3164.86,63.30,11.39,3090.17,upi,2026-01-29,UTR202601290001
STL0001541,,,payment,5674.31,113.49,20.43,5540.39,upi,2026-01-09,UTR202601090001
STL0001542,pay0000000606,ORD0001542,payment,311.41,6.23,1.12,304.06,card_credit,2026-01-08,UTR202601080001
STL0001543,pay0000000607,ORD0001543,payment,2706.43,54.13,9.74,2642.56,upi,2026-01-25,UTR202601250001
STL0001544,pay0000000608,ORD0001544,payment,9680.59,193.61,34.85,9452.13,card_credit,2026-01-21,UTR202601210001
STL0001545,pay0000000609,ORD0001545,payment,9775.42,195.51,35.19,9544.72,netbanking,2026-01-21,UTR202601210001
STL0001546,pay000000060a,ORD0001546,payment,7795.58,155.91,28.06,7611.61,wallet,2026-01-27,UTR202601270001
STL0001547,pay000000060b,ORD0001547,payment,4586.88,91.74,16.51,4478.63,upi,2026-01-28,UTR202601280001
STL0001548,pay000000060c,ORD0001548,payment,1172.93,23.46,4.22,1145.25,card_debit,2026-01-06,UTR202601060001
STL0001549,pay000000060d,ORD0001549,payment,1222.46,24.45,4.40,1193.61,netbanking,2026-01-21,UTR202601210001
STL0001550,pay000000060e,ORD0001550,payment,22.60,0.45,0.08,22.07,card_debit,2026-01-13,UTR202601130001
STL0001551,pay000000060f,ORD0001551,payment,4447.80,88.96,16.01,4342.83,card_debit,2026-01-14,UTR202601140001
STL0001552,pay0000000610,ORD0001552,payment,6313.41,126.27,22.73,6164.41,upi,2026-01-21,UTR202601210001
STL0001553,pay0000000611,ORD0001553,payment,4834.77,96.70,17.41,4720.66,card_debit,2026-01-13,UTR202601130001
STL0001554,pay0000000612,ORD0001554,payment,4784.24,95.68,17.22,4671.34,upi,2026-01-08,UTR202601080001
STL0001555,pay0000000613,ORD0001555,payment,3243.96,64.88,11.68,3167.40,wallet,2026-01-20,UTR202601200001
STL0001556,pay0000000614,ORD0001556,payment,8694.41,173.89,31.30,8489.22,netbanking,2026-01-10,UTR202601100001
STL0001556X,,,chargeback,-105.07,0.00,0.00,-105.07,netbanking,2026-01-10,UTR202601100001
STL0001557,pay0000000615,ORD0001557,payment,8686.00,173.72,31.27,8481.01,card_debit,2026-01-26,UTR202601260001
STL0001558,pay0000000616,ORD0001558,payment,556.19,11.12,2.00,543.07,netbanking,2026-01-27,UTR202601270001
STL0001559,pay0000000617,ORD0001559,payment,8551.02,171.02,30.78,8349.22,netbanking,2026-01-25,UTR202601250001
STL0001560,pay0000000618,ORD0001560,payment,7113.28,142.27,25.61,6945.40,netbanking,2026-01-18,UTR202601180001
STL0001560X,,,refund,-190.05,0.00,0.00,-190.05,netbanking,2026-01-18,UTR202601180001
STL0001561,pay0000000619,ORD0001561,payment,7307.03,146.14,26.31,7134.58,card_credit,2026-01-08,UTR202601080001
STL0001562,pay000000061a,ORD0001562,payment,6090.76,121.82,21.93,5947.01,card_credit,2026-01-29,UTR202601290001
STL0001563,pay000000061b,ORD0001563,payment,1721.46,34.43,6.20,1680.83,netbanking,2026-01-22,UTR202601220001
STL0001564,pay000000061c,ORD0001564,payment,1523.57,30.47,5.48,1487.62,card_debit,2026-01-10,UTR202601100001
STL0001565,pay000000061d,ORD0001565,payment,100.76,2.02,0.36,98.38,netbanking,2026-01-13,UTR202601130001
STL0001566,pay000000061e,ORD0001566,payment,4483.58,89.67,16.14,4377.77,upi,2026-01-23,UTR202601230001
STL0001567,pay000000061f,ORD0001567,payment,4973.94,99.48,17.91,4856.55,card_credit,2026-01-09,UTR202601090001
STL0001568,pay0000000620,ORD0001568,payment,1562.85,31.26,5.63,1525.96,upi,2026-01-22,UTR202601220001
STL0001569,pay0000000621,ORD0001569,payment,5128.61,102.57,18.46,5007.58,netbanking,2026-01-13,UTR202601130001
STL0001570,pay0000000622,ORD0001570,payment,8344.58,166.89,30.04,8147.65,netbanking,2026-01-24,UTR202601240001
STL0001571,pay0000000623,ORD0001571,payment,6854.25,137.09,24.68,6692.48,upi,2026-01-16,UTR202601160001
STL0001572,pay0000000624,ORD0001572,payment,7017.79,140.36,25.26,6852.17,wallet,2026-01-20,UTR202601200001
STL0001573,pay0000000625,ORD0001573,payment,5032.90,100.66,18.12,4914.12,card_debit,2026-01-12,UTR202601120001
STL0001574,pay0000000626,ORD0001574,payment,6764.08,135.28,24.35,6604.45,card_debit,2026-01-26,
STL0001575,pay0000000627,ORD0001575,payment,9535.30,190.71,34.33,9310.26,upi,2026-01-29,UTR202601290001
STL0001576,pay0000000628,ORD0001576,payment,8576.71,171.53,30.88,8374.30,wallet,2026-01-19,UTR202601190001
STL0001577,pay0000000629,ORD0001577,payment,5656.63,113.13,20.36,5523.14,upi,2026-01-24,UTR202601240001
STL0001578,pay000000062a,ORD0001578,payment,6287.04,125.74,22.63,6138.67,netbanking,2026-01-26,UTR202601260001
STL0001579,pay000000062b,ORD0001579,payment,1291.36,25.83,4.65,1260.88,card_debit,2026-01-03,UTR202601030001
STL0001580,pay000000062c,ORD0001580,payment,1312.75,26.26,4.73,1281.76,card_debit,2026-01-20,UTR202601200001
STL0001581,pay000000062d,ORD0001581,payment,9916.43,198.33,35.70,9682.40,upi,2026-01-24,UTR202601240001
STL0001582,pay000000062e,ORD0001582,payment,5451.75,109.04,19.63,5323.08,netbanking,2026-01-29,UTR202601290001
STL0001583,pay000000062f,ORD0001583,payment,5147.66,102.95,18.53,5026.18,wallet,2026-01-25,UTR202601250001
STL0001585,pay0000000631,ORD0001585,payment,8981.70,179.63,32.33,8769.74,wallet,2026-01-30,UTR202601300001
STL0001586,pay0000000632,ORD0001586,payment,3737.80,74.76,13.46,3649.58,netbanking,2026-01-12,UTR202601120001
STL0001587,pay0000000633,ORD0001587,payment,4199.92,84.00,15.12,4100.80,netbanking,2026-01-18,UTR202601180001
STL0001588,pay0000000634,ORD0001588,payment,1507.02,30.14,5.43,1471.45,card_credit,2026-01-21,UTR202601210001
STL0001589,pay0000000635,ORD0001589,payment,7311.50,146.23,26.32,7138.95,wallet,2026-01-23,UTR202601230001
STL0001590,pay0000000636,ORD0001590,payment,8608.65,172.17,30.99,8405.49,card_credit,2026-01-18,UTR202601180001
STL0001591,pay0000000637,ORD0001591,payment,4551.91,91.04,16.39,4444.48,upi,2026-01-14,UTR202601140001
STL0001592,pay0000000638,ORD0001592,payment,5577.86,111.56,20.08,5446.22,upi,2026-01-06,UTR202601060001
STL0001593,pay0000000639,ORD0001593,payment,3502.18,127.13,12.61,3362.44,card_credit,2026-01-26,UTR202601260001
STL0001594,pay000000063a,ORD0001594,payment,3975.24,79.50,14.31,3881.43,card_credit,2026-01-07,UTR202601070001
STL0001595,pay000000063b,ORD0001595,payment,8464.89,169.30,30.47,8265.12,wallet,2026-01-18,UTR202601180001
STL0001596,pay000000063c,ORD0001596,payment,5788.33,115.77,20.84,5651.72,card_debit,2026-01-10,UTR202601100001
STL0001597,pay000000063d,ORD0001597,payment,7888.95,157.78,28.40,7702.77,wallet,2026-01-16,UTR202601160001
STL0001598A,pay000000063e,ORD0001598,payment,5552.20,111.04,19.99,5421.17,card_credit,2026-01-14,UTR202601140001
STL0001598B,pay000000063e,ORD0001598,payment,3701.46,74.03,13.33,3614.10,card_credit,2026-01-14,UTR202601140001
STL0001599,pay000000063f,ORD0001599,payment,1635.44,32.71,5.89,1596.84,wallet,2026-01-24,UTR202601240001
STL0001600,pay0000000640,ORD0001600,payment,559.32,11.19,2.01,546.12,wallet,2026-01-25,UTR202601250001
STL0001601,pay0000000641,ORD0001601,payment,4805.24,96.10,17.30,4691.84,wallet,2026-01-08,UTR202601080001
STL0001602,pay0000000642,ORD0001602,payment,9993.90,199.88,35.98,9758.04,card_credit,2026-01-15,UTR202601150001
STL0001603,pay0000000643,ORD0001603,payment,916.65,18.33,3.30,895.02,upi,2026-01-12,UTR202601120001
STL0001604,pay0000000644,ORD0001604,payment,809.18,16.18,2.91,790.09,wallet,2026-01-25,UTR202601250001
STL0001604X,,,refund,-368.17,0.00,0.00,-368.17,wallet,2026-01-25,UTR202601250001
STL0001605,pay0000000645,ORD0001605,payment,9752.44,195.05,35.11,9522.28,wallet,2026-01-19,UTR202601190001
STL0001606,pay0000000646,ORD0001606,payment,1435.55,28.71,5.17,1401.67,wallet,2026-01-19,UTR202601190001
STL0001607,pay0000000647,ORD0001607,payment,4256.67,85.13,15.32,4156.22,upi,2026-01-04,UTR202601040001
STL0001608,pay0000000648,ORD0001608,payment,7372.20,147.44,26.54,7198.22,wallet,2026-01-21,UTR202601210001
STL0001609,pay0000000649,ORD0001609,payment,449.13,8.98,1.62,438.53,wallet,2026-01-23,UTR202601230001
STL0001610,pay000000064a,ORD0001610,payment,1838.05,36.76,6.62,1794.67,wallet,2026-01-04,UTR202601040001
STL0001611,pay000000064b,ORD0001611,payment,538.79,10.78,1.94,526.07,card_credit,2026-01-15,UTR202601150001
STL0001612,pay000000064c,ORD0001612,payment,3548.75,70.98,12.78,3464.99,upi,2026-01-25,UTR202601250001
STL0001613,pay000000064d,ORD0001613,payment,5070.92,101.42,18.26,4951.24,wallet,2026-01-11,UTR202601110001
STL0001614,pay000000064e,ORD0001614,payment,9683.94,193.68,34.86,9455.40,netbanking,2026-01-11,UTR202601110001
STL0001615,pay000000064f,ORD0001615,payment,8900.61,178.01,32.04,8690.56,wallet,2026-01-17,UTR202601170001
STL0001616,pay0000000650,ORD0001616,payment,3133.43,62.67,11.28,3059.48,card_debit,2026-01-14,UTR202601140001
STL0001617,pay0000000651,ORD0001617,payment,97.94,1.96,0.35,95.63,upi,2026-01-05,UTR202601050001
STL0001618,pay0000000652,ORD0001618,payment,9426.55,188.53,33.94,9204.08,upi,2026-01-07,UTR202601070001
STL0001619,pay0000000653,ORD0001619,payment,6890.30,137.81,24.81,6727.68,card_credit,2026-01-11,UTR202601110001
STL0001620,pay0000000654,ORD0001620,payment,4496.48,89.93,16.19,4390.36,netbanking,2026-01-08,UTR202601080001
STL0001621,pay0000000655,ORD0001621,payment,3726.15,74.52,13.41,3638.22,card_debit,2026-01-26,UTR202601260001
STL0001622,pay0000000656,ORD0001622,payment,4420.08,88.40,15.91,4315.77,card_debit,2026-01-25,UTR202601250001
STL0001623,pay0000000657,ORD0001623,payment,9949.44,198.99,35.82,9714.63,netbanking,2026-01-18,UTR202601180001
STL0001624,pay0000000658,ORD0001624,payment,8391.72,167.83,30.21,8193.68,wallet,2026-01-24,UTR202601240001
STL0001625,pay0000000659,ORD0001625,payment,7784.31,155.69,28.02,7600.60,upi,2026-01-28,UTR202601280001
STL0001626,pay000000065a,ORD0001626,payment,1327.50,26.55,4.78,1296.17,card_debit,2026-01-06,UTR202601060001
STL0001626X,,,chargeback,-286.58,0.00,0.00,-286.58,card_debit,2026-01-06,UTR202601060001
STL0001627,pay000000065b,ORD0001627,payment,6265.90,125.32,22.56,6118.02,card_credit,2026-01-26,UTR202601260001
STL0001628,pay000000065c,ORD0001628,payment,871.27,17.43,3.14,850.70,card_debit,2026-01-28,UTR202601280001
STL0001629,pay000000065d,ORD0001629,payment,1964.37,39.29,7.07,1918.01,card_credit,2026-01-09,UTR202601090001
STL0001630,pay000000065e,ORD0001630,payment,2598.69,51.97,9.35,2537.37,upi,2026-01-24,UTR202601240001
STL0001631,pay000000065f,ORD0001631,payment,5272.35,105.45,18.98,5147.92,card_debit,2026-01-23,UTR202601230001
STL0001632,pay0000000660,ORD0001632,payment,1392.22,27.84,5.01,1359.37,card_debit,2026-01-14,UTR202601140001
STL0001633,pay0000000661,ORD0001633,payment,6469.12,129.38,23.29,6316.45,netbanking,2026-01-08,UTR202601080001
STL0001634,pay0000000662,ORD0001634,payment,3218.31,64.37,11.59,3142.35,netbanking,2026-01-25,UTR202601250001
STL0001635,pay0000000663,ORD0001635,payment,5351.30,107.03,19.27,5225.00,card_credit,2026-01-15,UTR202601150001
STL0001636,pay0000000664,ORD0001636,payment,9893.05,197.86,35.61,9659.58,upi,2026-01-14,UTR202601140001
STL0001637,pay0000000665,ORD0001637,payment,10.61,0.21,0.04,10.36,netbanking,2026-01-04,UTR202601040001
STL0001638,pay0000000666,ORD0001638,payment,6364.84,127.30,22.91,6214.63,netbanking,2026-01-06,UTR202601060001
STL0001639,pay0000000667,ORD0001639,payment,3196.41,63.93,11.51,3120.97,wallet,2026-01-05,UTR202601050001
STL0001640,pay0000000668,ORD0001640,payment,1371.37,27.43,4.94,1339.00,wallet,2026-01-13,UTR202601130001
STL0001642,pay000000066a,ORD0001642,payment,6606.40,132.13,23.78,6450.49,card_debit,2026-01-27,UTR202601270001
STL0001643,pay000000066b,ORD0001643,payment,4679.23,93.58,16.84,4568.81,card_credit,2026-01-07,UTR202601070001
STL0001644,pay000000066c,ORD0001644,payment,4977.33,99.55,17.92,4859.86,card_debit,2026-01-28,UTR202601280001
STL0001645,pay000000066d,ORD0001645,payment,5777.36,115.55,20.80,5641.01,card_credit,2026-01-26,UTR202601260001
STL0001646,pay000000066e,ORD0001646,payment,4707.67,94.15,16.95,4596.57,upi,2026-01-23,UTR202601230001
STL0001647,pay000000066f,ORD0001647,payment,5497.05,109.94,19.79,5367.32,card_credit,2026-01-20,UTR202601200001
STL0001648,pay0000000670,ORD0001648,payment,1356.97,27.14,4.89,1324.94,card_debit,2026-01-11,UTR202601110001
STL0001649,pay0000000671,ORD0001649,payment,4173.02,83.46,15.02,4074.54,netbanking,2026-01-17,UTR202601170001
STL0001650,pay0000000672,ORD0001650,payment,4033.10,80.66,14.52,3937.92,card_credit,2026-01-21,UTR202601210001
STL0001651,pay0000000673,ORD0001651,payment,42.75,0.86,0.15,41.74,upi,2026-01-09,UTR202601090001
STL0001652,pay0000000674,ORD0001652,payment,8295.53,165.91,29.86,8099.76,wallet,2026-01-20,UTR202601200001
STL0001653,pay0000000675,ORD0001653,payment,8943.84,178.88,32.20,8732.76,wallet,2026-01-10,UTR202601100001
STL0001654,pay0000000676,ORD0001654,payment,5599.84,112.00,20.16,5467.68,card_debit,2026-01-11,UTR202601110001
STL0001655,pay0000000677,ORD0001655,payment,2917.48,58.35,10.50,2848.63,card_debit,2026-01-06,UTR202601060001
STL0001656,pay0000000678,ORD0001656,payment,2206.72,44.13,7.94,2154.65,card_credit,2026-01-21,UTR202601210001
STL0001657,pay0000000679,ORD0001657,payment,3875.40,77.51,13.95,3783.94,card_credit,2026-01-14,UTR202601140001
STL0001658,pay000000067a,ORD0001658,payment,4286.78,85.74,15.43,4185.61,upi,2026-01-21,UTR202601210001
STL0001659,pay000000067b,ORD0001659,payment,2304.31,46.09,8.30,2249.92,upi,2026-01-26,UTR202601260001
STL0001660,pay000000067c,ORD0001660,payment,9106.45,182.13,32.78,8891.54,netbanking,2026-01-28,UTR202601280001
STL0001661,pay000000067d,ORD0001661,payment,2703.45,54.07,9.73,2639.65,card_debit,2026-01-23,UTR202601230001
STL0001662,pay000000067e,ORD0001662,payment,2143.24,42.86,7.71,2092.67,card_debit,2026-01-21,UTR202601210001
STL0001663,pay000000067f,ORD0001663,payment,4554.80,91.10,16.40,4447.30,upi,2026-01-14,UTR202601140001
STL0001664,pay0000000680,ORD0001664,payment,4822.05,96.44,17.36,4708.25,netbanking,2026-01-09,UTR202601090001
STL0001665,pay0000000681,ORD0001665,payment,1896.70,37.93,6.83,1851.94,card_debit,2026-01-23,UTR202601230001
STL0001666,pay0000000682,ORD0001666,payment,8577.10,171.54,30.88,8374.68,upi,2026-01-14,UTR202601140001
STL0001667,pay0000000683,ORD0001667,payment,4776.27,95.53,17.20,4663.54,wallet,2026-01-24,UTR202601240001
STL0001668,pay0000000684,ORD0001668,payment,7873.97,157.48,28.35,7688.14,netbanking,2026-01-27,UTR202601270001
STL0001669,pay0000000685,ORD0001669,payment,1158.80,23.18,4.17,1131.45,upi,2026-01-30,UTR202601300001
STL0001670,,,payment,8080.26,161.61,29.09,7889.56,wallet,2026-01-06,UTR202601060001
STL0001671,pay0000000687,ORD0001671,payment,8306.16,166.12,29.90,8110.14,upi,2026-01-07,UTR202601070001
STL0001672,pay0000000688,ORD0001672,payment,5042.62,100.85,18.15,4923.62,card_credit,2026-01-26,UTR202601260001
STL0001673,pay0000000689,ORD0001673,payment,1625.18,32.50,5.85,1586.83,card_credit,2026-01-11,UTR202601110001
STL0001674,pay000000068a,ORD0001674,payment,1295.54,25.91,4.66,1264.97,card_credit,2026-01-04,UTR202601040001
STL0001674X,,,adjustment,277.16,0.00,0.00,277.16,card_credit,2026-01-04,UTR202601040001
STL0001675,pay000000068b,ORD0001675,payment,1492.24,29.84,5.37,1457.03,netbanking,2026-01-02,UTR202601020001
STL0001676,pay000000068c,ORD0001676,payment,3709.72,74.19,13.35,3622.18,netbanking,2026-01-24,UTR202601240001
STL0001677,pay000000068d,ORD0001677,payment,7500.75,150.02,27.00,7323.73,upi,2026-01-28,UTR202601280001
STL0001678,pay000000068e,ORD0001678,payment,2960.03,59.20,10.66,2890.17,upi,2026-01-14,UTR202601140001
STL0001679,pay000000068f,ORD0001679,payment,9701.20,194.02,34.92,9472.26,card_debit,2026-01-04,UTR202601040001
STL0001680,pay0000000690,ORD0001680,payment,3516.09,70.32,12.66,3433.11,card_debit,2026-01-22,UTR202601220001
STL0001681,pay0000000691,ORD0001681,payment,7210.40,144.21,25.96,7040.23,card_credit,2026-01-11,UTR202601110001
STL0001682,pay0000000692,ORD0001682,payment,6943.75,138.88,25.00,6779.87,upi,2026-01-15,UTR202601150001
STL0001683,pay0000000693,ORD0001683,payment,9040.72,180.81,32.55,8827.36,netbanking,2026-01-06,UTR202601060001
STL0001684,pay0000000694,ORD0001684,payment,8360.58,167.21,30.10,8163.27,upi,2026-01-27,UTR202601270001
STL0001685,pay0000000695,ORD0001685,payment,7625.08,152.50,27.45,7445.13,card_debit,2026-01-11,UTR202601110001
STL0001686,pay0000000696,ORD0001686,payment,4042.20,80.84,14.55,3946.81,netbanking,2026-01-14,UTR202601140001
STL0001687,pay0000000697,ORD0001687,payment,4345.52,86.91,15.64,4242.97,card_debit,2026-01-23,UTR202601230001
STL0001688,pay0000000698,ORD0001688,payment,5765.23,115.30,20.75,5629.18,card_debit,2026-01-19,UTR202601190001
STL0001689,pay0000000699,ORD0001689,payment,6096.84,121.94,21.95,5952.95,card_debit,2026-01-26,UTR202601260001
STL0001690,pay000000069a,ORD0001690,payment,2471.17,49.42,8.90,2412.85,card_credit,2026-01-13,UTR202601130001
STL0001691,pay000000069b,ORD0001691,payment,1405.82,28.12,5.06,1372.64,card_credit,2026-01-06,UTR202601060001
STL0001692,pay000000069c,ORD0001692,payment,9093.76,181.88,32.74,8879.14,card_debit,2026-01-27,UTR202601270001
STL0001693,pay000000069d,ORD0001693,payment,5787.90,115.76,20.84,5651.30,upi,2026-01-15,UTR202601150001
STL0001694,pay000000069e,ORD0001694,payment,1234.30,24.69,4.44,1205.17,upi,2026-01-26,UTR202601260001
STL0001695,pay000000069f,ORD0001695,payment,4458.39,89.17,16.05,4353.17,wallet,2026-01-13,UTR202601130001
STL0001695X,,,adjustment,108.66,0.00,0.00,108.66,wallet,2026-01-13,UTR202601130001
STL0001696A,pay00000006a0,ORD0001696,payment,192.91,3.86,0.69,188.36,card_debit,2026-01-06,UTR202601060001
STL0001696B,pay00000006a0,ORD0001696,payment,128.61,2.57,0.46,125.58,card_debit,2026-01-06,UTR202601060001
STL0001697,pay00000006a1,ORD0001697,payment,8537.38,170.75,30.74,8335.89,netbanking,2026-01-15,UTR202601150001
STL0001698,pay00000006a2,ORD0001698,payment,7849.47,156.99,28.26,7664.22,card_credit,2026-01-19,UTR202601190001
STL0001699,pay00000006a3,ORD0001699,payment,6766.71,135.33,24.36,6607.02,card_debit,2026-02-03,
STL0001700,pay00000006a4,ORD0001700,payment,7881.19,157.62,28.37,7695.20,netbanking,2026-01-07,UTR202601070001
STL0001701,pay00000006a5,ORD0001701,payment,7134.30,142.69,25.68,6965.93,wallet,2026-01-18,UTR202601180001
STL0001702,pay00000006a6,ORD0001702,payment,2388.56,47.77,8.60,2332.19,wallet,2026-01-15,UTR202601150001
STL0001703,pay00000006a7,ORD0001703,payment,9977.72,199.55,35.92,9742.25,upi,2026-01-08,UTR202601080001
STL0001704,pay00000006a8,ORD0001704,payment,1931.16,38.62,6.95,1885.59,netbanking,2026-01-30,UTR202601300001
STL0001705,pay00000006a9,ORD0001705,payment,6849.05,319.85,24.66,6504.54,card_debit,2026-01-23,UTR202601230001
STL0001706,pay00000006aa,ORD0001706,payment,2046.89,40.94,7.37,1998.58,card_credit,2026-01-10,UTR202601100001
STL0001707,pay00000006ab,ORD0001707,payment,8882.34,177.65,31.98,8672.71,card_debit,2026-01-13,UTR202601130001
STL0001708,pay00000006ac,ORD0001708,payment,689.92,13.80,2.48,673.64,card_debit,2026-01-09,UTR202601090001
STL0001709,pay00000006ad,ORD0001709,payment,6698.99,133.98,24.12,6540.89,wallet,2026-01-03,UTR202601030001
STL0001710,pay00000006ae,ORD0001710,payment,5946.44,118.93,21.41,5806.10,card_credit,2026-01-27,UTR202601270001
STL0001711,pay00000006af,ORD0001711,payment,4179.76,83.60,15.05,4081.11,card_credit,2026-01-19,UTR202601190001
STL0001712,pay00000006b0,ORD0001712,payment,7372.89,147.46,26.54,7198.89,wallet,2026-01-24,UTR202601240001
STL0001712X,,,chargeback,-103.42,0.00,0.00,-103.42,wallet,2026-01-24,UTR202601240001
STL0001713,pay00000006b1,ORD0001713,payment,253.35,5.07,0.91,247.37,upi,2026-01-22,UTR202601220001
STL0001714,pay00000006b2,ORD0001714,payment,1593.98,31.88,5.74,1556.36,upi,2026-01-25,UTR202601250001
STL0001715,pay00000006b3,ORD0001715,payment,2433.18,48.66,8.76,2375.76,card_debit,2026-01-10,UTR202601100001
STL0001716,pay00000006b4,ORD0001716,payment,5264.86,105.30,18.95,5140.61,netbanking,2026-01-19,UTR202601190001
STL0001717,pay00000006b5,ORD0001717,payment,3559.88,71.20,12.82,3475.86,upi,2026-01-12,UTR202601120001
STL0001718,pay00000006b6,ORD0001718,payment,8122.81,162.46,29.24,7931.11,wallet,2026-01-23,UTR202601230001
STL0001719,pay00000006b7,ORD0001719,payment,1603.04,32.06,5.77,1565.21,card_debit,2026-01-20,UTR202601200001
STL0001720,pay00000006b8,ORD0001720,payment,3250.78,65.02,11.70,3174.06,netbanking,2026-01-19,UTR202601190001
STL0001721,pay00000006b9,ORD0001721,payment,9799.28,195.99,35.28,9568.01,wallet,2026-01-12,UTR202601120001
STL0001722,pay00000006ba,ORD0001722,payment,940.63,18.81,3.39,918.43,card_credit,2026-01-05,UTR202601050001
STL0001723,pay00000006bb,ORD0001723,payment,2689.63,53.79,9.68,2626.16,upi,2026-01-26,UTR202601260001
STL0001724,pay00000006bc,ORD0001724,payment,5124.76,102.50,18.45,5003.81,netbanking,2026-01-04,UTR202601040001
STL0001725,pay00000006bd,ORD0001725,payment,6502.85,130.06,23.41,6349.38,wallet,2026-01-24,UTR202601240001
STL0001726,pay00000006be,ORD0001726,payment,9987.91,199.76,35.96,9752.19,netbanking,2026-01-14,UTR202601140001
STL0001727,pay00000006bf,ORD0001727,payment,2760.94,55.22,9.94,2695.78,upi,2026-01-25,UTR202601250001
STL0001728,pay00000006c0,ORD0001728,payment,2572.09,51.44,9.26,2511.39,card_credit,2026-01-24,UTR202601240001
STL0001729,pay00000006c1,ORD0001729,payment,5983.28,119.67,21.54,5842.07,netbanking,2026-01-15,UTR202601150001
STL0001730,pay00000006c2,ORD0001730,payment,3663.87,73.28,13.19,3577.40,netbanking,2026-01-18,UTR202601180001
STL0001731,pay00000006c3,ORD0001731,payment,1141.11,63.79,4.11,1073.21,card_credit,2026-01-15,UTR202601150001
STL0001733,pay00000006c5,ORD0001733,payment,4932.96,98.66,17.76,4816.54,upi,2026-01-08,UTR202601080001
STL0001734,pay00000006c6,ORD0001734,payment,8123.13,162.46,29.24,7931.43,netbanking,2026-01-15,UTR202601150001
STL0001735,pay00000006c7,ORD0001735,payment,2242.87,44.86,8.07,2189.94,netbanking,2026-01-03,UTR202601030001
STL0001736,pay00000006c8,ORD0001736,payment,6670.66,133.41,24.01,6513.24,card_credit,2026-01-07,UTR202601070001
STL0001737,pay00000006c9,ORD0001737,payment,3133.28,62.67,11.28,3059.33,wallet,2026-01-25,UTR202601250001
STL0001738,pay00000006ca,ORD0001738,payment,9369.55,187.39,33.73,9148.43,upi,2026-01-10,UTR202601100001
STL0001739,pay00000006cb,ORD0001739,payment,4498.50,89.97,16.19,4392.34,card_credit,2026-01-12,UTR202601120001
STL0001740,pay00000006cc,ORD0001740,payment,5055.20,101.10,18.20,4935.90,card_credit,2026-01-18,UTR202601180001
STL0001741,pay00000006cd,ORD0001741,payment,5985.20,119.70,21.55,5843.95,card_debit,2026-01-16,UTR202601160001
STL0001741X,,,refund,-409.03,0.00,0.00,-409.03,card_debit,2026-01-16,UTR202601160001
STL0001742,pay00000006ce,ORD0001742,payment,1521.42,30.43,5.48,1485.51,netbanking,2026-01-12,UTR202601120001
STL0001743,pay00000006cf,ORD0001743,payment,5242.06,104.84,18.87,5118.35,netbanking,2026-01-14,UTR202601140001
STL0001744,pay00000006d0,ORD0001744,payment,7578.71,151.57,27.28,7399.86,netbanking,2026-01-02,UTR202601020001
STL0001745,pay00000006d1,ORD0001745,payment,6069.72,121.39,21.85,5926.48,card_debit,2026-01-07,UTR202601070001
STL0001746,pay00000006d2,ORD0001746,payment,5731.12,114.62,20.63,5595.87,card_debit,2026-01-27,UTR202601270001
STL0001747,pay00000006d3,ORD0001747,payment,9991.39,199.83,35.97,9755.59,upi,2026-01-09,UTR202601090001
STL0001748,pay00000006d4,ORD0001748,payment,3223.76,64.48,11.61,3147.67,netbanking,2026-01-19,UTR202601190001
STL0001749,pay00000006d5,ORD0001749,payment,3693.14,73.86,13.29,3605.99,upi,2026-01-14,UTR202601140001
STL0001750,pay00000006d6,ORD0001750,payment,4816.11,96.32,17.34,4702.45,wallet,2026-01-17,UTR202601170001
STL0001751,pay00000006d7,ORD0001751,payment,4575.49,91.51,16.47,4467.51,netbanking,2026-01-16,UTR202601160001
STL0001752,pay00000006d8,ORD0001752,payment,7366.97,147.34,26.52,7193.11,upi,2026-01-21,UTR202601210001
STL0001753,pay00000006d9,ORD0001753,payment,6466.95,129.34,23.28,6314.33,wallet,2026-01-17,UTR202601170001
STL0001754,pay00000006da,ORD0001754,payment,1050.45,21.01,3.78,1025.66,upi,2026-01-24,UTR202601240001
STL0001755,pay00000006db,ORD0001755,payment,8935.77,178.72,32.17,8724.88,wallet,2026-01-16,UTR202601160001
STL0001756,pay00000006dc,ORD0001756,payment,2055.59,41.11,7.40,2007.08,netbanking,2026-01-18,UTR202601180001
STL0001757,pay00000006dd,ORD0001757,payment,6766.84,135.34,24.36,6607.14,card_debit,2026-01-25,UTR202601250001
STL0001758,pay00000006de,ORD0001758,payment,2811.08,56.22,10.12,2744.74,card_debit,2026-01-24,UTR202601240001
STL0001758X,,,adjustment,26.41,0.00,0.00,26.41,card_debit,2026-01-24,UTR202601240001
STL0001759,pay00000006df,ORD0001759,payment,167.84,3.36,0.60,163.88,wallet,2026-01-03,UTR202601030001
STL0001760,pay00000006e0,ORD0001760,payment,6295.88,125.92,22.67,6147.29,netbanking,2026-01-14,UTR202601140001
STL0001761,pay00000006e1,ORD0001761,payment,4108.73,82.17,14.79,4011.77,wallet,2026-01-08,UTR202601080001
STL0001762,pay00000006e2,ORD0001762,payment,9855.23,197.10,35.48,9622.65,netbanking,2026-01-22,UTR202601220001
STL0001763,pay00000006e3,ORD0001763,payment,5429.04,108.58,19.54,5300.92,card_debit,2026-01-07,UTR202601070001
STL0001764,pay00000006e4,ORD0001764,payment,6626.13,132.52,23.85,6469.76,card_credit,2026-01-22,UTR202601220001
STL0001765,pay00000006e5,ORD0001765,payment,1672.79,33.46,6.02,1633.31,upi,2026-01-12,UTR202601120001
STL0001766,pay00000006e6,ORD0001766,payment,6599.43,131.99,23.76,6443.68,wallet,2026-01-28,UTR202601280001
STL0001767,pay00000006e7,ORD0001767,payment,830.98,16.62,2.99,811.37,card_debit,2026-01-22,UTR202601220001
STL0001768,pay00000006e8,ORD0001768,payment,6657.82,133.16,23.97,6500.69,card_debit,2026-01-22,UTR202601220001
STL0001769,pay00000006e9,ORD0001769,payment,5619.25,112.39,20.23,5486.63,card_credit,2026-01-29,UTR202601290001
STL0001770,pay00000006ea,ORD0001770,payment,2888.21,57.76,10.40,2820.05,wallet,2026-01-04,UTR202601040001
STL0001771,pay00000006eb,ORD0001771,payment,1168.20,23.36,4.20,1140.64,card_credit,2026-01-16,UTR202601160001
STL0001772,pay00000006ec,ORD0001772,payment,1899.01,37.98,6.84,1854.19,card_debit,2026-01-05,UTR202601050001
STL0001773,pay00000006ed,ORD0001773,payment,5153.89,103.08,18.55,5032.26,netbanking,2026-01-27,UTR202601270001
STL0001774,pay00000006ee,ORD0001774,payment,805.19,16.10,2.90,786.19,netbanking,2026-01-09,UTR202601090001
STL0001775,pay00000006ef,ORD0001775,payment,1890.40,37.81,6.81,1845.78,wallet,2026-01-11,UTR202601110001
STL0001776,pay00000006f0,ORD0001776,payment,8968.32,179.37,32.29,8756.66,netbanking,2026-01-04,UTR202601040001
STL0001777,pay00000006f1,ORD0001777,payment,6296.38,125.93,22.67,6147.78,card_credit,2026-01-21,UTR202601210001
STL0001778,pay00000006f2,ORD0001778,payment,2027.12,40.54,7.30,1979.28,wallet,2026-01-21,UTR202601210001
STL0001779,pay00000006f3,ORD0001779,payment,1602.46,32.05,5.77,1564.64,upi,2026-01-08,UTR202601080001
STL0001780,pay00000006f4,ORD0001780,payment,2309.36,46.19,8.31,2254.86,netbanking,2026-01-05,UTR202601050001
STL0001781,pay00000006f5,ORD0001781,payment,969.37,19.39,3.49,946.49,netbanking,2026-01-15,UTR202601150001
STL0001782,pay00000006f6,ORD0001782,payment,9928.15,198.56,35.74,9693.85,card_debit,2026-01-14,UTR202601140001
STL0001783,pay00000006f7,ORD0001783,payment,9309.17,186.18,33.51,9089.48,wallet,2026-01-24,UTR202601240001
STL0001784,pay00000006f8,ORD0001784,payment,6166.21,123.32,22.20,6020.69,netbanking,2026-01-11,UTR202601110001
STL0001785,pay00000006f9,ORD0001785,payment,4683.30,164.86,16.86,4501.58,wallet,2026-01-16,UTR202601160001
STL0001786,pay00000006fa,ORD0001786,payment,5951.91,119.04,21.43,5811.44,upi,2026-01-15,UTR202601150001
STL0001787,pay00000006fb,ORD0001787,payment,9331.55,186.63,33.59,9111.33,netbanking,2026-01-05,UTR202601050001
STL0001788,pay00000006fc,ORD0001788,payment,8673.43,173.47,31.22,8468.74,upi,2026-01-23,UTR202601230001
STL0001788X,,,chargeback,-286.40,0.00,0.00,-286.40,upi,2026-01-23,UTR202601230001
STL0001789,pay00000006fd,ORD0001789,payment,8298.14,165.96,29.87,8102.31,card_debit,2026-01-07,UTR202601070001
STL0001790,pay00000006fe,ORD0001790,payment,3905.32,78.11,14.06,3813.15,card_credit,2026-01-06,UTR202601060001
STL0001791,pay00000006ff,ORD0001791,payment,7521.22,150.42,27.08,7343.72,card_credit,2026-01-14,UTR202601140001
STL0001792,pay0000000700,ORD0001792,payment,5894.22,117.88,21.22,5755.12,card_debit,2026-01-06,UTR202601060001
STL0001793,pay0000000701,ORD0001793,payment,1084.19,21.68,3.90,1058.61,upi,2026-01-21,UTR202601210001
STL0001794,pay0000000702,ORD0001794,payment,6781.63,135.63,24.41,6621.59,card_debit,2026-01-16,UTR202601160001
STL0001795,pay0000000703,ORD0001795,payment,8422.18,168.44,30.32,8223.42,netbanking,2026-01-18,UTR202601180001
STL0001796,pay0000000704,ORD0001796,payment,6311.45,126.23,22.72,6162.50,upi,2026-01-14,UTR202601140001
STL0001797,pay0000000705,ORD0001797,payment,6754.33,135.09,24.32,6594.92,card_credit,2026-01-28,UTR202601280001
STL0001799,pay0000000707,ORD0001799,payment,8419.96,168.40,30.31,8221.25,card_credit,2026-01-16,UTR202601160001
STL0001800,pay0000000708,ORD0001800,payment,5839.80,116.80,21.02,5701.98,upi,2026-01-28,UTR202601280001
STL0001801,pay0000000709,ORD0001801,payment,7307.88,146.16,26.31,7135.41,upi,2026-01-18,UTR202601180001
STL0001802,pay000000070a,ORD0001802,payment,9837.53,196.75,35.42,9605.36,upi,2026-01-21,UTR202601210001
STL0001803,pay000000070b,ORD0001803,payment,1459.73,29.19,5.25,1425.29,netbanking,2026-01-07,UTR202601070001
STL0001804,pay000000070c,ORD0001804,payment,927.92,18.56,3.34,906.02,upi,2026-01-10,UTR202601100001
STL0001805,pay000000070d,ORD0001805,payment,9129.39,182.59,32.87,8913.93,upi,2026-01-03,UTR202601030001
STL0001806,pay000000070e,ORD0001806,payment,7218.38,144.37,25.99,7048.02,card_debit,2026-01-23,UTR202601230001
STL0001807,pay000000070f,ORD0001807,payment,6122.95,122.46,22.04,5978.45,card_debit,2026-01-17,UTR202601170001
STL0001808,pay0000000710,ORD0001808,payment,9314.24,186.28,33.53,9094.43,wallet,2026-01-15,UTR202601150001
STL0001809,pay0000000711,ORD0001809,payment,6064.56,121.29,21.83,5921.44,netbanking,2026-01-18,UTR202601180001
STL0001810,pay0000000712,ORD0001810,payment,2771.26,55.43,9.98,2705.85,card_credit,2026-01-26,UTR202601260001
STL0001811,pay0000000713,ORD0001811,payment,9157.72,183.15,32.97,8941.60,upi,2026-01-09,UTR202601090001
STL0001812,pay0000000714,ORD0001812,payment,636.94,12.74,2.29,621.91,netbanking,2026-01-08,UTR202601080001
STL0001813,pay0000000715,ORD0001813,payment,1975.45,39.51,7.11,1928.83,wallet,2026-01-17,UTR202601170001
STL0001814,pay0000000716,ORD0001814,payment,5393.91,107.88,19.42,5266.61,card_debit,2026-01-13,UTR202601130001
STL0001815,pay0000000717,ORD0001815,payment,1112.93,22.26,4.01,1086.66,netbanking,2026-01-07,UTR202601070001
STL0001816,pay0000000718,ORD0001816,payment,9105.15,182.10,32.78,8890.27,card_debit,2026-01-22,UTR202601220001
STL0001817,pay0000000719,ORD0001817,payment,7201.02,144.02,25.92,7031.08,upi,2026-01-12,UTR202601120001
STL0001818,pay000000071a,ORD0001818,payment,2527.48,50.55,9.10,2467.83,upi,2026-01-03,UTR202601030001
STL0001819,pay000000071b,ORD0001819,payment,5571.73,111.43,20.06,5440.24,wallet,2026-01-16,UTR202601160001
STL0001820,pay000000071c,ORD0001820,payment,1575.35,31.51,5.67,1538.17,card_credit,2026-01-16,UTR202601160001
STL0001821,pay000000071d,ORD0001821,payment,6806.29,136.13,24.50,6645.66,card_debit,2026-01-15,UTR202601150001
STL0001822,pay000000071e,ORD0001822,payment,6234.05,124.68,22.44,6086.93,wallet,2026-01-11,UTR202601110001
STL0001823,pay000000071f,ORD0001823,payment,7147.48,142.95,25.73,6978.80,upi,2026-01-03,
STL0001824,pay0000000720,ORD0001824,payment,2796.08,55.92,10.07,2730.09,card_credit,2026-01-09,UTR202601090001
STL0001825,pay0000000721,ORD0001825,payment,6508.48,130.17,23.43,6354.88,upi,2026-01-25,UTR202601250001
STL0001826,pay0000000722,ORD0001826,payment,8645.98,172.92,31.13,8441.93,card_debit,2026-01-24,UTR202601240001
STL0001827,pay0000000723,ORD0001827,payment,3650.19,73.00,13.14,3564.05,card_credit,2026-01-24,UTR202601240001
STL0001828,pay0000000724,ORD0001828,payment,993.20,19.86,3.57,969.77,wallet,2026-01-09,UTR202601090001
STL0001829,pay0000000725,ORD0001829,payment,3206.55,64.13,11.54,3130.88,upi,2026-01-25,UTR202601250001
STL0001830,pay0000000726,ORD0001830,payment,3487.90,69.76,12.56,3405.58,netbanking,2026-01-18,UTR202601180001
STL0001831,pay0000000727,ORD0001831,payment,223.38,4.47,0.80,218.11,card_debit,2026-01-07,UTR202601070001
STL0001832,pay0000000728,ORD0001832,payment,8950.29,179.01,32.22,8739.06,upi,2026-01-04,UTR202601040001
STL0001833,pay0000000729,ORD0001833,payment,2600.33,52.01,9.36,2538.96,wallet,2026-01-17,UTR202601170001
STL0001834,pay000000072a,ORD0001834,payment,3052.77,61.06,10.99,2980.72,card_debit,2026-01-30,UTR202601300001
STL0001835,pay000000072b,ORD0001835,payment,8134.15,162.68,29.28,7942.19,card_credit,2026-01-07,UTR202601070001
STL0001836,pay000000072c,ORD0001836,payment,7710.09,154.20,27.76,7528.13,card_credit,2026-01-14,UTR202601140001
STL0001837,pay000000072d,ORD0001837,payment,147.19,2.94,0.53,143.72,card_credit,2026-01-30,UTR202601300001
STL0001838,pay000000072e,ORD0001838,payment,8126.49,162.53,29.26,7934.70,wallet,2026-01-24,UTR202601240001
STL0001839,pay000000072f,ORD0001839,payment,222.34,4.45,0.80,217.09,card_debit,2026-01-06,UTR202601060001
STL0001840,pay0000000730,ORD0001840,payment,329.05,6.58,1.18,321.29,upi,2026-01-09,UTR202601090001
STL0001841,pay0000000731,ORD0001841,payment,3966.29,79.33,14.28,3872.68,wallet,2026-01-24,UTR202601240001
STL0001842,pay0000000732,ORD0001842,payment,4715.93,94.32,16.98,4604.63,card_credit,2026-01-20,UTR202601200001
STL0001843A,pay0000000733,ORD0001843,payment,2463.12,49.26,8.87,2404.99,card_debit,2026-01-21,UTR202601210001
STL0001843B,pay0000000733,ORD0001843,payment,1642.08,32.84,5.91,1603.33,card_debit,2026-01-21,UTR202601210001
STL0001844,pay0000000734,ORD0001844,payment,3604.49,72.09,12.98,3519.42,wallet,2026-01-29,UTR202601290001
STL0001845,pay0000000735,ORD0001845,payment,8313.29,166.27,29.93,8117.09,netbanking,2026-01-13,UTR202601130001
STL0001846,pay0000000736,ORD0001846,payment,1547.78,30.96,5.57,1511.25,wallet,2026-01-17,UTR202601170001
STL0001847,pay0000000737,ORD0001847,payment,1710.05,34.20,6.16,1669.69,card_credit,2026-01-11,
STL0001848,pay0000000738,ORD0001848,payment,2972.65,74.31,10.70,2887.64,card_credit,2026-01-29,UTR202601290001
STL0001849,pay0000000739,ORD0001849,payment,528.26,10.57,1.90,515.79,wallet,2026-01-11,UTR202601110001
STL0001850,pay000000073a,ORD0001850,payment,8067.34,161.35,29.04,7876.95,card_credit,2026-01-21,UTR202601210001
STL0001851,pay000000073b,ORD0001851,payment,7691.61,153.83,27.69,7510.09,card_credit,2026-01-08,UTR202601080001
STL0001852,pay000000073c,ORD0001852,payment,4966.62,99.33,17.88,4849.41,netbanking,2026-01-15,UTR202601150001
STL0001853,pay000000073d,ORD0001853,payment,9485.83,189.72,34.15,9261.96,wallet,2026-01-06,UTR202601060001
STL0001854,pay000000073e,ORD0001854,payment,5917.99,118.36,21.30,5778.33,card_debit,2026-01-17,UTR202601170001
STL0001855,pay000000073f,ORD0001855,payment,2096.97,41.94,7.55,2047.48,card_debit,2026-01-12,UTR202601120001
STL0001856,pay0000000740,ORD0001856,payment,902.55,18.05,3.25,881.25,netbanking,2026-01-11,UTR202601110001
STL0001857,pay0000000741,ORD0001857,payment,8748.57,174.97,31.49,8542.11,netbanking,2026-01-17,UTR202601170001
STL0001858,pay0000000742,ORD0001858,payment,5287.88,105.76,19.04,5163.08,netbanking,2026-01-24,UTR202601240001
STL0001859,pay0000000743,ORD0001859,payment,4306.87,86.14,15.51,4205.22,upi,2026-01-18,UTR202601180001
STL0001860,pay0000000744,ORD0001860,payment,4418.65,88.37,15.91,4314.37,card_debit,2026-01-05,UTR202601050001
STL0001861,pay0000000745,ORD0001861,payment,3917.35,78.35,14.10,3824.90,card_debit,2026-01-07,UTR202601070001
STL0001862,pay0000000746,ORD0001862,payment,67.42,1.35,0.24,65.83,upi,2026-01-16,UTR202601160001
STL0001862X,,,chargeback,-430.90,0.00,0.00,-430.90,upi,2026-01-16,UTR202601160001
STL0001863,pay0000000747,ORD0001863,payment,1127.48,22.55,4.06,1100.87,wallet,2026-01-13,UTR202601130001
STL0001864,pay0000000748,ORD0001864,payment,3479.01,69.58,12.52,3396.91,wallet,2026-01-05,UTR202601050001
STL0001865,pay0000000749,ORD0001865,payment,560.95,11.22,2.02,547.71,wallet,2026-01-24,UTR202601240001
STL0001866,pay000000074a,ORD0001866,payment,5198.64,103.97,18.71,5075.96,card_debit,2026-01-08,UTR202601080001
STL0001867,pay000000074b,ORD0001867,payment,3264.92,65.30,11.75,3187.87,wallet,2026-01-26,UTR202601260001
STL0001868,pay000000074c,ORD0001868,payment,1207.80,24.16,4.35,1179.29,upi,2026-01-06,UTR202601060001
STL0001869,pay000000074d,ORD0001869,payment,2597.14,51.94,9.35,2535.85,wallet,2026-01-08,UTR202601080001
STL0001870,pay000000074e,ORD0001870,payment,588.56,11.77,2.12,574.67,card_debit,2026-01-06,UTR202601060001
STL0001871,pay000000074f,ORD0001871,payment,8831.08,176.62,31.79,8622.67,netbanking,2026-01-21,UTR202601210001
STL0001872,pay0000000750,ORD0001872,payment,6476.37,129.53,23.32,6323.52,upi,2026-01-07,UTR202601070001
STL0001873,pay0000000751,ORD0001873,payment,8588.11,171.76,30.92,8385.43,wallet,2026-01-27,UTR202601270001
STL0001874,pay0000000752,ORD0001874,payment,5043.05,100.86,18.15,4924.04,wallet,2026-01-11,UTR202601110001
STL0001875,pay0000000753,ORD0001875,payment,7006.33,140.13,25.22,6840.98,upi,2026-01-12,UTR202601120001
STL0001876,pay0000000754,ORD0001876,payment,8535.09,170.70,30.73,8333.66,netbanking,2026-01-16,UTR202601160001
STL0001877,pay0000000755,ORD0001877,payment,4088.46,81.77,14.72,3991.97,wallet,2026-01-04,UTR202601040001
STL0001878,pay0000000756,ORD0001878,payment,9527.20,190.54,34.30,9302.36,netbanking,2026-01-15,UTR202601150001
STL0001879,pay0000000757,ORD0001879,payment,1665.04,33.30,5.99,1625.75,card_debit,2026-01-15,UTR202601150001
STL0001880,pay0000000758,ORD0001880,payment,7410.30,148.21,26.68,7235.41,card_debit,2026-01-18,UTR202601180001
STL0001881,pay0000000759,ORD0001881,payment,3694.59,73.89,13.30,3607.40,card_debit,2026-01-24,UTR202601240001
STL0001882,pay000000075a,ORD0001882,payment,8001.52,160.03,28.81,7812.68,upi,2026-01-24,UTR202601240001
STL0001883,pay000000075b,ORD0001883,payment,6769.72,135.39,24.37,6609.96,card_debit,2026-01-19,UTR202601190001
STL0001884,pay000000075c,ORD0001884,payment,9729.62,194.59,35.03,9500.00,card_credit,2026-01-18,UTR202601180001
STL0001885,pay000000075d,ORD0001885,payment,6094.34,121.89,21.94,5950.51,upi,2026-01-13,UTR202601130001
STL0001886,pay000000075e,ORD0001886,payment,1674.11,33.48,6.03,1634.60,netbanking,2026-01-09,UTR202601090001
STL0001887,pay000000075f,ORD0001887,payment,5000.55,100.01,18.00,4882.54,card_debit,2026-01-14,UTR202601140001
STL0001887X,,,adjustment,482.20,0.00,0.00,482.20,card_debit,2026-01-14,UTR202601140001
STL0001888,pay0000000760,ORD0001888,payment,9363.25,187.27,33.71,9142.27,upi,2026-01-14,UTR202601140001
STL0001889,pay0000000761,ORD0001889,payment,1205.34,24.11,4.34,1176.89,wallet,2026-01-04,UTR202601040001
STL0001890,pay0000000762,ORD0001890,payment,313.90,6.28,1.13,306.49,netbanking,2026-01-09,UTR202601090001
STL0001891,pay0000000763,ORD0001891,payment,6688.57,133.77,24.08,6530.72,netbanking,2026-01-21,UTR202601210001
STL0001892,pay0000000764,ORD0001892,payment,3004.86,60.10,10.82,2933.94,netbanking,2026-01-09,UTR202601090001
STL0001893,pay0000000765,ORD0001893,payment,8484.54,169.69,30.54,8284.31,upi,2026-01-29,UTR202601290001
STL0001894,pay0000000766,ORD0001894,payment,7016.38,140.33,25.26,6850.79,upi,2026-01-05,UTR202601050001
STL0001895,pay0000000767,ORD0001895,payment,4283.47,85.67,15.42,4182.38,wallet,2026-01-20,UTR202601200001
STL0001896,pay0000000768,ORD0001896,payment,8733.37,174.67,31.44,8527.26,card_credit,2026-01-09,UTR202601090001
STL0001897,pay0000000769,ORD0001897,payment,5863.36,117.27,21.11,5724.98,netbanking,2026-01-07,UTR202601070001
STL0001898,pay000000076a,ORD0001898,payment,5972.99,119.46,21.50,5832.03,card_credit,2026-01-06,UTR202601060001
STL0001899,pay000000076b,ORD0001899,payment,544.79,10.90,1.96,531.93,card_credit,2026-01-21,UTR202601210001
STL0001900A,pay000000076c,ORD0001900,payment,1584.55,31.69,5.70,1547.16,card_credit,2026-01-14,UTR202601140001
STL0001900B,pay000000076c,ORD0001900,payment,1056.37,21.13,3.80,1031.44,card_credit,2026-01-14,UTR202601140001
STL0001901,pay000000076d,ORD0001901,payment,8951.40,179.03,32.23,8740.14,wallet,2026-01-19,UTR202601190001
STL0001901X,,,refund,-77.66,0.00,0.00,-77.66,wallet,2026-01-19,UTR202601190001
STL0001902,pay000000076e,ORD0001902,payment,6115.81,122.32,22.02,5971.47,upi,2026-01-17,UTR202601170001
STL0001903,pay000000076f,ORD0001903,payment,2740.53,54.81,9.87,2675.85,card_debit,2026-01-08,UTR202601080001
STL0001904,pay0000000770,ORD0001904,payment,8569.37,171.39,30.85,8367.13,upi,2026-01-27,UTR202601270001
STL0001905,pay0000000771,ORD0001905,payment,769.53,15.39,2.77,751.37,netbanking,2026-01-27,UTR202601270001
STL0001906,pay0000000772,ORD0001906,payment,6426.82,128.54,23.14,6275.14,upi,2026-01-05,UTR202601050001
STL0001907,pay0000000773,ORD0001907,payment,2366.86,47.34,8.52,2311.00,card_credit,2026-01-23,UTR202601230001
STL0001908,pay0000000774,ORD0001908,payment,9195.24,183.90,33.10,8978.24,upi,2026-01-09,UTR202601090001
STL0001909,pay0000000775,ORD0001909,payment,8512.75,170.26,30.65,8311.84,upi,2026-01-10,UTR202601100001
STL0001910,pay0000000776,ORD0001910,payment,551.73,11.03,1.99,538.71,netbanking,2026-01-14,UTR202601140001
STL0001911,pay0000000777,ORD0001911,payment,5767.39,115.35,20.76,5631.28,wallet,2026-01-06,UTR202601060001
STL0001912,pay0000000778,ORD0001912,payment,3860.70,77.21,13.90,3769.59,upi,2026-01-14,UTR202601140001
STL0001913,pay0000000779,ORD0001913,payment,969.59,19.39,3.49,946.71,wallet,2026-01-21,UTR202601210001
STL0001914,pay000000077a,ORD0001914,payment,8412.13,168.24,30.28,8213.61,upi,2026-01-02,UTR202601020001
STL0001915,pay000000077b,ORD0001915,payment,2968.23,59.36,10.68,2898.19,card_debit,2026-01-05,UTR202601050001
STL0001916,pay000000077c,ORD0001916,payment,1365.17,27.30,4.91,1332.96,upi,2026-01-23,UTR202601230001
STL0001917,pay000000077d,ORD0001917,payment,805.88,16.12,2.90,786.86,card_credit,2026-01-12,UTR202601120001
STL0001918,pay000000077e,ORD0001918,payment,9009.75,180.20,32.44,8797.11,card_credit,2026-01-10,UTR202601100001
STL0001919,pay000000077f,ORD0001919,payment,3074.00,61.48,11.07,3001.45,card_credit,2026-01-23,UTR202601230001
STL0001920,pay0000000780,ORD0001920,payment,5284.00,105.68,19.02,5159.30,wallet,2026-01-06,UTR202601060001
STL0001921,pay0000000781,ORD0001921,payment,827.56,16.55,2.98,808.03,card_debit,2026-01-10,UTR202601100001
STL0001922,pay0000000782,ORD0001922,payment,5803.26,116.07,20.89,5666.30,card_debit,2026-01-10,UTR202601100001
STL0001923,pay0000000783,ORD0001923,payment,4621.64,92.43,16.64,4512.57,netbanking,2026-01-22,UTR202601220001
STL0001924,pay0000000784,ORD0001924,payment,2839.28,56.79,10.22,2772.27,upi,2026-01-10,UTR202601100001
STL0001925,pay0000000785,ORD0001925,payment,6398.66,127.97,23.03,6247.66,netbanking,2026-01-15,UTR202601150001
STL0001926,pay0000000786,ORD0001926,payment,2358.51,47.17,8.49,2302.85,netbanking,2026-01-10,UTR202601100001
STL0001927,pay0000000787,ORD0001927,payment,6929.82,138.60,24.95,6766.27,upi,2026-01-12,UTR202601120001
STL0001928,pay0000000788,ORD0001928,payment,7916.27,158.33,28.50,7729.44,card_debit,2026-01-14,UTR202601140001
STL0001929,pay0000000789,ORD0001929,payment,3580.06,71.60,12.89,3495.57,upi,2026-01-26,UTR202601260001
STL0001930,pay000000078a,ORD0001930,payment,5806.70,116.13,20.90,5669.67,netbanking,2026-01-16,UTR202601160001
STL0001931,pay000000078b,ORD0001931,payment,7546.57,150.93,27.17,7368.47,netbanking,2026-01-20,UTR202601200001
STL0001932,pay000000078c,ORD0001932,payment,9700.77,194.02,34.92,9471.83,card_credit,2026-01-09,UTR202601090001
STL0001933,pay000000078d,ORD0001933,payment,9976.61,199.53,35.92,9741.16,card_credit,2026-01-12,UTR202601120001
STL0001934,pay000000078e,ORD0001934,payment,4142.69,82.85,14.91,4044.93,card_credit,2026-01-04,UTR202601040001
STL0001935,pay000000078f,ORD0001935,payment,8501.18,170.02,30.60,8300.56,wallet,2026-01-27,UTR202601270001
STL0001936,pay0000000790,ORD0001936,payment,8771.09,175.42,31.58,8564.09,upi,2026-01-11,UTR202601110001
STL0001937,pay0000000791,ORD0001937,payment,4895.97,97.92,17.63,4780.42,wallet,2026-01-05,UTR202601050001
STL0001938,pay0000000792,ORD0001938,payment,619.30,12.39,2.23,604.68,wallet,2026-01-22,UTR202601220001
STL0001939,pay0000000793,ORD0001939,payment,676.54,13.53,2.44,660.57,card_credit,2026-01-17,UTR202601170001
STL0001940,pay0000000794,ORD0001940,payment,1339.02,26.78,4.82,1307.42,upi,2026-01-11,UTR202601110001
STL0001941,pay0000000795,ORD0001941,payment,6868.98,137.38,24.73,6706.87,netbanking,2026-01-05,UTR202601050001
STL0001942,pay0000000796,ORD0001942,payment,444.93,8.90,1.60,434.43,card_credit,2026-01-21,UTR202601210001
STL0001943,pay0000000797,ORD0001943,payment,174.01,3.48,0.63,169.90,upi,2026-01-25,UTR202601250001
STL0001944,pay0000000798,ORD0001944,payment,3672.18,73.44,13.22,3585.52,upi,2026-01-06,UTR202601060001
STL0001945,pay0000000799,ORD0001945,payment,2489.90,49.80,8.96,2431.14,netbanking,2026-01-09,UTR202601090001
STL0001946,pay000000079a,ORD0001946,payment,2973.35,59.47,10.70,2903.18,card_credit,2026-01-08,UTR202601080001
STL0001947,pay000000079b,ORD0001947,payment,4284.63,170.53,15.42,4098.68,wallet,2026-01-23,UTR202601230001
STL0001948,pay000000079c,ORD0001948,payment,9759.99,195.20,35.14,9529.65,card_debit,2026-01-08,UTR202601080001
STL0001949,pay000000079d,ORD0001949,payment,5361.08,107.22,19.30,5234.56,card_credit,2026-01-26,UTR202601260001
STL0001950,pay000000079e,ORD0001950,payment,3977.42,79.55,14.32,3883.55,card_debit,2026-01-30,UTR202601300001
STL0001951,pay000000079f,ORD0001951,payment,6812.48,136.25,24.53,6651.70,wallet,2026-01-04,UTR202601040001
STL0001952,pay00000007a0,ORD0001952,payment,6028.43,120.57,21.70,5886.16,upi,2026-01-24,UTR202601240001
STL0001953,pay00000007a1,ORD0001953,payment,5538.92,110.78,19.94,5408.20,wallet,2026-01-28,UTR202601280001
STL0001954,pay00000007a2,ORD0001954,payment,3328.35,66.57,11.98,3249.80,card_credit,2026-01-12,UTR202601120001
STL0001955,pay00000007a3,ORD0001955,payment,3451.50,69.03,12.43,3370.04,card_credit,2026-01-10,UTR202601100001
STL0001956,pay00000007a4,ORD0001956,payment,1215.23,24.30,4.37,1186.56,netbanking,2026-01-26,UTR202601260001
STL0001957,pay00000007a5,ORD0001957,payment,3695.82,73.92,13.31,3608.59,netbanking,2026-01-20,UTR202601200001
STL0001958,pay00000007a6,ORD0001958,payment,4712.77,94.26,16.97,4601.54,card_debit,2026-01-29,UTR202601290001
STL0001959,pay00000007a7,ORD0001959,payment,2573.42,51.47,9.26,2512.69,card_debit,2026-01-28,UTR202601280001
STL0001960,pay00000007a8,ORD0001960,payment,8350.15,167.00,30.06,8153.09,upi,2026-01-11,UTR202601110001
STL0001961,pay00000007a9,ORD0001961,payment,5300.58,106.01,19.08,5175.49,card_debit,2026-01-06,UTR202601060001
STL0001962,pay00000007aa,ORD0001962,payment,167.65,3.35,0.60,163.70,wallet,2026-01-08,UTR202601080001
STL0001963,pay00000007ab,ORD0001963,payment,4931.84,98.64,17.76,4815.44,netbanking,2026-01-25,UTR202601250001
STL0001964,pay00000007ac,ORD0001964,payment,770.61,15.41,2.77,752.43,netbanking,2026-01-08,UTR202601080001
STL0001965,pay00000007ad,ORD0001965,payment,3720.81,74.42,13.40,3632.99,card_debit,2026-01-08,UTR202601080001
STL0001966,pay00000007ae,ORD0001966,payment,1253.11,25.06,4.51,1223.54,wallet,2026-01-14,UTR202601140001
STL0001966X,,,refund,-53.33,0.00,0.00,-53.33,wallet,2026-01-14,UTR202601140001
STL0001967,pay00000007af,ORD0001967,payment,7751.33,155.03,27.91,7568.39,netbanking,2026-01-14,UTR202601140001
STL0001968,pay00000007b0,ORD0001968,payment,4573.54,91.47,16.46,4465.61,card_debit,2026-01-11,UTR202601110001
STL0001969,pay00000007b1,ORD0001969,payment,6186.96,123.74,22.27,6040.95,upi,2026-01-28,UTR202601280001
STL0001970,pay00000007b2,ORD0001970,payment,3883.40,77.67,13.98,3791.75,netbanking,2026-01-24,UTR202601240001
STL0001971,pay00000007b3,ORD0001971,payment,7581.30,151.63,27.29,7402.38,card_debit,2026-01-20,UTR202601200001
STL0001972,pay00000007b4,ORD0001972,payment,3581.87,71.64,12.90,3497.33,wallet,2026-01-05,UTR202601050001
STL0001973,pay00000007b5,ORD0001973,payment,9736.24,194.72,35.05,9506.47,card_credit,2026-01-16,UTR202601160001
STL0001974,pay00000007b6,ORD0001974,payment,1506.52,30.13,5.42,1470.97,card_credit,2026-01-05,UTR202601050001
STL0001975,pay00000007b7,ORD0001975,payment,6421.79,128.44,23.12,6270.23,card_debit,2026-01-13,UTR202601130001
STL0001976,pay00000007b8,ORD0001976,payment,9288.55,185.77,33.44,9069.34,wallet,2026-01-08,UTR202601080001
STL0001977,pay00000007b9,ORD0001977,payment,9699.25,193.99,34.92,9470.34,card_debit,2026-01-09,UTR202601090001
STL0001978,pay00000007ba,ORD0001978,payment,5339.08,106.78,19.22,5213.08,upi,2026-01-28,UTR202601280001
STL0001979,pay00000007bb,ORD0001979,payment,5665.52,113.31,20.40,5531.81,upi,2026-01-20,UTR202601200001
STL0001980,pay00000007bc,ORD0001980,payment,2960.28,59.21,10.66,2890.41,wallet,2026-01-21,UTR202601210001
STL0001981,pay00000007bd,ORD0001981,payment,4763.95,95.28,17.15,4651.52,upi,2026-01-13,UTR202601130001
STL0001982,pay00000007be,ORD0001982,payment,4537.63,90.75,16.34,4430.54,card_credit,2026-01-17,UTR202601170001
STL0001983,pay00000007bf,ORD0001983,payment,1226.19,24.52,4.41,1197.26,upi,2026-01-13,UTR202601130001
STL0001984,pay00000007c0,ORD0001984,payment,5321.91,106.44,19.16,5196.31,wallet,2026-01-14,UTR202601140001
STL0001985,pay00000007c1,ORD0001985,payment,781.87,15.64,2.82,763.41,netbanking,2026-01-24,UTR202601240001
STL0001985X,,,refund,-346.63,0.00,0.00,-346.63,netbanking,2026-01-24,UTR202601240001
STL0001986,pay00000007c2,ORD0001986,payment,3334.51,66.69,12.00,3255.82,upi,2026-01-10,UTR202601100001
STL0001987,pay00000007c3,ORD0001987,payment,6153.25,123.07,22.15,6008.03,card_credit,2026-01-14,UTR202601140001
STL0001988,pay00000007c4,ORD0001988,payment,5085.42,101.71,18.31,4965.40,card_credit,2026-01-29,UTR202601290001
STL0001989,pay00000007c5,ORD0001989,payment,6661.07,133.22,23.98,6503.87,card_debit,2026-01-06,
STL0001990,pay00000007c6,ORD0001990,payment,5853.29,117.07,21.07,5715.15,upi,2026-01-21,UTR202601210001
STL0001991,pay00000007c7,ORD0001991,payment,2763.52,55.27,9.95,2698.30,card_debit,2026-01-23,UTR202601230001
STL0001992,pay00000007c8,ORD0001992,payment,5082.55,101.65,18.30,4962.60,card_debit,2026-01-19,UTR202601190001
STL0001993,pay00000007c9,ORD0001993,payment,7009.23,140.18,25.23,6843.82,netbanking,2026-01-19,UTR202601190001
STL0001994,pay00000007ca,ORD0001994,payment,5703.10,114.06,20.53,5568.51,upi,2026-01-17,UTR202601170001
STL0001995,pay00000007cb,ORD0001995,payment,9408.82,188.18,33.87,9186.77,card_credit,2026-01-27,UTR202601270001
STL0001996,pay00000007cc,ORD0001996,payment,4460.03,89.20,16.06,4354.77,upi,2026-01-06,UTR202601060001
STL0001997,pay00000007cd,ORD0001997,payment,4179.26,83.59,15.05,4080.62,netbanking,2026-01-25,UTR202601250001
STL0001998,pay00000007ce,ORD0001998,payment,7211.04,144.22,25.96,7040.86,wallet,2026-01-10,UTR202601100001
STL0001999,pay00000007cf,ORD0001999,payment,8928.25,178.57,32.14,8717.54,card_credit,2026-01-29,UTR202601290001
STL0002000,pay00000007d0,ORD0002000,payment,3335.46,66.71,12.01,3256.74,netbanking,2026-01-16,UTR202601160001
STL0002001,pay00000007d1,ORD0002001,payment,9571.87,191.44,34.46,9345.97,card_debit,2026-01-05,UTR202601050001
STL0002002,pay00000007d2,ORD0002002,payment,8587.85,171.76,30.92,8385.17,card_debit,2026-01-04,UTR202601040001
STL0002003,pay00000007d3,ORD0002003,payment,1751.24,35.02,6.30,1709.92,upi,2026-01-21,UTR202601210001
STL0002004,pay00000007d4,ORD0002004,payment,6435.95,128.72,23.17,6284.06,wallet,2026-01-23,UTR202601230001
STL0002004X,,,refund,-253.50,0.00,0.00,-253.50,wallet,2026-01-23,UTR202601230001
STL0002005,pay00000007d5,ORD0002005,payment,951.36,19.03,3.43,928.90,wallet,2026-01-27,
STL0002006,pay00000007d6,ORD0002006,payment,2211.86,44.24,7.96,2159.66,netbanking,2026-01-15,UTR202601150001
STL0002007,pay00000007d7,ORD0002007,payment,2409.74,48.19,8.67,2352.88,card_credit,2026-01-12,UTR202601120001
STL0002008,pay00000007d8,ORD0002008,payment,5803.11,116.06,20.89,5666.16,upi,2026-01-25,UTR202601250001
STL0002009,pay00000007d9,ORD0002009,payment,5526.33,110.53,19.90,5395.90,upi,2026-01-06,UTR202601060001
STL0002010,pay00000007da,ORD0002010,payment,3166.10,63.32,11.40,3091.38,card_debit,2026-01-04,UTR202601040001
STL0002010X,,,refund,-252.63,0.00,0.00,-252.63,card_debit,2026-01-04,UTR202601040001
STL0002011,pay00000007db,ORD0002011,payment,6876.06,137.52,24.75,6713.79,card_credit,2026-01-16,UTR202601160001
STL0002012,pay00000007dc,ORD0002012,payment,807.44,16.15,2.91,788.38,netbanking,2026-01-06,UTR202601060001
STL0002012X,,,refund,-360.00,0.00,0.00,-360.00,netbanking,2026-01-06,UTR202601060001
STL0002013,pay00000007dd,ORD0002013,payment,6347.54,126.95,22.85,6197.74,netbanking,2026-01-08,UTR202601080001
STL0002014,pay00000007de,ORD0002014,payment,6356.13,127.12,22.88,6206.13,upi,2026-01-13,UTR202601130001
STL0002015,pay00000007df,ORD0002015,payment,4816.97,96.34,17.34,4703.29,wallet,2026-01-10,UTR202601100001
STL0002016,pay00000007e0,ORD0002016,payment,3058.85,61.18,11.01,2986.66,wallet,2026-01-16,UTR202601160001
STL0002017,pay00000007e1,ORD0002017,payment,2987.39,59.75,10.76,2916.88,upi,2026-01-25,UTR202601250001
STL0002018,pay00000007e2,ORD0002018,payment,7633.99,152.68,27.48,7453.83,upi,2026-01-16,UTR202601160001
STL0002019,pay00000007e3,ORD0002019,payment,6064.50,121.29,21.83,5921.38,netbanking,2026-01-02,UTR202601020001
STL0002020,pay00000007e4,ORD0002020,payment,5910.09,118.20,21.28,5770.61,upi,2026-01-05,UTR202601050001
STL0002021,pay00000007e5,ORD0002021,payment,9073.37,181.47,32.66,8859.24,netbanking,2026-01-17,UTR202601170001
STL0002022,pay00000007e6,ORD0002022,payment,4970.16,99.40,17.89,4852.87,card_credit,2026-01-19,UTR202601190001
STL0002023,pay00000007e7,ORD0002023,payment,7769.82,155.40,27.97,7586.45,wallet,2026-01-13,UTR202601130001
STL0002024,pay00000007e8,ORD0002024,payment,9142.58,182.85,32.91,8926.82,wallet,2026-01-02,UTR202601020001
STL0002025,pay00000007e9,ORD0002025,payment,5725.91,114.52,20.61,5590.78,card_credit,2026-01-17,UTR202601170001
STL0002026,pay00000007ea,ORD0002026,payment,5069.58,101.39,18.25,4949.94,netbanking,2026-01-18,UTR202601180001
STL0002027,pay00000007eb,ORD0002027,payment,3944.35,78.89,14.20,3851.26,upi,2026-01-08,UTR202601080001
STL0002028,pay00000007ec,ORD0002028,payment,4593.58,91.87,16.54,4485.17,netbanking,2026-01-06,UTR202601060001
STL0002029,pay00000007ed,ORD0002029,payment,8426.67,168.53,30.34,8227.80,wallet,2026-01-20,UTR202601200001
STL0002030,pay00000007ee,ORD0002030,payment,102.08,2.04,0.37,99.67,card_credit,2026-01-12,UTR202601120001
STL0002031,pay00000007ef,ORD0002031,payment,6454.79,129.10,23.24,6302.45,wallet,2026-01-14,UTR202601140001
STL0002032,pay00000007f0,ORD0002032,payment,8423.11,168.46,30.32,8224.33,card_credit,2026-01-23,UTR202601230001
STL0002033,pay00000007f1,ORD0002033,payment,2213.48,72.16,7.97,2133.35,netbanking,2026-01-14,UTR202601140001
STL0002034,pay00000007f2,ORD0002034,payment,4938.48,98.77,17.78,4821.93,card_debit,2026-01-06,UTR202601060001
STL0002035,pay00000007f3,ORD0002035,payment,989.06,19.78,3.56,965.72,upi,2026-01-19,UTR202601190001
STL0002036,pay00000007f4,ORD0002036,payment,6238.30,124.77,22.46,6091.07,wallet,2026-01-09,UTR202601090001
STL0002037,pay00000007f5,ORD0002037,payment,3622.14,72.44,13.04,3536.66,card_credit,2026-01-22,UTR202601220001
STL0002038,pay00000007f6,ORD0002038,payment,9562.88,191.26,34.43,9337.19,netbanking,2026-01-17,UTR202601170001
STL0002039,pay00000007f7,ORD0002039,payment,5888.68,117.77,21.20,5749.71,card_debit,2026-01-21,UTR202601210001
STL0002040,pay00000007f8,ORD0002040,payment,1874.87,37.50,6.75,1830.62,wallet,2026-01-12,UTR202601120001
STL0002041,pay00000007f9,ORD0002041,payment,4020.48,80.41,14.47,3925.60,wallet,2026-01-14,UTR202601140001
STL0002042,pay00000007fa,ORD0002042,payment,4969.03,99.38,17.89,4851.76,card_debit,2026-01-08,UTR202601080001
STL0002042X,,,chargeback,-101.00,0.00,0.00,-101.00,card_debit,2026-01-08,UTR202601080001
STL0002043,,,payment,1507.95,30.16,5.43,1472.36,card_credit,2026-01-07,UTR202601070001
STL0002044,pay00000007fc,ORD0002044,payment,1441.28,28.83,5.19,1407.26,netbanking,2026-01-20,UTR202601200001
STL0002045,pay00000007fd,ORD0002045,payment,5251.81,105.04,18.91,5127.86,netbanking,2026-01-28,UTR202601280001
STL0002046,pay00000007fe,ORD0002046,payment,4047.57,80.95,14.57,3952.05,wallet,2026-01-25,UTR202601250001
STL0002047,pay00000007ff,ORD0002047,payment,824.98,16.50,2.97,805.51,card_credit,2026-01-23,UTR202601230001
STL0002048,pay0000000800,ORD0002048,payment,8811.73,176.23,31.72,8603.78,card_credit,2026-01-17,UTR202601170001
STL0002049,pay0000000801,ORD0002049,payment,5855.05,117.10,21.08,5716.87,card_credit,2026-01-15,UTR202601150001
STL0002050,pay0000000802,ORD0002050,payment,8086.84,161.74,29.11,7895.99,card_debit,2026-01-24,UTR202601240001
STL0002051,pay0000000803,ORD0002051,payment,9193.61,183.87,33.10,8976.64,upi,2026-01-08,UTR202601080001
STL0002052,pay0000000804,ORD0002052,payment,3790.26,75.81,13.65,3700.80,card_credit,2026-01-20,UTR202601200001
STL0002053,pay0000000805,ORD0002053,payment,9557.95,191.16,34.41,9332.38,wallet,2026-01-13,UTR202601130001
STL0002054,pay0000000806,ORD0002054,payment,6791.57,135.83,24.45,6631.29,card_credit,2026-01-10,UTR202601100001
STL0002055,pay0000000807,ORD0002055,payment,605.06,12.10,2.18,590.78,netbanking,2026-01-22,UTR202601220001
STL0002056,pay0000000808,ORD0002056,payment,6634.51,132.69,23.88,6477.94,wallet,2026-01-17,UTR202601170001
STL0002057,pay0000000809,ORD0002057,payment,405.48,8.11,1.46,395.91,card_debit,2026-01-15,UTR202601150001
STL0002058,pay000000080a,ORD0002058,payment,1860.01,37.20,6.70,1816.11,upi,2026-01-06,UTR202601060001
STL0002059,pay000000080b,ORD0002059,payment,7456.08,149.12,26.84,7280.12,card_credit,2026-01-05,UTR202601050001
STL0002060,pay000000080c,ORD0002060,payment,2041.14,40.82,7.35,1992.97,card_credit,2026-01-24,UTR202601240001
STL0002061,pay000000080d,ORD0002061,payment,1779.33,35.59,6.41,1737.33,netbanking,2026-01-20,UTR202601200001
STL0002062,pay000000080e,ORD0002062,payment,7006.57,140.13,25.22,6841.22,wallet,2026-01-23,UTR202601230001
STL0002063,pay000000080f,ORD0002063,payment,2800.88,56.02,10.08,2734.78,card_credit,2026-01-04,UTR202601040001
STL0002064,pay0000000810,ORD0002064,payment,7226.71,144.53,26.02,7056.16,upi,2026-01-20,UTR202601200001
STL0002065,pay0000000811,ORD0002065,payment,5882.89,117.66,21.18,5744.05,wallet,2026-01-14,UTR202601140001
STL0002066,pay0000000812,ORD0002066,payment,907.77,18.16,3.27,886.34,upi,2026-01-20,UTR202601200001
STL0002067,pay0000000813,ORD0002067,payment,911.15,18.22,3.28,889.65,upi,2026-01-09,UTR202601090001
STL0002068,pay0000000814,ORD0002068,payment,8275.50,165.51,29.79,8080.20,netbanking,2026-01-03,UTR202601030001
STL0002068X,,,refund,-166.69,0.00,0.00,-166.69,netbanking,2026-01-03,UTR202601030001
STL0002069,pay0000000815,ORD0002069,payment,3232.33,64.65,11.64,3156.04,card_debit,2026-01-30,UTR202601300001
STL0002070,pay0000000816,ORD0002070,payment,3982.35,79.65,14.34,3888.36,card_debit,2026-01-25,UTR202601250001
STL0002071,pay0000000817,ORD0002071,payment,4345.92,86.92,15.65,4243.35,card_debit,2026-01-09,UTR202601090001
STL0002072,pay0000000818,ORD0002072,payment,2724.52,54.49,9.81,2660.22,netbanking,2026-01-24,UTR202601240001
STL0002073,pay0000000819,ORD0002073,payment,3817.76,76.36,13.74,3727.66,card_debit,2026-01-15,UTR202601150001
STL0002073X,,,adjustment,257.75,0.00,0.00,257.75,card_debit,2026-01-15,UTR202601150001
STL0002074,pay000000081a,ORD0002074,payment,1637.67,32.75,5.90,1599.02,card_credit,2026-01-20,UTR202601200001
STL0002075,pay000000081b,ORD0002075,payment,7156.47,143.13,25.76,6987.58,wallet,2026-01-28,UTR202601280001
STL0002076,pay000000081c,ORD0002076,payment,7797.30,155.95,28.07,7613.28,card_debit,2026-01-29,UTR202601290001
STL0002077,pay000000081d,ORD0002077,payment,4909.06,98.18,17.67,4793.21,wallet,2026-01-10,UTR202601100001
STL0002078,pay000000081e,ORD0002078,payment,1959.81,39.20,7.06,1913.55,card_credit,2026-01-19,UTR202601190001
STL0002079,pay000000081f,ORD0002079,payment,3967.67,79.35,14.28,3874.04,upi,2026-01-25,UTR202601250001
STL0002080,pay0000000820,ORD0002080,payment,9120.57,182.41,32.83,8905.33,card_credit,2026-01-03,UTR202601030001
STL0002081,pay0000000821,ORD0002081,payment,9473.43,189.47,34.10,9249.86,card_credit,2026-01-06,UTR202601060001
STL0002082,pay0000000822,ORD0002082,payment,5738.38,114.77,20.66,5602.95,netbanking,2026-01-09,UTR202601090001
STL0002083,pay0000000823,ORD0002083,payment,7287.34,145.75,26.24,7115.35,card_credit,2026-01-15,UTR202601150001
STL0002084,,,payment,6306.33,126.13,22.70,6157.50,card_credit,2026-01-13,UTR202601130001
STL0002085,pay0000000825,ORD0002085,payment,2461.84,49.24,8.86,2403.74,netbanking,2026-01-27,UTR202601270001
STL0002086,pay0000000826,ORD0002086,payment,6060.40,121.21,21.82,5917.37,card_debit,2026-01-16,UTR202601160001
STL0002087,pay0000000827,ORD0002087,payment,9301.62,186.03,33.49,9082.10,card_debit,2026-01-23,UTR202601230001
STL0002088,pay0000000828,ORD0002088,payment,3498.30,69.97,12.59,3415.74,card_debit,2026-01-28,UTR202601280001
STL0002089,pay0000000829,ORD0002089,payment,4814.95,96.30,17.33,4701.32,card_debit,2026-01-14,UTR202601140001
STL0002090,pay000000082a,ORD0002090,payment,1809.26,36.19,6.51,1766.56,card_debit,2026-01-11,UTR202601110001
STL0002091,pay000000082b,ORD0002091,payment,4582.54,91.65,16.50,4474.39,wallet,2026-01-06,UTR202601060001
STL0002092,pay000000082c,ORD0002092,payment,3929.37,78.59,14.15,3836.63,upi,2026-01-03,UTR202601030001
STL0002093,pay000000082d,ORD0002093,payment,7206.47,144.13,25.94,7036.40,netbanking,2026-01-15,UTR202601150001
STL0002094,pay000000082e,ORD0002094,payment,7410.29,148.21,26.68,7235.40,card_credit,2026-01-09,UTR202601090001
STL0002095,pay000000082f,ORD0002095,payment,1405.12,28.10,5.06,1371.96,netbanking,2026-01-15,UTR202601150001
STL0002096,pay0000000830,ORD0002096,payment,5605.60,112.11,20.18,5473.31,wallet,2026-01-06,UTR202601060001
STL0002096X,,,adjustment,121.75,0.00,0.00,121.75,wallet,2026-01-06,UTR202601060001
STL0002097,pay0000000831,ORD0002097,payment,8056.42,161.13,29.00,7866.29,wallet,2026-01-10,UTR202601100001
STL0002098,pay0000000832,ORD0002098,payment,6407.25,128.15,23.07,6256.03,card_debit,2026-01-21,UTR202601210001
STL0002099,pay0000000833,ORD0002099,payment,1976.01,39.52,7.11,1929.38,upi,2026-01-04,UTR202601040001
STL0002100,pay0000000834,ORD0002100,payment,6863.15,137.26,24.71,6701.18,card_credit,2026-01-08,UTR202601080001
STL0002101,pay0000000835,ORD0002101,payment,8616.69,172.33,31.02,8413.34,card_debit,2026-01-18,UTR202601180001
STL0002102,pay0000000836,ORD0002102,payment,7159.85,143.20,25.78,6990.87,card_credit,2026-01-18,UTR202601180001
STL0002103,pay0000000837,ORD0002103,payment,1068.30,21.37,3.85,1043.08,card_debit,2026-01-22,UTR202601220001
STL0002104,pay0000000838,ORD0002104,payment,6030.97,120.62,21.71,5888.64,upi,2026-01-19,UTR202601190001
STL0002105,pay0000000839,ORD0002105,payment,7032.50,140.65,25.32,6866.53,card_credit,2026-01-14,UTR202601140001
STL0002106,pay000000083a,ORD0002106,payment,7786.11,155.72,28.03,7602.36,wallet,2026-01-23,UTR202601230001
STL0002107,pay000000083b,ORD0002107,payment,4970.50,99.41,17.89,4853.20,card_credit,2026-01-26,UTR202601260001
STL0002108,pay000000083c,ORD0002108,payment,4451.64,89.03,16.03,4346.58,upi,2026-01-21,UTR202601210001
STL0002109,pay000000083d,ORD0002109,payment,3539.91,70.80,12.74,3456.37,wallet,2026-01-26,UTR202601260001
STL0002110,pay000000083e,ORD0002110,payment,4775.90,95.52,17.19,4663.19,upi,2026-01-16,UTR202601160001
STL0002111,pay000000083f,ORD0002111,payment,5139.05,102.78,18.50,5017.77,card_credit,2026-01-18,UTR202601180001
STL0002112,pay0000000840,ORD0002112,payment,3543.54,70.87,12.76,3459.91,wallet,2026-01-23,UTR202601230001
STL0002113,pay0000000841,ORD0002113,payment,3079.84,61.60,11.09,3007.15,card_credit,2026-01-14,UTR202601140001
STL0002114,pay0000000842,ORD0002114,payment,378.45,7.57,1.36,369.52,upi,2026-01-23,UTR202601230001
STL0002115,pay0000000843,ORD0002115,payment,4159.61,83.19,14.97,4061.45,upi,2026-01-11,UTR202601110001
STL0002116,pay0000000844,ORD0002116,payment,1521.70,30.43,5.48,1485.79,card_credit,2026-01-23,UTR202601230001
STL0002117,pay0000000845,ORD0002117,payment,7229.60,144.59,26.03,7058.98,wallet,2026-01-23,UTR202601230001
STL0002118,pay0000000846,ORD0002118,payment,431.15,8.62,1.55,420.98,card_debit,2026-01-04,UTR202601040001
STL0002119,pay0000000847,ORD0002119,payment,7594.70,151.89,27.34,7415.47,upi,2026-01-24,UTR202601240001
STL0002120,pay0000000848,ORD0002120,payment,6681.71,133.63,24.05,6524.03,upi,2026-01-26,UTR202601260001
STL0002121,pay0000000849,ORD0002121,payment,7835.41,156.71,28.21,7650.49,upi,2026-01-11,UTR202601110001
STL0002122,pay000000084a,ORD0002122,payment,5991.26,119.83,21.57,5849.86,wallet,2026-01-12,UTR202601120001
STL0002123,pay000000084b,ORD0002123,payment,2560.92,51.22,9.22,2500.48,netbanking,2026-01-26,UTR202601260001
STL0002124,pay000000084c,ORD0002124,payment,9814.20,196.28,35.33,9582.59,card_debit,2026-01-17,UTR202601170001
STL0002125,pay000000084d,ORD0002125,payment,7045.55,140.91,25.36,6879.28,card_credit,2026-01-03,UTR202601030001
STL0002126,pay000000084e,ORD0002126,payment,4274.62,85.49,15.39,4173.74,card_debit,2026-01-09,UTR202601090001
STL0002127,pay000000084f,ORD0002127,payment,4860.26,97.21,17.50,4745.55,card_debit,2026-01-21,UTR202601210001
STL0002128,pay0000000850,ORD0002128,payment,7640.35,152.81,27.51,7460.03,wallet,2026-01-25,UTR202601250001
STL0002129,pay0000000851,ORD0002129,payment,4084.37,81.69,14.70,3987.98,card_credit,2026-01-18,UTR202601180001
STL0002130,pay0000000852,ORD0002130,payment,4664.69,93.29,16.79,4554.61,netbanking,2026-01-08,UTR202601080001
STL0002131,pay0000000853,ORD0002131,payment,7321.18,146.42,26.36,7148.40,upi,2026-01-08,UTR202601080001
STL0002132,pay0000000854,ORD0002132,payment,5995.65,119.91,21.58,5854.16,upi,2026-01-05,UTR202601050001
STL0002133,pay0000000855,ORD0002133,payment,5558.17,111.16,20.01,5427.00,netbanking,2026-01-14,UTR202601140001
STL0002134,pay0000000856,ORD0002134,payment,315.00,6.30,1.13,307.57,wallet,2026-01-07,UTR202601070001
STL0002135,pay0000000857,ORD0002135,payment,8025.97,160.52,28.89,7836.56,netbanking,2026-01-04,UTR202601040001
STL0002136,pay0000000858,ORD0002136,payment,3940.14,78.80,14.18,3847.16,upi,2026-01-21,UTR202601210001
STL0002137,pay0000000859,ORD0002137,payment,1165.06,23.30,4.19,1137.57,netbanking,2026-01-20,UTR202601200001
STL0002138,pay000000085a,ORD0002138,payment,3696.24,73.92,13.31,3609.01,card_credit,2026-01-28,UTR202601280001
STL0002139,pay000000085b,ORD0002139,payment,3813.16,76.26,13.73,3723.17,card_credit,2026-01-24,UTR202601240001
STL0002140,pay000000085c,ORD0002140,payment,5588.75,111.78,20.12,5456.85,netbanking,2026-01-15,UTR202601150001
STL0002141,pay000000085d,ORD0002141,payment,3006.89,60.14,10.83,2935.92,netbanking,2026-01-28,UTR202601280001
STL0002142,pay000000085e,ORD0002142,payment,5590.40,111.81,20.13,5458.46,card_debit,2026-01-29,UTR202601290001
STL0002143,pay000000085f,ORD0002143,payment,1035.99,20.72,3.73,1011.54,card_debit,2026-01-15,UTR202601150001
STL0002144,pay0000000860,ORD0002144,payment,6494.38,129.89,23.38,6341.11,wallet,2026-01-11,UTR202601110001
STL0002145,pay0000000861,ORD0002145,payment,6291.92,125.84,22.65,6143.43,wallet,2026-01-21,UTR202601210001
STL0002146,pay0000000862,ORD0002146,payment,5974.60,119.49,21.51,5833.60,card_credit,2026-02-03,
STL0002147,pay0000000863,ORD0002147,payment,4087.51,81.75,14.72,3991.04,card_debit,2026-01-19,UTR202601190001
STL0002148,pay0000000864,ORD0002148,payment,7586.83,151.74,27.31,7407.78,card_debit,2026-01-11,UTR202601110001
STL0002149,pay0000000865,ORD0002149,payment,3077.13,61.54,11.08,3004.51,netbanking,2026-01-06,UTR202601060001
STL0002150,pay0000000866,ORD0002150,payment,7173.81,143.48,25.83,7004.50,netbanking,2026-01-21,UTR202601210001
STL0002151,pay0000000867,ORD0002151,payment,1170.56,23.41,4.21,1142.94,card_debit,2026-01-27,UTR202601270001
STL0002152,pay0000000868,ORD0002152,payment,737.34,14.75,2.66,719.93,netbanking,2026-01-04,UTR202601040001
STL0002153,pay0000000869,ORD0002153,payment,4935.50,98.71,17.77,4819.02,card_credit,2026-01-15,UTR202601150001
STL0002154,pay000000086a,ORD0002154,payment,5639.43,112.79,20.30,5506.34,upi,2026-01-06,UTR202601060001
STL0002155,pay000000086b,ORD0002155,payment,4182.49,83.65,15.06,4083.78,wallet,2026-01-29,UTR202601290001
STL0002156,pay000000086c,ORD0002156,payment,4619.21,92.38,16.63,4510.20,card_credit,2026-01-15,UTR202601150001
STL0002157,pay000000086d,ORD0002157,payment,6084.76,121.70,21.91,5941.15,card_credit,2026-01-26,UTR202601260001
STL0002158,pay000000086e,ORD0002158,payment,3568.42,71.37,12.85,3484.20,card_debit,2026-01-07,UTR202601070001
STL0002159,pay000000086f,ORD0002159,payment,3465.57,69.31,12.48,3383.78,netbanking,2026-01-24,UTR202601240001
STL0002160,pay0000000870,ORD0002160,payment,7942.51,158.85,28.59,7755.07,netbanking,2026-01-12,UTR202601120001
STL0002162,pay0000000872,ORD0002162,payment,5476.25,109.53,19.72,5347.00,wallet,2026-01-12,UTR202601120001
STL0002163,pay0000000873,ORD0002163,payment,3058.64,61.17,11.01,2986.46,card_credit,2026-01-13,UTR202601130001
STL0002164,pay0000000874,ORD0002164,payment,4617.29,92.35,16.62,4508.32,card_debit,2026-01-25,UTR202601250001
STL0002165,pay0000000875,ORD0002165,payment,3070.33,61.41,11.05,2997.87,upi,2026-01-14,UTR202601140001
STL0002166,pay0000000876,ORD0002166,payment,6120.61,122.41,22.03,5976.17,card_credit,2026-01-11,UTR202601110001
STL0002167,pay0000000877,ORD0002167,payment,5337.96,106.76,19.22,5211.98,wallet,2026-01-26,UTR202601260001
STL0002168,pay0000000878,ORD0002168,payment,3614.34,72.29,13.01,3529.04,card_credit,2026-01-24,UTR202601240001
STL0002169,pay0000000879,ORD0002169,payment,3968.39,79.37,14.29,3874.73,netbanking,2026-01-19,UTR202601190001
STL0002170,pay000000087a,ORD0002170,payment,9412.12,188.24,33.88,9190.00,card_credit,2026-01-14,UTR202601140001
STL0002171,pay000000087b,ORD0002171,payment,2169.56,43.39,7.81,2118.36,upi,2026-01-11,UTR202601110001
STL0002172,pay000000087c,ORD0002172,payment,3743.18,74.86,13.47,3654.85,upi,2026-01-19,UTR202601190001
STL0002173,pay000000087d,ORD0002173,payment,8873.28,177.47,31.94,8663.87,card_debit,2026-01-28,UTR202601280001
STL0002174,pay000000087e,ORD0002174,payment,349.35,6.99,1.26,341.10,upi,2026-01-16,UTR202601160001
STL0002175,pay000000087f,ORD0002175,payment,5612.30,112.25,20.21,5479.84,netbanking,2026-01-25,UTR202601250001
STL0002176,pay0000000880,ORD0002176,payment,2605.17,52.10,9.38,2543.69,card_debit,2026-01-11,UTR202601110001
STL0002177,pay0000000881,ORD0002177,payment,6829.20,136.58,24.58,6668.04,netbanking,2026-01-11,UTR202601110001
STL0002178,pay0000000882,ORD0002178,payment,6392.27,127.85,23.01,6241.41,card_debit,2026-01-12,UTR202601120001
STL0002179,pay0000000883,ORD0002179,payment,9625.33,192.51,34.65,9398.17,upi,2026-01-05,UTR202601050001
STL0002180,pay0000000884,ORD0002180,payment,2562.90,51.26,9.23,2502.41,wallet,2026-01-20,UTR202601200001
STL0002181,pay0000000885,ORD0002181,payment,540.64,10.81,1.95,527.88,upi,2026-01-13,UTR202601130001
STL0002182,pay0000000886,ORD0002182,payment,4996.59,99.93,17.99,4878.67,card_debit,2026-01-10,UTR202601100001
STL0002183,pay0000000887,ORD0002183,payment,3150.31,63.01,11.34,3075.96,upi,2026-01-21,UTR202601210001
STL0002184,pay0000000888,ORD0002184,payment,4646.43,92.93,16.73,4536.77,wallet,2026-01-28,UTR202601280001
STL0002185,pay0000000889,ORD0002185,payment,10.19,0.20,0.04,9.95,netbanking,2026-01-11,UTR202601110001
STL0002186,pay000000088a,ORD0002186,payment,3451.03,69.02,12.42,3369.59,card_credit,2026-01-19,UTR202601190001
STL0002187,pay000000088b,ORD0002187,payment,5585.41,111.71,20.11,5453.59,wallet,2026-01-11,UTR202601110001
STL0002188,pay000000088c,ORD0002188,payment,6568.26,131.37,23.65,6413.24,netbanking,2026-01-16,UTR202601160001
STL0002188X,,,adjustment,338.93,0.00,0.00,338.93,netbanking,2026-01-16,UTR202601160001
STL0002189,pay000000088d,ORD0002189,payment,4938.61,98.77,17.78,4822.06,netbanking,2026-01-17,UTR202601170001
STL0002190,pay000000088e,ORD0002190,payment,996.61,19.93,3.59,973.09,wallet,2026-01-18,UTR202601180001
STL0002191,pay000000088f,ORD0002191,payment,2034.99,40.70,7.33,1986.96,card_debit,2026-01-26,UTR202601260001
STL0002192,pay0000000890,ORD0002192,payment,3207.18,64.14,11.55,3131.49,card_credit,2026-01-12,UTR202601120001
STL0002193,pay0000000891,ORD0002193,payment,2210.07,44.20,7.96,2157.91,card_debit,2026-01-20,UTR202601200001
STL0002194,pay0000000892,ORD0002194,payment,8244.82,164.90,29.68,8050.24,card_debit,2026-01-09,UTR202601090001
STL0002195,pay0000000893,ORD0002195,payment,5420.54,108.41,19.51,5292.62,card_credit,2026-01-19,UTR202601190001
STL0002196,pay0000000894,ORD0002196,payment,2761.23,55.22,9.94,2696.07,card_credit,2026-01-17,UTR202601170001
STL0002197,pay0000000895,ORD0002197,payment,3716.26,74.33,13.38,3628.55,netbanking,2026-01-29,UTR202601290001
STL0002198,pay0000000896,ORD0002198,payment,8002.43,160.05,28.81,7813.57,upi,2026-01-16,UTR202601160001
STL0002199,pay0000000897,ORD0002199,payment,3712.89,74.26,13.37,3625.26,upi,2026-01-23,UTR202601230001
STL0002200,pay0000000898,ORD0002200,payment,2125.35,42.51,7.65,2075.19,upi,2026-01-09,UTR202601090001
STL0002201,pay0000000899,ORD0002201,payment,8298.39,165.97,29.87,8102.55,card_debit,2026-01-16,UTR202601160001
STL0002203,pay000000089b,ORD0002203,payment,7584.62,151.69,27.30,7405.63,netbanking,2026-01-19,UTR202601190001
STL0002204,pay000000089c,ORD0002204,payment,9535.37,190.71,34.33,9310.33,wallet,2026-01-25,UTR202601250001
STL0002205,pay000000089d,ORD0002205,payment,626.98,12.54,2.26,612.18,card_credit,2026-01-06,UTR202601060001
STL0002206,pay000000089e,ORD0002206,payment,4599.06,91.98,16.56,4490.52,upi,2026-01-11,UTR202601110001
STL0002207,pay000000089f,ORD0002207,payment,8134.01,162.68,29.28,7942.05,card_debit,2026-01-25,UTR202601250001
STL0002208,pay00000008a0,ORD0002208,payment,6024.75,120.50,21.69,5882.56,card_credit,2026-01-08,UTR202601080001
STL0002209,pay00000008a1,ORD0002209,payment,8003.40,160.07,28.81,7814.52,card_credit,2026-01-25,UTR202601250001
STL0002210,pay00000008a2,ORD0002210,payment,1477.90,29.56,5.32,1443.02,card_credit,2026-01-28,UTR202601280001
STL0002211,pay00000008a3,ORD0002211,payment,3792.76,75.86,13.65,3703.25,card_debit,2026-01-26,UTR202601260001
STL0002212,pay00000008a4,ORD0002212,payment,2392.42,47.85,8.61,2335.96,card_credit,2026-01-16,UTR202601160001
STL0002213,pay00000008a5,ORD0002213,payment,7844.68,156.89,28.24,7659.55,netbanking,2026-01-04,UTR202601040001
STL0002214,pay00000008a6,ORD0002214,payment,8457.20,169.14,30.45,8257.61,upi,2026-01-19,UTR202601190001
STL0002215,pay00000008a7,ORD0002215,payment,5376.45,107.53,19.36,5249.56,upi,2026-01-14,UTR202601140001
STL0002216,pay00000008a8,ORD0002216,payment,9159.91,183.20,32.98,8943.73,netbanking,2026-01-29,UTR202601290001
STL0002217A,pay00000008a9,ORD0002217,payment,2102.78,42.06,7.57,2053.15,wallet,2026-01-22,UTR202601220001
STL0002217B,pay00000008a9,ORD0002217,payment,1401.86,28.04,5.05,1368.77,wallet,2026-01-22,UTR202601220001
STL0002218,pay00000008aa,ORD0002218,payment,1182.91,23.66,4.26,1154.99,upi,2026-01-21,UTR202601210001
STL0002219,pay00000008ab,ORD0002219,payment,4917.02,98.34,17.70,4800.98,netbanking,2026-01-21,UTR202601210001
STL0002220,pay00000008ac,ORD0002220,payment,4888.37,97.77,17.60,4773.00,upi,2026-01-17,UTR202601170001
STL0002221,pay00000008ad,ORD0002221,payment,6036.65,120.73,21.73,5894.19,netbanking,2026-01-14,UTR202601140001
STL0002222,pay00000008ae,ORD0002222,payment,4214.67,84.29,15.17,4115.21,netbanking,2026-01-22,UTR202601220001
STL0002223,pay00000008af,ORD0002223,payment,4483.98,89.68,16.14,4378.16,wallet,2026-01-06,UTR202601060001
STL0002224,pay00000008b0,ORD0002224,payment,3429.85,68.60,12.35,3348.90,card_debit,2026-01-21,UTR202601210001
STL0002225,pay00000008b1,ORD0002225,payment,6028.42,120.57,21.70,5886.15,card_debit,2026-01-13,UTR202601130001
STL0002226,pay00000008b2,ORD0002226,payment,1062.97,21.26,3.83,1037.88,wallet,2026-01-02,UTR202601020001
STL0002227,pay00000008b3,ORD0002227,payment,731.31,14.63,2.63,714.05,card_debit,2026-01-12,UTR202601120001
STL0002228,pay00000008b4,ORD0002228,payment,1717.20,34.34,6.18,1676.68,card_credit,2026-01-15,UTR202601150001
STL0002228X,,,adjustment,293.12,0.00,0.00,293.12,card_credit,2026-01-15,UTR202601150001
STL0002229,pay00000008b5,ORD0002229,payment,1295.90,25.92,4.67,1265.31,card_debit,2026-01-29,UTR202601290001
STL0002230,pay00000008b6,ORD0002230,payment,4690.16,93.80,16.88,4579.48,netbanking,2026-01-16,UTR202601160001
STL0002231,pay00000008b7,ORD0002231,payment,1312.04,26.24,4.72,1281.08,wallet,2026-01-06,UTR202601060001
STL0002232,pay00000008b8,ORD0002232,payment,7938.59,158.77,28.58,7751.24,wallet,2026-01-10,UTR202601100001
STL0002233,pay00000008b9,ORD0002233,payment,3327.72,66.55,11.98,3249.19,wallet,2026-01-15,UTR202601150001
STL0002234,pay00000008ba,ORD0002234,payment,2681.85,53.64,9.66,2618.55,upi,2026-01-18,UTR202601180001
STL0002235,pay00000008bb,ORD0002235,payment,4409.16,88.18,15.87,4305.11,card_credit,2026-01-15,UTR202601150001
STL0002236,pay00000008bc,ORD0002236,payment,4557.38,91.15,16.41,4449.82,upi,2026-01-24,UTR202601240001
STL0002237,pay00000008bd,ORD0002237,payment,8500.24,170.00,30.60,8299.64,card_credit,2026-01-15,UTR202601150001
STL0002237X,,,adjustment,121.23,0.00,0.00,121.23,card_credit,2026-01-15,UTR202601150001
STL0002238,pay00000008be,ORD0002238,payment,5925.04,118.50,21.33,5785.21,card_debit,2026-01-02,UTR202601020001
STL0002239,pay00000008bf,ORD0002239,payment,7998.16,159.96,28.79,7809.41,card_credit,2026-01-03,UTR202601030001
STL0002240,pay00000008c0,ORD0002240,payment,4355.29,87.11,15.68,4252.50,card_debit,2026-01-28,UTR202601280001
STL0002241,pay00000008c1,ORD0002241,payment,1592.33,31.85,5.73,1554.75,card_debit,2026-01-25,UTR202601250001
STL0002242,pay00000008c2,ORD0002242,payment,4237.62,84.75,15.26,4137.61,wallet,2026-01-23,UTR202601230001
STL0002243,pay00000008c3,ORD0002243,payment,8218.16,164.36,29.58,8024.22,upi,2026-01-03,UTR202601030001
STL0002244,pay00000008c4,ORD0002244,payment,1518.52,30.37,5.47,1482.68,wallet,2026-01-16,UTR202601160001
STL0002245,,,payment,1784.85,35.70,6.43,1742.72,card_debit,2026-01-08,UTR202601080001
STL0002246,pay00000008c6,ORD0002246,payment,1183.71,23.67,4.26,1155.78,netbanking,2026-01-19,UTR202601190001
STL0002247,pay00000008c7,ORD0002247,payment,6330.75,126.62,22.79,6181.34,netbanking,2026-01-28,UTR202601280001
STL0002248,pay00000008c8,ORD0002248,payment,2698.38,53.97,9.71,2634.70,card_credit,2026-01-08,UTR202601080001
STL0002249,pay00000008c9,ORD0002249,payment,7014.01,140.28,25.25,6848.48,wallet,2026-01-25,UTR202601250001
STL0002250,pay00000008ca,ORD0002250,payment,2304.64,46.09,8.30,2250.25,card_debit,2026-01-18,UTR202601180001
STL0002251,pay00000008cb,ORD0002251,payment,7797.86,155.96,28.07,7613.83,upi,2026-01-07,UTR202601070001
STL0002252,pay00000008cc,ORD0002252,payment,2633.47,52.67,9.48,2571.32,netbanking,2026-01-09,UTR202601090001
STL0002253,pay00000008cd,ORD0002253,payment,5456.72,109.13,19.64,5327.95,card_credit,2026-01-18,UTR202601180001
STL0002254,pay00000008ce,ORD0002254,payment,6938.20,138.76,24.98,6774.46,upi,2026-01-07,UTR202601070001
STL0002255,pay00000008cf,ORD0002255,payment,1915.21,38.30,6.89,1870.02,card_debit,2026-01-02,UTR202601020001
STL0002256,pay00000008d0,ORD0002256,payment,3386.99,67.74,12.19,3307.06,card_debit,2026-01-03,UTR202601030001
STL0002257,pay00000008d1,ORD0002257,payment,8571.75,171.44,30.86,8369.45,netbanking,2026-01-20,UTR202601200001
STL0002258,pay00000008d2,ORD0002258,payment,5728.96,114.58,20.62,5593.76,wallet,2026-01-17,UTR202601170001
STL0002259,pay00000008d3,ORD0002259,payment,3541.37,70.83,12.75,3457.79,wallet,2026-01-08,UTR202601080001
STL0002260,pay00000008d4,ORD0002260,payment,1016.91,58.78,3.66,954.47,card_credit,2026-01-25,UTR202601250001
STL0002261,pay00000008d5,ORD0002261,payment,271.48,5.43,0.98,265.07,netbanking,2026-01-19,UTR202601190001
STL0002262,pay00000008d6,ORD0002262,payment,1266.20,25.32,4.56,1236.32,card_credit,2026-01-20,UTR202601200001
STL0002263,pay00000008d7,ORD0002263,payment,5806.75,116.14,20.91,5669.70,wallet,2026-01-05,UTR202601050001
STL0002264,pay00000008d8,ORD0002264,payment,8813.17,176.26,31.73,8605.18,card_debit,2026-01-23,UTR202601230001
STL0002265A,pay00000008d9,ORD0002265,payment,2229.77,44.60,8.03,2177.14,wallet,2026-01-20,UTR202601200001
STL0002265B,pay00000008d9,ORD0002265,payment,1486.52,29.73,5.35,1451.44,wallet,2026-01-20,UTR202601200001
STL0002267,pay00000008db,ORD0002267,payment,6656.24,133.12,23.96,6499.16,card_debit,2026-01-23,UTR202601230001
STL0002268,pay00000008dc,ORD0002268,payment,6397.80,127.96,23.03,6246.81,netbanking,2026-01-15,UTR202601150001
STL0002269,pay00000008dd,ORD0002269,payment,9452.21,189.04,34.03,9229.14,netbanking,2026-01-19,UTR202601190001
STL0002270,pay00000008de,ORD0002270,payment,7570.97,151.42,27.26,7392.29,wallet,2026-01-12,UTR202601120001
STL0002271,pay00000008df,ORD0002271,payment,2193.95,43.88,7.90,2142.17,card_debit,2026-01-26,UTR202601260001
STL0002272,pay00000008e0,ORD0002272,payment,8628.92,172.58,31.06,8425.28,netbanking,2026-01-07,UTR202601070001
STL0002273,pay00000008e1,ORD0002273,payment,2032.64,40.65,7.32,1984.67,card_credit,2026-01-09,UTR202601090001
STL0002274,pay00000008e2,ORD0002274,payment,4214.40,84.29,15.17,4114.94,card_debit,2026-01-06,UTR202601060001
STL0002275,pay00000008e3,ORD0002275,payment,7980.30,159.61,28.73,7791.96,wallet,2026-01-12,UTR202601120001
STL0002276,pay00000008e4,ORD0002276,payment,1080.96,21.62,3.89,1055.45,netbanking,2026-01-28,UTR202601280001
STL0002277,pay00000008e5,ORD0002277,payment,1314.29,26.29,4.73,1283.27,card_credit,2026-01-19,UTR202601190001
STL0002278,pay00000008e6,ORD0002278,payment,9961.10,199.22,35.86,9726.02,upi,2026-01-04,UTR202601040001
STL0002279,pay00000008e7,ORD0002279,payment,4470.99,89.42,16.10,4365.47,netbanking,2026-01-22,UTR202601220001
STL0002280,pay00000008e8,ORD0002280,payment,2360.45,47.21,8.50,2304.74,wallet,2026-01-20,UTR202601200001
STL0002281,pay00000008e9,ORD0002281,payment,9076.07,181.52,32.67,8861.88,netbanking,2026-01-15,UTR202601150001
STL0002282,pay00000008ea,ORD0002282,payment,4539.85,90.80,16.34,4432.71,card_credit,2026-01-15,UTR202601150001
STL0002283,pay00000008eb,ORD0002283,payment,7685.21,153.70,27.67,7503.84,card_credit,2026-01-12,UTR202601120001
STL0002284,pay00000008ec,ORD0002284,payment,8774.20,175.48,31.59,8567.13,upi,2026-01-10,UTR202601100001
STL0002285,pay00000008ed,ORD0002285,payment,5096.34,101.93,18.35,4976.06,netbanking,2026-01-11,UTR202601110001
STL0002286,pay00000008ee,ORD0002286,payment,1095.15,21.90,3.94,1069.31,wallet,2026-01-28,UTR202601280001
STL0002287,pay00000008ef,ORD0002287,payment,5446.76,108.94,19.61,5318.21,upi,2026-01-25,UTR202601250001
STL0002288,pay00000008f0,ORD0002288,payment,8326.49,166.53,29.98,8129.98,upi,2026-01-22,UTR202601220001
STL0002289,pay00000008f1,ORD0002289,payment,2507.05,50.14,9.03,2447.88,upi,2026-01-14,UTR202601140001
STL0002290,pay00000008f2,ORD0002290,payment,8269.20,165.38,29.77,8074.05,upi,2026-01-18,UTR202601180001
STL0002291,pay00000008f3,ORD0002291,payment,8531.60,170.63,30.71,8330.26,card_debit,2026-01-27,UTR202601270001
STL0002292,pay00000008f4,ORD0002292,payment,258.17,5.16,0.93,252.08,netbanking,2026-01-23,UTR202601230001
STL0002293,pay00000008f5,ORD0002293,payment,7649.72,152.99,27.54,7469.19,card_credit,2026-01-18,UTR202601180001
STL0002294,pay00000008f6,ORD0002294,payment,2612.81,52.26,9.41,2551.14,card_credit,2026-01-10,UTR202601100001
STL0002295,pay00000008f7,ORD0002295,payment,6661.43,133.23,23.98,6504.22,wallet,2026-01-12,UTR202601120001
STL0002296,pay00000008f8,ORD0002296,payment,7771.85,155.44,27.98,7588.43,netbanking,2026-01-14,UTR202601140001
STL0002297,pay00000008f9,ORD0002297,payment,3504.76,70.10,12.62,3422.04,upi,2026-01-14,UTR202601140001
STL0002298,pay00000008fa,ORD0002298,payment,953.25,19.07,3.43,930.75,netbanking,2026-01-24,UTR202601240001
STL0002299,pay00000008fb,ORD0002299,payment,7938.15,158.76,28.58,7750.81,netbanking,2026-01-16,UTR202601160001
STL0002300,pay00000008fc,ORD0002300,payment,8455.44,169.11,30.44,8255.89,card_debit,2026-01-16,UTR202601160001
STL0002301,pay00000008fd,ORD0002301,payment,1173.95,23.48,4.23,1146.24,wallet,2026-01-10,UTR202601100001
STL0002302,pay00000008fe,ORD0002302,payment,5876.19,117.52,21.15,5737.52,upi,2026-01-21,UTR202601210001
STL0002303,pay00000008ff,ORD0002303,payment,954.40,19.09,3.44,931.87,card_debit,2026-01-25,UTR202601250001
STL0002304,pay0000000900,ORD0002304,payment,5592.10,111.84,20.13,5460.13,upi,2026-01-14,UTR202601140001
STL0002305,pay0000000901,ORD0002305,payment,7725.48,154.51,27.81,7543.16,upi,2026-01-30,UTR202601300001
STL0002306,pay0000000902,ORD0002306,payment,2362.45,47.25,8.51,2306.69,card_debit,2026-01-18,UTR202601180001
STL0002307,pay0000000903,ORD0002307,payment,2875.87,57.52,10.35,2808.00,card_debit,2026-01-04,UTR202601040001
STL0002308,pay0000000904,ORD0002308,payment,2373.02,47.46,8.54,2317.02,card_credit,2026-01-16,UTR202601160001
STL0002309,pay0000000905,ORD0002309,payment,222.83,4.46,0.80,217.57,netbanking,2026-01-22,UTR202601220001
STL0002310,pay0000000906,ORD0002310,payment,5961.81,119.24,21.46,5821.11,wallet,2026-01-10,UTR202601100001
STL0002311,pay0000000907,ORD0002311,payment,6039.10,120.78,21.74,5896.58,card_credit,2026-01-15,UTR202601150001
STL0002312,pay0000000908,ORD0002312,payment,3827.21,76.54,13.78,3736.89,upi,2026-01-10,UTR202601100001
STL0002313,pay0000000909,ORD0002313,payment,1415.25,28.31,5.10,1381.84,wallet,2026-01-14,UTR202601140001
STL0002314,pay000000090a,ORD0002314,payment,9625.46,192.51,34.65,9398.30,wallet,2026-01-28,UTR202601280001
STL0002315,pay000000090b,ORD0002315,payment,8469.66,169.39,30.49,8269.78,wallet,2026-01-29,UTR202601290001
STL0002316,pay000000090c,ORD0002316,payment,2353.43,47.07,8.47,2297.89,netbanking,2026-01-16,UTR202601160001
STL0002317,pay000000090d,ORD0002317,payment,5217.81,104.36,18.78,5094.67,upi,2026-01-20,UTR202601200001
STL0002318,pay000000090e,ORD0002318,payment,5866.49,117.33,21.12,5728.04,netbanking,2026-01-23,UTR202601230001
STL0002319,pay000000090f,ORD0002319,payment,1555.63,31.11,5.60,1518.92,card_credit,2026-01-06,UTR202601060001
STL0002320,pay0000000910,ORD0002320,payment,9938.69,198.77,35.78,9704.14,netbanking,2026-01-27,UTR202601270001
STL0002321,pay0000000911,ORD0002321,payment,8019.94,160.40,28.87,7830.67,netbanking,2026-01-08,UTR202601080001
STL0002322,pay0000000912,ORD0002322,payment,7315.73,146.31,26.34,7143.08,wallet,2026-01-23,UTR202601230001
STL0002323,pay0000000913,ORD0002323,payment,5331.29,106.63,19.19,5205.47,wallet,2026-01-17,UTR202601170001
STL0002324,,,payment,76.04,1.52,0.27,74.25,wallet,2026-01-22,UTR202601220001
STL0002325,pay0000000915,ORD0002325,payment,6441.68,128.83,23.19,6289.66,card_debit,2026-01-06,UTR202601060001
STL0002326,pay0000000916,ORD0002326,payment,2613.85,52.28,9.41,2552.16,upi,2026-01-21,UTR202601210001
STL0002327,pay0000000917,ORD0002327,payment,5195.18,103.90,18.70,5072.58,upi,2026-01-25,UTR202601250001
STL0002328,pay0000000918,ORD0002328,payment,6023.85,120.48,21.69,5881.68,netbanking,2026-01-25,UTR202601250001
STL0002329,pay0000000919,ORD0002329,payment,1457.37,29.15,5.25,1422.97,card_credit,2026-01-13,UTR202601130001
STL0002330,pay000000091a,ORD0002330,payment,4517.66,90.35,16.26,4411.05,card_credit,2026-01-10,UTR202601100001
STL0002331,pay000000091b,ORD0002331,payment,2381.49,47.63,8.57,2325.29,upi,2026-01-14,UTR202601140001
STL0002332,pay000000091c,ORD0002332,payment,218.91,4.38,0.79,213.74,card_credit,2026-01-21,
STL0002333,pay000000091d,ORD0002333,payment,5553.23,111.06,19.99,5422.18,card_credit,2026-01-03,UTR202601030001
STL0002333X,,,adjustment,374.20,0.00,0.00,374.20,card_credit,2026-01-03,UTR202601030001
STL0002334,pay000000091e,ORD0002334,payment,3935.44,78.71,14.17,3842.56,wallet,2026-01-06,UTR202601060001
STL0002335,pay000000091f,ORD0002335,payment,5617.12,112.34,20.22,5484.56,card_debit,2026-01-10,UTR202601100001
STL0002336,pay0000000920,ORD0002336,payment,6023.66,120.47,21.68,5881.51,wallet,2026-01-07,UTR202601070001
STL0002337,pay0000000921,ORD0002337,payment,8592.78,171.86,30.93,8389.99,wallet,2026-01-16,UTR202601160001
STL0002338,pay0000000922,ORD0002338,payment,8326.99,166.54,29.98,8130.47,upi,2026-01-06,UTR202601060001
STL0002339,pay0000000923,ORD0002339,payment,1896.80,37.94,6.83,1852.03,netbanking,2026-01-20,UTR202601200001
STL0002340,pay0000000924,ORD0002340,payment,1632.94,32.66,5.88,1594.40,wallet,2026-01-23,UTR202601230001
STL0002341,pay0000000925,ORD0002341,payment,8226.49,164.53,29.62,8032.34,upi,2026-01-18,UTR202601180001
STL0002342,pay0000000926,ORD0002342,payment,3839.57,76.79,13.82,3748.96,card_debit,2026-01-07,UTR202601070001
STL0002343A,pay0000000927,ORD0002343,payment,264.66,5.29,0.95,258.42,wallet,2026-01-14,UTR202601140001
STL0002343B,pay0000000927,ORD0002343,payment,176.44,3.53,0.64,172.27,wallet,2026-01-14,UTR202601140001
STL0002344,pay0000000928,ORD0002344,payment,6962.43,139.25,25.07,6798.11,wallet,2026-01-24,UTR202601240001
STL0002345,pay0000000929,ORD0002345,payment,5582.64,111.65,20.10,5450.89,card_debit,2026-01-20,UTR202601200001
STL0002346,pay000000092a,ORD0002346,payment,1425.56,28.51,5.13,1391.92,netbanking,2026-01-18,UTR202601180001
STL0002347,pay000000092b,ORD0002347,payment,3958.83,79.18,14.25,3865.40,upi,2026-01-05,UTR202601050001
STL0002348,pay000000092c,ORD0002348,payment,5081.20,101.62,18.29,4961.29,card_credit,2026-01-22,UTR202601220001
STL0002349,pay000000092d,ORD0002349,payment,7333.51,146.67,26.40,7160.44,card_debit,2026-01-03,UTR202601030001
STL0002350,pay000000092e,ORD0002350,payment,3225.38,64.51,11.61,3149.26,upi,2026-01-21,UTR202601210001
STL0002351,pay000000092f,ORD0002351,payment,500.00,10.00,1.80,488.20,wallet,2026-01-12,UTR202601120001
STL0002351X,,,chargeback,-289.29,0.00,0.00,-289.29,wallet,2026-01-12,UTR202601120001
STL0002352,pay0000000930,ORD0002352,payment,7749.15,154.98,27.90,7566.27,wallet,2026-01-18,UTR202601180001
STL0002353,pay0000000931,ORD0002353,payment,7336.46,146.73,26.41,7163.32,card_debit,2026-01-04,UTR202601040001
STL0002354,pay0000000932,ORD0002354,payment,7475.16,149.50,26.91,7298.75,netbanking,2026-01-12,UTR202601120001
STL0002355,pay0000000933,ORD0002355,payment,6720.30,134.41,24.19,6561.70,card_debit,2026-01-22,UTR202601220001
STL0002356,pay0000000934,ORD0002356,payment,1224.81,24.50,4.41,1195.90,card_credit,2026-01-11,UTR202601110001
STL0002357,pay0000000935,ORD0002357,payment,4093.56,81.87,14.74,3996.95,upi,2026-01-29,UTR202601290001
STL0002358,pay0000000936,ORD0002358,payment,6283.36,125.67,22.62,6135.07,wallet,2026-01-10,UTR202601100001
STL0002359,pay0000000937,ORD0002359,payment,9464.07,189.28,34.07,9240.72,card_credit,2026-01-24,UTR202601240001
STL0002360,pay0000000938,ORD0002360,payment,112.24,2.24,0.40,109.60,card_debit,2026-01-16,UTR202601160001
STL0002361,pay0000000939,ORD0002361,payment,5124.32,102.49,18.45,5003.38,netbanking,2026-01-12,UTR202601120001
STL0002361X,,,chargeback,-89.46,0.00,0.00,-89.46,netbanking,2026-01-12,UTR202601120001
STL0002362,pay000000093a,ORD0002362,payment,6956.67,139.13,25.04,6792.50,upi,2026-01-26,UTR202601260001
STL0002362X,,,adjustment,325.16,0.00,0.00,325.16,upi,2026-01-26,UTR202601260001
STL0002363,pay000000093b,ORD0002363,payment,702.30,14.05,2.53,685.72,card_credit,2026-01-09,UTR202601090001
STL0002364,pay000000093c,ORD0002364,payment,7502.56,150.05,27.01,7325.50,card_credit,2026-01-26,UTR202601260001
STL0002365,pay000000093d,ORD0002365,payment,5983.01,119.66,21.54,5841.81,netbanking,2026-01-10,UTR202601100001
STL0002366,pay000000093e,ORD0002366,payment,9274.69,185.49,33.39,9055.81,card_debit,2026-01-09,UTR202601090001
STL0002367,pay000000093f,ORD0002367,payment,379.29,11.08,1.37,366.84,card_debit,2026-01-17,UTR202601170001
STL0002368,pay0000000940,ORD0002368,payment,8000.82,160.02,28.80,7812.00,wallet,2026-01-25,UTR202601250001
STL0002369,pay0000000941,ORD0002369,payment,7747.12,154.94,27.89,7564.29,wallet,2026-01-06,UTR202601060001
STL0002370,pay0000000942,ORD0002370,payment,1986.48,39.73,7.15,1939.60,upi,2026-01-27,UTR202601270001
STL0002371,pay0000000943,ORD0002371,payment,9951.68,199.03,35.83,9716.82,card_debit,2026-01-07,UTR202601070001
STL0002372,pay0000000944,ORD0002372,payment,2108.96,42.18,7.59,2059.19,card_debit,2026-01-23,UTR202601230001
STL0002373,pay0000000945,ORD0002373,payment,5306.54,106.13,19.10,5181.31,card_debit,2026-01-06,UTR202601060001
STL0002374,pay0000000946,ORD0002374,payment,7567.13,151.34,27.24,7388.55,upi,2026-01-17,UTR202601170001
STL0002375,pay0000000947,ORD0002375,payment,6313.86,126.28,22.73,6164.85,card_debit,2026-01-18,UTR202601180001
STL0002376,pay0000000948,ORD0002376,payment,3334.79,66.70,12.01,3256.08,netbanking,2026-01-03,UTR202601030001
STL0002377,pay0000000949,ORD0002377,payment,188.10,3.76,0.68,183.66,card_credit,2026-01-22,UTR202601220001
STL0002377X,,,adjustment,453.47,0.00,0.00,453.47,card_credit,2026-01-22,UTR202601220001
STL0002378,pay000000094a,ORD0002378,payment,2455.12,49.10,8.84,2397.18,upi,2026-01-04,UTR202601040001
STL0002379,pay000000094b,ORD0002379,payment,8065.35,161.31,29.04,7875.00,upi,2026-01-20,UTR202601200001
STL0002380,pay000000094c,ORD0002380,payment,780.14,15.60,2.81,761.73,netbanking,2026-01-04,UTR202601040001
STL0002381,pay000000094d,ORD0002381,payment,6464.74,129.29,23.27,6312.18,card_debit,2026-01-16,UTR202601160001
STL0002382,pay000000094e,ORD0002382,payment,6428.66,128.57,23.14,6276.95,netbanking,2026-01-11,UTR202601110001
STL0002383,pay000000094f,ORD0002383,payment,1610.76,32.22,5.80,1572.74,card_credit,2026-01-16,UTR202601160001
STL0002384,pay0000000950,ORD0002384,payment,1833.22,36.66,6.60,1789.96,card_credit,2026-01-14,UTR202601140001
STL0002385,pay0000000951,ORD0002385,payment,4532.08,90.64,16.32,4425.12,netbanking,2026-01-27,UTR202601270001
STL0002386,pay0000000952,ORD0002386,payment,9230.42,184.61,33.23,9012.58,card_credit,2026-01-19,UTR202601190001
STL0002387,pay0000000953,ORD0002387,payment,4260.04,85.20,15.34,4159.50,netbanking,2026-01-17,UTR202601170001
STL0002388,pay0000000954,ORD0002388,payment,4078.11,81.56,14.68,3981.87,netbanking,2026-01-17,UTR202601170001
STL0002389,pay0000000955,ORD0002389,payment,5561.78,111.24,20.02,5430.52,card_debit,2026-01-10,UTR202601100001
STL0002390,pay0000000956,ORD0002390,payment,9945.55,198.91,35.80,9710.84,wallet,2026-01-26,UTR202601260001
STL0002391,pay0000000957,ORD0002391,payment,8310.54,166.21,29.92,8114.41,card_debit,2026-01-16,UTR202601160001
STL0002392,pay0000000958,ORD0002392,payment,4935.74,98.71,17.77,4819.26,netbanking,2026-01-07,UTR202601070001
STL0002393,pay0000000959,ORD0002393,payment,5789.92,115.80,20.84,5653.28,netbanking,2026-01-09,UTR202601090001
STL0002394,pay000000095a,ORD0002394,payment,4649.98,93.00,16.74,4540.24,card_debit,2026-01-04,UTR202601040001
STL0002395,pay000000095b,ORD0002395,payment,7827.08,156.54,28.18,7642.36,wallet,2026-01-24,UTR202601240001
STL0002396,pay000000095c,ORD0002396,payment,2079.18,41.58,7.48,2030.12,card_debit,2026-01-07,UTR202601070001
STL0002397,pay000000095d,ORD0002397,payment,1373.96,27.48,4.95,1341.53,wallet,2026-01-28,UTR202601280001
STL0002398,,,payment,6590.95,131.82,23.73,6435.40,upi,2026-01-03,UTR202601030001
STL0002399,pay000000095f,ORD0002399,payment,9121.98,182.44,32.84,8906.70,card_credit,2026-01-03,UTR202601030001
STL0002400,pay0000000960,ORD0002400,payment,3745.23,74.90,13.48,3656.85,upi,2026-01-09,UTR202601090001
STL0002401,pay0000000961,ORD0002401,payment,9539.13,190.78,34.34,9314.01,card_debit,2026-01-13,UTR202601130001
STL0002402,pay0000000962,ORD0002402,payment,1069.29,21.39,3.85,1044.05,card_debit,2026-01-27,UTR202601270001
STL0002403,pay0000000963,ORD0002403,payment,5586.62,111.73,20.11,5454.78,wallet,2026-01-23,UTR202601230001
STL0002404,pay0000000964,ORD0002404,payment,7343.59,146.87,26.44,7170.28,card_debit,2026-01-12,UTR202601120001
STL0002405,pay0000000965,ORD0002405,payment,1022.84,20.46,3.68,998.70,netbanking,2026-01-27,UTR202601270001
STL0002406,pay0000000966,ORD0002406,payment,1792.38,35.85,6.45,1750.08,card_credit,2026-01-28,UTR202601280001
STL0002407,pay0000000967,ORD0002407,payment,6138.02,122.76,22.10,5993.16,netbanking,2026-01-20,UTR202601200001
STL0002408,pay0000000968,ORD0002408,payment,5948.15,118.96,21.41,5807.78,upi,2026-01-14,UTR202601140001
STL0002409,pay0000000969,ORD0002409,payment,6548.44,130.97,23.57,6393.90,upi,2026-01-11,UTR202601110001
STL0002410,pay000000096a,ORD0002410,payment,8298.89,165.98,29.88,8103.03,card_credit,2026-01-24,UTR202601240001
STL0002411,pay000000096b,ORD0002411,payment,9953.48,199.07,35.83,9718.58,netbanking,2026-01-29,UTR202601290001
STL0002411X,,,adjustment,278.76,0.00,0.00,278.76,netbanking,2026-01-29,UTR202601290001
STL0002412,pay000000096c,ORD0002412,payment,1777.72,35.55,6.40,1735.77,card_credit,2026-01-15,UTR202601150001
STL0002413,pay000000096d,ORD0002413,payment,9487.06,189.74,34.15,9263.17,upi,2026-01-02,UTR202601020001
STL0002414,pay000000096e,ORD0002414,payment,7350.43,147.01,26.46,7176.96,card_credit,2026-01-12,UTR202601120001
STL0002414X,,,refund,-435.37,0.00,0.00,-435.37,card_credit,2026-01-12,UTR202601120001
STL0002415,pay000000096f,ORD0002415,payment,4808.39,96.17,17.31,4694.91,upi,2026-01-25,UTR202601250001
STL0002416,pay0000000970,ORD0002416,payment,9720.53,194.41,34.99,9491.13,upi,2026-01-23,UTR202601230001
STL0002417,pay0000000971,ORD0002417,payment,2098.40,41.97,7.55,2048.88,card_credit,2026-01-17,UTR202601170001
STL0002418,pay0000000972,ORD0002418,payment,3524.38,70.49,12.69,3441.20,netbanking,2026-01-14,UTR202601140001
STL0002419,pay0000000973,ORD0002419,payment,1392.68,27.85,5.01,1359.82,netbanking,2026-01-13,UTR202601130001
STL0002420,pay0000000974,ORD0002420,payment,878.52,17.57,3.16,857.79,card_credit,2026-01-18,UTR202601180001
STL0002421,pay0000000975,ORD0002421,payment,9398.34,187.97,33.83,9176.54,upi,2026-01-05,UTR202601050001
STL0002422,pay0000000976,ORD0002422,payment,1862.10,37.24,6.70,1818.16,card_debit,2026-01-15,UTR202601150001
STL0002423,pay0000000977,ORD0002423,payment,9061.45,181.23,32.62,8847.60,card_credit,2026-01-04,UTR202601040001
STL0002424,pay0000000978,ORD0002424,payment,6479.54,129.59,23.33,6326.62,netbanking,2026-01-06,UTR202601060001
STL0002425,pay0000000979,ORD0002425,payment,3474.74,69.49,12.51,3392.74,upi,2026-01-27,UTR202601270001
STL0002426,pay000000097a,ORD0002426,payment,2097.13,41.94,7.55,2047.64,upi,2026-01-25,UTR202601250001
STL0002426X,,,chargeback,-157.74,0.00,0.00,-157.74,upi,2026-01-25,UTR202601250001
STL0002427,pay000000097b,ORD0002427,payment,2209.30,44.19,7.95,2157.16,wallet,2026-01-04,UTR202601040001
STL0002428,pay000000097c,ORD0002428,payment,8577.64,171.55,30.88,8375.21,card_debit,2026-01-10,UTR202601100001
STL0002429,pay000000097d,ORD0002429,payment,7676.01,153.52,27.63,7494.86,wallet,2026-01-23,UTR202601230001
STL0002430,pay000000097e,ORD0002430,payment,2078.24,41.56,7.48,2029.20,wallet,2026-01-12,UTR202601120001
STL0002431,pay000000097f,ORD0002431,payment,7344.68,146.89,26.44,7171.35,card_credit,2026-01-05,UTR202601050001
STL0002432,pay0000000980,ORD0002432,payment,2392.77,47.86,8.61,2336.30,card_credit,2026-01-09,UTR202601090001
STL0002433,pay0000000981,ORD0002433,payment,5317.65,106.35,19.14,5192.16,card_credit,2026-01-23,UTR202601230001
STL0002434,pay0000000982,ORD0002434,payment,7716.68,154.33,27.78,7534.57,card_credit,2026-01-11,UTR202601110001
STL0002435,pay0000000983,ORD0002435,payment,1695.97,33.92,6.11,1655.94,card_credit,2026-01-05,UTR202601050001
STL0002436,pay0000000984,ORD0002436,payment,638.38,12.77,2.30,623.31,netbanking,2026-01-23,UTR202601230001
STL0002436X,,,refund,-62.82,0.00,0.00,-62.82,netbanking,2026-01-23,UTR202601230001
STL0002437,pay0000000985,ORD0002437,payment,3343.64,66.87,12.04,3264.73,wallet,2026-01-22,UTR202601220001
STL0002438,pay0000000986,ORD0002438,payment,695.78,13.92,2.51,679.35,netbanking,2026-01-21,UTR202601210001
STL0002439,pay0000000987,ORD0002439,payment,8508.58,170.17,30.63,8307.78,netbanking,2026-01-18,UTR202601180001
STL0002440,pay0000000988,ORD0002440,payment,7816.56,156.33,28.14,7632.09,upi,2026-01-08,UTR202601080001
STL0002441,pay0000000989,ORD0002441,payment,4301.35,86.03,15.49,4199.83,netbanking,2026-01-17,UTR202601170001
STL0002442,pay000000098a,ORD0002442,payment,4874.50,97.49,17.55,4759.46,netbanking,2026-01-18,UTR202601180001
STL0002443,pay000000098b,ORD0002443,payment,261.68,5.23,0.94,255.51,card_debit,2026-01-08,UTR202601080001
STL0002444,pay000000098c,ORD0002444,payment,151.27,3.03,0.55,147.69,card_debit,2026-01-17,UTR202601170001
STL0002445,pay000000098d,ORD0002445,payment,176.85,3.54,0.64,172.67,card_credit,2026-01-15,UTR202601150001
STL0002446,pay000000098e,ORD0002446,payment,5219.80,104.40,18.79,5096.61,card_credit,2026-01-16,UTR202601160001
STL0002447,pay000000098f,ORD0002447,payment,5106.68,102.13,18.38,4986.17,card_debit,2026-01-22,UTR202601220001
STL0002448,pay0000000990,ORD0002448,payment,6986.30,139.73,25.15,6821.42,card_credit,2026-01-03,UTR202601030001
STL0002449,pay0000000991,ORD0002449,payment,6378.43,127.57,22.96,6227.90,netbanking,2026-01-13,UTR202601130001
STL0002450,pay0000000992,ORD0002450,payment,4370.69,87.41,15.73,4267.55,card_debit,2026-01-19,UTR202601190001
STL0002451,pay0000000993,ORD0002451,payment,3262.00,65.24,11.74,3185.02,wallet,2026-01-23,UTR202601230001
STL0002452,pay0000000994,ORD0002452,payment,2960.90,59.22,10.66,2891.02,card_debit,2026-01-14,UTR202601140001
STL0002453,pay0000000995,ORD0002453,payment,4970.24,99.40,17.89,4852.95,netbanking,2026-01-05,UTR202601050001
STL0002454,pay0000000996,ORD0002454,payment,9909.60,198.19,35.67,9675.74,netbanking,2026-01-13,UTR202601130001
STL0002455,pay0000000997,ORD0002455,payment,5824.55,116.49,20.97,5687.09,card_debit,2026-01-12,UTR202601120001
STL0002456,pay0000000998,ORD0002456,payment,8200.61,164.01,29.52,8007.08,wallet,2026-01-24,UTR202601240001
STL0002457,pay0000000999,ORD0002457,payment,8599.72,171.99,30.96,8396.77,upi,2026-01-10,UTR202601100001
STL0002458,pay000000099a,ORD0002458,payment,9240.10,184.80,33.26,9022.04,wallet,2026-01-05,UTR202601050001
STL0002459,pay000000099b,ORD0002459,payment,5554.43,193.30,20.00,5341.13,card_credit,2026-01-19,UTR202601190001
STL0002460,pay000000099c,ORD0002460,payment,8302.18,166.04,29.89,8106.25,card_credit,2026-01-26,UTR202601260001
STL0002461,pay000000099d,ORD0002461,payment,623.88,12.48,2.25,609.15,upi,2026-01-19,UTR202601190001
STL0002462,pay000000099e,ORD0002462,payment,8654.04,173.08,31.15,8449.81,card_credit,2026-01-21,UTR202601210001
STL0002463,pay000000099f,ORD0002463,payment,5087.42,101.75,18.32,4967.35,card_debit,2026-01-14,UTR202601140001
STL0002464,pay00000009a0,ORD0002464,payment,6271.15,125.42,22.58,6123.15,upi,2026-01-23,UTR202601230001
STL0002465,pay00000009a1,ORD0002465,payment,2049.12,40.98,7.38,2000.76,netbanking,2026-01-18,UTR202601180001
STL0002466,pay00000009a2,ORD0002466,payment,8588.50,171.77,30.92,8385.81,card_debit,2026-01-02,UTR202601020001
STL0002467,pay00000009a3,ORD0002467,payment,307.21,6.14,1.11,299.96,netbanking,2026-01-23,UTR202601230001
STL0002468,pay00000009a4,ORD0002468,payment,1552.85,31.06,5.59,1516.20,wallet,2026-01-16,UTR202601160001
STL0002469,pay00000009a5,ORD0002469,payment,3298.44,65.97,11.87,3220.60,card_debit,2026-01-06,UTR202601060001
STL0002470,pay00000009a6,ORD0002470,payment,4758.54,95.17,17.13,4646.24,card_credit,2026-01-11,UTR202601110001
STL0002471,pay00000009a7,ORD0002471,payment,1304.34,26.09,4.70,1273.55,card_credit,2026-01-04,UTR202601040001
STL0002472,pay00000009a8,ORD0002472,payment,8727.10,174.54,31.42,8521.14,netbanking,2026-01-25,UTR202601250001
STL0002473,pay00000009a9,ORD0002473,payment,4152.51,83.05,14.95,4054.51,card_credit,2026-01-07,UTR202601070001
STL0002474,pay00000009aa,ORD0002474,payment,7937.38,158.75,28.58,7750.05,upi,2026-01-22,UTR202601220001
STL0002475,pay00000009ab,ORD0002475,payment,7488.31,149.77,26.96,7311.58,card_debit,2026-01-06,UTR202601060001
STL0002476,pay00000009ac,ORD0002476,payment,5486.75,109.74,19.75,5357.26,card_credit,2026-01-08,UTR202601080001
STL0002477,pay00000009ad,ORD0002477,payment,4331.86,195.80,15.60,4120.46,wallet,2026-01-13,UTR202601130001
STL0002478,pay00000009ae,ORD0002478,payment,7288.26,145.77,26.24,7116.25,netbanking,2026-01-06,UTR202601060001
STL0002479,pay00000009af,ORD0002479,payment,8003.16,160.06,28.81,7814.29,wallet,2026-02-03,
STL0002480,pay00000009b0,ORD0002480,payment,2369.74,47.39,8.53,2313.82,card_debit,2026-01-17,UTR202601170001
STL0002481,pay00000009b1,ORD0002481,payment,9132.67,182.65,32.88,8917.14,netbanking,2026-01-07,UTR202601070001
STL0002482,pay00000009b2,ORD0002482,payment,7033.21,140.66,25.32,6867.23,netbanking,2026-01-15,UTR202601150001
STL0002482X,,,refund,-276.93,0.00,0.00,-276.93,netbanking,2026-01-15,UTR202601150001
STL0002483,pay00000009b3,ORD0002483,payment,5772.49,115.45,20.78,5636.26,upi,2026-01-06,UTR202601060001
STL0002484,pay00000009b4,ORD0002484,payment,6115.46,122.31,22.02,5971.13,upi,2026-01-19,UTR202601190001
STL0002485,pay00000009b5,ORD0002485,payment,3864.99,77.30,13.91,3773.78,card_debit,2026-01-18,UTR202601180001
STL0002486,pay00000009b6,ORD0002486,payment,9601.57,192.03,34.57,9374.97,card_credit,2026-01-24,UTR202601240001
STL0002487,pay00000009b7,ORD0002487,payment,1681.28,33.63,6.05,1641.60,card_credit,2026-01-30,UTR202601300001
STL0002488,pay00000009b8,ORD0002488,payment,3434.45,68.69,12.36,3353.40,card_credit,2026-01-12,UTR202601120001
STL0002489,pay00000009b9,ORD0002489,payment,4676.86,93.54,16.84,4566.48,card_debit,2026-01-22,UTR202601220001
STL0002490,pay00000009ba,ORD0002490,payment,441.83,8.84,1.59,431.40,card_debit,2026-01-14,UTR202601140001
STL0002491,pay00000009bb,ORD0002491,payment,7719.40,154.39,27.79,7537.22,card_debit,2026-01-27,UTR202601270001
STL0002492,pay00000009bc,ORD0002492,payment,8580.88,171.62,30.89,8378.37,card_debit,2026-01-11,UTR202601110001
STL0002493,pay00000009bd,ORD0002493,payment,9278.40,185.57,33.40,9059.43,upi,2026-01-30,UTR202601300001
STL0002494,pay00000009be,ORD0002494,payment,2274.36,45.49,8.19,2220.68,card_debit,2026-01-29,UTR202601290001
STL0002495,pay00000009bf,ORD0002495,payment,7554.14,151.08,27.19,7375.87,wallet,2026-01-15,UTR202601150001
STL0002496,pay00000009c0,ORD0002496,payment,9660.48,193.21,34.78,9432.49,card_credit,2026-01-19,UTR202601190001
STL0002497,pay00000009c1,ORD0002497,payment,6999.25,139.99,25.20,6834.06,upi,2026-01-09,UTR202601090001
STL0002498,pay00000009c2,ORD0002498,payment,6498.58,129.97,23.39,6345.22,card_credit,2026-01-03,UTR202601030001
STL0002499,pay00000009c3,ORD0002499,payment,7646.47,152.93,27.53,7466.01,card_credit,2026-01-20,UTR202601200001
STL0002500,pay00000009c4,ORD0002500,payment,2005.53,40.11,7.22,1958.20,netbanking,2026-01-16,UTR202601160001
STL0002501,pay00000009c5,ORD0002501,payment,3124.19,62.48,11.25,3050.46,card_credit,2026-01-26,UTR202601260001
STL0002502,pay00000009c6,ORD0002502,payment,4796.23,95.92,17.27,4683.04,upi,2026-01-29,UTR202601290001
STL0002503,pay00000009c7,ORD0002503,payment,9778.18,195.56,35.20,9547.42,upi,2026-01-17,UTR202601170001
STL0002504,pay00000009c8,ORD0002504,payment,4778.58,95.57,17.20,4665.81,wallet,2026-01-20,UTR202601200001
STL0002505,pay00000009c9,ORD0002505,payment,7674.64,153.49,27.63,7493.52,netbanking,2026-01-24,UTR202601240001
STL0002506,pay00000009ca,ORD0002506,payment,318.50,6.37,1.15,310.98,netbanking,2026-01-04,UTR202601040001
STL0002507,pay00000009cb,ORD0002507,payment,144.13,2.88,0.52,140.73,card_credit,2026-01-20,UTR202601200001
STL0002508,pay00000009cc,ORD0002508,payment,7542.90,150.86,27.15,7364.89,upi,2026-01-18,UTR202601180001
STL0002509,pay00000009cd,ORD0002509,payment,9148.49,182.97,32.93,8932.59,upi,2026-01-09,UTR202601090001
STL0002510,pay00000009ce,ORD0002510,payment,467.66,9.35,1.68,456.63,netbanking,2026-01-22,UTR202601220001
STL0002511,pay00000009cf,ORD0002511,payment,7508.28,150.17,27.03,7331.08,upi,2026-01-26,UTR202601260001
STL0002512,pay00000009d0,ORD0002512,payment,4789.20,95.78,17.24,4676.18,card_credit,2026-01-28,UTR202601280001
STL0002513,pay00000009d1,ORD0002513,payment,3898.07,77.96,14.03,3806.08,card_credit,2026-01-27,UTR202601270001
STL0002514,pay00000009d2,ORD0002514,payment,6088.96,121.78,21.92,5945.26,card_credit,2026-01-15,UTR202601150001
STL0002515,pay00000009d3,ORD0002515,payment,7058.32,141.17,25.41,6891.74,netbanking,2026-01-28,UTR202601280001
STL0002516,pay00000009d4,ORD0002516,payment,4531.82,90.64,16.32,4424.86,card_credit,2026-01-04,UTR202601040001
STL0002517,pay00000009d5,ORD0002517,payment,6773.18,135.46,24.38,6613.34,card_debit,2026-01-18,UTR202601180001
STL0002518,pay00000009d6,ORD0002518,payment,3606.37,72.13,12.98,3521.26,wallet,2026-01-19,UTR202601190001
STL0002519,pay00000009d7,ORD0002519,payment,7814.73,156.29,28.13,7630.31,netbanking,2026-01-07,UTR202601070001
STL0002520,,,payment,1178.14,23.56,4.24,1150.34,wallet,2026-01-18,UTR202601180001
STL0002521,pay00000009d9,ORD0002521,payment,6974.22,139.48,25.11,6809.63,card_credit,2026-01-09,UTR202601090001
STL0002522,pay00000009da,ORD0002522,payment,3417.98,68.36,12.30,3337.32,wallet,2026-01-26,UTR202601260001
STL0002523,pay00000009db,ORD0002523,payment,4123.80,82.48,14.85,4026.47,upi,2026-01-10,UTR202601100001
STL0002524,pay00000009dc,ORD0002524,payment,6756.80,135.14,24.33,6597.33,card_debit,2026-01-18,UTR202601180001
STL0002525,pay00000009dd,ORD0002525,payment,9370.70,187.41,33.73,9149.56,netbanking,2026-01-27,UTR202601270001
STL0002526,pay00000009de,ORD0002526,payment,762.14,15.24,2.74,744.16,card_credit,2026-01-25,UTR202601250001
STL0002527,pay00000009df,ORD0002527,payment,5669.97,113.40,20.41,5536.16,upi,2026-01-22,UTR202601220001
STL0002528,pay00000009e0,ORD0002528,payment,8683.60,173.67,31.26,8478.67,netbanking,2026-01-27,UTR202601270001
STL0002529,pay00000009e1,ORD0002529,payment,4429.12,88.58,15.94,4324.60,wallet,2026-01-15,UTR202601150001
STL0002530,pay00000009e2,ORD0002530,payment,4070.82,81.42,14.66,3974.74,wallet,2026-01-14,UTR202601140001
STL0002531,pay00000009e3,ORD0002531,payment,5021.80,100.44,18.08,4903.28,upi,2026-01-23,UTR202601230001
STL0002532,pay00000009e4,ORD0002532,payment,3690.71,73.81,13.29,3603.61,netbanking,2026-01-03,UTR202601030001
STL0002533,pay00000009e5,ORD0002533,payment,8076.80,161.54,29.08,7886.18,wallet,2026-01-07,UTR202601070001
STL0002534,pay00000009e6,ORD0002534,payment,9957.26,199.15,35.85,9722.26,upi,2026-01-24,UTR202601240001
STL0002535,pay00000009e7,ORD0002535,payment,7964.21,159.28,28.67,7776.26,upi,2026-01-06,UTR202601060001
STL0002535X,,,refund,-473.98,0.00,0.00,-473.98,upi,2026-01-06,UTR202601060001
STL0002536,pay00000009e8,ORD0002536,payment,6624.64,132.49,23.85,6468.30,card_credit,2026-01-07,UTR202601070001
STL0002537,pay00000009e9,ORD0002537,payment,4925.75,98.52,17.73,4809.50,netbanking,2026-01-05,UTR202601050001
STL0002538,pay00000009ea,ORD0002538,payment,4310.52,86.21,15.52,4208.79,wallet,2026-01-05,UTR202601050001
STL0002539,pay00000009eb,ORD0002539,payment,8192.64,163.85,29.49,7999.30,wallet,2026-01-02,UTR202601020001
STL0002540,pay00000009ec,ORD0002540,payment,2885.86,57.72,10.39,2817.75,upi,2026-01-26,UTR202601260001
STL0002541,pay00000009ed,ORD0002541,payment,1238.84,24.78,4.46,1209.60,netbanking,2026-01-24,UTR202601240001
STL0002543,pay00000009ef,ORD0002543,payment,8785.50,175.71,31.63,8578.16,card_debit,2026-01-05,UTR202601050001
STL0002543X,,,chargeback,-433.52,0.00,0.00,-433.52,card_debit,2026-01-05,UTR202601050001
STL0002544,pay00000009f0,ORD0002544,payment,9498.91,189.98,34.20,9274.73,card_debit,2026-01-08,UTR202601080001
STL0002545,pay00000009f1,ORD0002545,payment,9081.11,181.62,32.69,8866.80,netbanking,2026-01-25,UTR202601250001
STL0002546,pay00000009f2,ORD0002546,payment,9945.93,198.92,35.81,9711.20,card_debit,2026-01-05,UTR202601050001
STL0002547,pay00000009f3,ORD0002547,payment,9931.57,198.63,35.75,9697.19,card_credit,2026-01-22,UTR202601220001
STL0002548,pay00000009f4,ORD0002548,payment,4513.59,90.27,16.25,4407.07,card_credit,2026-01-04,UTR202601040001
STL0002549,pay00000009f5,ORD0002549,payment,1119.93,22.40,4.03,1093.50,netbanking,2026-01-16,UTR202601160001
STL0002550,pay00000009f6,ORD0002550,payment,4432.66,88.65,15.96,4328.05,card_credit,2026-01-05,UTR202601050001
STL0002551,pay00000009f7,ORD0002551,payment,5322.47,106.45,19.16,5196.86,card_debit,2026-01-09,UTR202601090001
STL0002552,pay00000009f8,ORD0002552,payment,2065.63,41.31,7.44,2016.88,netbanking,2026-01-17,UTR202601170001
STL0002552X,,,chargeback,-126.57,0.00,0.00,-126.57,netbanking,2026-01-17,UTR202601170001
STL0002553,pay00000009f9,ORD0002553,payment,6108.97,122.18,21.99,5964.80,card_debit,2026-01-15,UTR202601150001
STL0002554,pay00000009fa,ORD0002554,payment,3154.32,63.09,11.36,3079.87,upi,2026-01-07,UTR202601070001
STL0002555,pay00000009fb,ORD0002555,payment,132.56,2.65,0.48,129.43,wallet,2026-01-06,UTR202601060001
STL0002556,pay00000009fc,ORD0002556,payment,3185.79,63.72,11.47,3110.60,netbanking,2026-01-27,UTR202601270001
STL0002557,pay00000009fd,ORD0002557,payment,1983.31,113.85,7.14,1862.32,card_debit,2026-01-24,UTR202601240001
STL0002558,pay00000009fe,ORD0002558,payment,6579.88,131.60,23.69,6424.59,card_debit,2026-01-21,UTR202601210001
STL0002559,pay00000009ff,ORD0002559,payment,1529.65,30.59,5.51,1493.55,upi,2026-01-28,UTR202601280001
STL0002560,pay0000000a00,ORD0002560,payment,2595.69,51.91,9.34,2534.44,card_credit,2026-01-24,UTR202601240001
STL0002561,pay0000000a01,ORD0002561,payment,8686.95,173.74,31.27,8481.94,upi,2026-01-11,UTR202601110001
STL0002562,pay0000000a02,ORD0002562,payment,8190.51,163.81,29.49,7997.21,card_credit,2026-01-16,UTR202601160001
STL0002563,pay0000000a03,ORD0002563,payment,6363.94,127.28,22.91,6213.75,netbanking,2026-01-28,UTR202601280001
STL0002564,pay0000000a04,ORD0002564,payment,8293.65,165.87,29.86,8097.92,card_debit,2026-01-20,UTR202601200001
STL0002565,pay0000000a05,ORD0002565,payment,5470.79,109.42,19.70,5341.67,netbanking,2026-01-11,UTR202601110001
STL0002566,pay0000000a06,ORD0002566,payment,4380.88,87.62,15.77,4277.49,upi,2026-01-04,UTR202601040001
STL0002567,pay0000000a07,ORD0002567,payment,4128.70,82.57,14.86,4031.27,card_credit,2026-01-11,UTR202601110001
STL0002568,pay0000000a08,ORD0002568,payment,6351.98,127.04,22.87,6202.07,wallet,2026-01-13,UTR202601130001
STL0002569,pay0000000a09,ORD0002569,payment,7947.10,158.94,28.61,7759.55,upi,2026-01-29,UTR202601290001
STL0002570,pay0000000a0a,ORD0002570,payment,3595.42,71.91,12.94,3510.57,upi,2026-01-21,UTR202601210001
STL0002571,pay0000000a0b,ORD0002571,payment,2817.40,56.35,10.14,2750.91,card_debit,2026-01-12,UTR202601120001
STL0002572,pay0000000a0c,ORD0002572,payment,9503.11,190.06,34.21,9278.84,card_credit,2026-01-12,UTR202601120001
STL0002573,pay0000000a0d,ORD0002573,payment,2016.65,40.33,7.26,1969.06,netbanking,2026-01-30,UTR202601300001
STL0002574,pay0000000a0e,ORD0002574,payment,6272.97,125.46,22.58,6124.93,card_debit,2026-01-17,UTR202601170001
STL0002575,pay0000000a0f,ORD0002575,payment,7222.68,144.45,26.00,7052.23,card_credit,2026-01-13,UTR202601130001
STL0002576,pay0000000a10,ORD0002576,payment,5802.61,116.05,20.89,5665.67,wallet,2026-01-13,UTR202601130001
STL0002577,pay0000000a11,ORD0002577,payment,1234.04,24.68,4.44,1204.92,card_debit,2026-01-25,UTR202601250001
STL0002578,pay0000000a12,ORD0002578,payment,6647.14,132.94,23.93,6490.27,netbanking,2026-01-30,UTR202601300001
STL0002579,pay0000000a13,ORD0002579,payment,4111.54,82.23,14.80,4014.51,netbanking,2026-01-19,UTR202601190001
STL0002580,pay0000000a14,ORD0002580,payment,1539.48,30.79,5.54,1503.15,netbanking,2026-01-10,UTR202601100001
STL0002581,pay0000000a15,ORD0002581,payment,4126.75,82.54,14.86,4029.35,netbanking,2026-01-03,UTR202601030001
STL0002582,pay0000000a16,ORD0002582,payment,5778.92,115.58,20.80,5642.54,netbanking,2026-01-22,UTR202601220001
STL0002583,pay0000000a17,ORD0002583,payment,539.70,10.79,1.94,526.97,netbanking,2026-01-15,UTR202601150001
STL0002584,pay0000000a18,ORD0002584,payment,3288.53,65.77,11.84,3210.92,card_credit,2026-01-05,UTR202601050001
STL0002585,pay0000000a19,ORD0002585,payment,576.49,11.53,2.08,562.88,wallet,2026-01-03,UTR202601030001
STL0002586,pay0000000a1a,ORD0002586,payment,1341.11,26.82,4.83,1309.46,netbanking,2026-01-29,UTR202601290001
STL0002587,pay0000000a1b,ORD0002587,payment,9351.07,187.02,33.66,9130.39,card_credit,2026-01-23,UTR202601230001
STL0002588,pay0000000a1c,ORD0002588,payment,7550.25,151.01,27.18,7372.06,card_debit,2026-01-10,UTR202601100001
STL0002589,pay0000000a1d,ORD0002589,payment,6334.84,126.70,22.81,6185.33,card_credit,2026-01-22,UTR202601220001
STL0002590,pay0000000a1e,ORD0002590,payment,1595.72,31.91,5.74,1558.07,card_debit,2026-01-02,UTR202601020001
STL0002591,pay0000000a1f,ORD0002591,payment,8657.00,173.14,31.17,8452.69,upi,2026-01-16,UTR202601160001
STL0002592,pay0000000a20,ORD0002592,payment,961.06,19.22,3.46,938.38,upi,2026-01-21,UTR202601210001
STL0002592X,,,adjustment,149.81,0.00,0.00,149.81,upi,2026-01-21,UTR202601210001
STL0002593,pay0000000a21,ORD0002593,payment,2542.81,50.86,9.15,2482.80,card_debit,2026-01-16,UTR202601160001
STL0002594,pay0000000a22,ORD0002594,payment,38.22,0.76,0.14,37.32,wallet,2026-01-11,UTR202601110001
STL0002595,pay0000000a23,ORD0002595,payment,4683.38,93.67,16.86,4572.85,netbanking,2026-01-08,UTR202601080001
STL0002596,pay0000000a24,ORD0002596,payment,4645.23,92.90,16.72,4535.61,netbanking,2026-01-08,UTR202601080001
STL0002596X,,,chargeback,-139.43,0.00,0.00,-139.43,netbanking,2026-01-08,UTR202601080001
STL0002597,pay0000000a25,ORD0002597,payment,9251.40,185.03,33.31,9033.06,card_credit,2026-01-25,UTR202601250001
STL0002598,pay0000000a26,ORD0002598,payment,5237.73,104.75,18.86,5114.12,wallet,2026-01-19,UTR202601190001
STL0002599,pay0000000a27,ORD0002599,payment,1520.35,30.41,5.47,1484.47,netbanking,2026-01-26,UTR202601260001
STL0002600,pay0000000a28,ORD0002600,payment,4241.31,84.83,15.27,4141.21,netbanking,2026-01-09,UTR202601090001
STL0002601,pay0000000a29,ORD0002601,payment,7501.62,150.03,27.01,7324.58,netbanking,2026-01-13,UTR202601130001
STL0002602,pay0000000a2a,ORD0002602,payment,7203.39,144.07,25.93,7033.39,upi,2026-01-22,UTR202601220001
STL0002603,pay0000000a2b,ORD0002603,payment,8394.66,167.89,30.22,8196.55,card_credit,2026-01-03,UTR202601030001
STL0002604,pay0000000a2c,ORD0002604,payment,5153.06,103.06,18.55,5031.45,upi,2026-01-16,UTR202601160001
STL0002605,pay0000000a2d,ORD0002605,payment,3656.45,73.13,13.16,3570.16,netbanking,2026-01-10,UTR202601100001
STL0002606,pay0000000a2e,ORD0002606,payment,2302.81,46.06,8.29,2248.46,card_debit,2026-01-22,UTR202601220001
STL0002607,pay0000000a2f,ORD0002607,payment,4004.73,80.09,14.42,3910.22,upi,2026-01-13,UTR202601130001
STL0002608,pay0000000a30,ORD0002608,payment,1669.65,33.39,6.01,1630.25,wallet,2026-01-04,UTR202601040001
STL0002609,pay0000000a31,ORD0002609,payment,4756.10,95.12,17.12,4643.86,card_credit,2026-01-07,UTR202601070001
STL0002610,pay0000000a32,ORD0002610,payment,1955.56,39.11,7.04,1909.41,wallet,2026-01-09,UTR202601090001
STL0002610X,,,adjustment,411.94,0.00,0.00,411.94,wallet,2026-01-09,UTR202601090001
STL0002611,pay0000000a33,ORD0002611,payment,551.79,11.04,1.99,538.76,netbanking,2026-01-22,UTR202601220001
STL0002612,pay0000000a34,ORD0002612,payment,9388.93,187.78,33.80,9167.35,wallet,2026-01-07,UTR202601070001
STL0002613,pay0000000a35,ORD0002613,payment,711.55,14.23,2.56,694.76,wallet,2026-01-26,UTR202601260001
STL0002614,pay0000000a36,ORD0002614,payment,4855.05,97.10,17.48,4740.47,card_debit,2026-01-19,UTR202601190001
STL0002615,pay0000000a37,ORD0002615,payment,1963.81,39.28,7.07,1917.46,card_credit,2026-01-09,UTR202601090001
STL0002616,pay0000000a38,ORD0002616,payment,222.24,4.44,0.80,217.00,netbanking,2026-01-18,UTR202601180001
STL0002617,pay0000000a39,ORD0002617,payment,511.92,10.24,1.84,499.84,card_debit,2026-01-17,UTR202601170001
STL0002618,pay0000000a3a,ORD0002618,payment,8753.05,175.06,31.51,8546.48,netbanking,2026-01-13,UTR202601130001
STL0002619,pay0000000a3b,ORD0002619,payment,1157.13,23.14,4.17,1129.82,wallet,2026-01-26,UTR202601260001
STL0002620,pay0000000a3c,ORD0002620,payment,708.32,14.17,2.55,691.60,netbanking,2026-01-15,UTR202601150001
STL0002621,pay0000000a3d,ORD0002621,payment,5142.56,102.85,18.51,5021.20,netbanking,2026-01-25,UTR202601250001
STL0002622,pay0000000a3e,ORD0002622,payment,4897.86,97.96,17.63,4782.27,wallet,2026-01-24,UTR202601240001
STL0002623,pay0000000a3f,ORD0002623,payment,7862.43,157.25,28.31,7676.87,card_debit,2026-01-15,UTR202601150001
STL0002624,pay0000000a40,ORD0002624,payment,5245.01,104.90,18.88,5121.23,wallet,2026-01-06,UTR202601060001
STL0002625,pay0000000a41,ORD0002625,payment,8833.44,176.67,31.80,8624.97,netbanking,2026-01-12,UTR202601120001
STL0002626,pay0000000a42,ORD0002626,payment,3922.72,78.45,14.12,3830.15,upi,2026-01-02,UTR202601020001
STL0002627,pay0000000a43,ORD0002627,payment,8132.21,162.64,29.28,7940.29,card_debit,2026-01-24,UTR202601240001
STL0002628,pay0000000a44,ORD0002628,payment,3171.40,63.43,11.42,3096.55,card_debit,2026-01-14,UTR202601140001
STL0002629,pay0000000a45,ORD0002629,payment,2657.05,53.14,9.57,2594.34,netbanking,2026-01-19,UTR202601190001
STL0002630,pay0000000a46,ORD0002630,payment,2151.35,43.03,7.75,2100.57,card_debit,2026-01-16,UTR202601160001
STL0002631,pay0000000a47,ORD0002631,payment,9411.13,188.22,33.88,9189.03,upi,2026-01-23,UTR202601230001
STL0002632,pay0000000a48,ORD0002632,payment,9540.66,190.81,34.35,9315.50,card_credit,2026-01-16,UTR202601160001
STL0002633,pay0000000a49,ORD0002633,payment,5379.59,107.59,19.37,5252.63,upi,2026-01-20,UTR202601200001
STL0002634,pay0000000a4a,ORD0002634,payment,2033.77,40.68,7.32,1985.77,upi,2026-01-11,UTR202601110001
STL0002635,pay0000000a4b,ORD0002635,payment,7461.47,149.23,26.86,7285.38,wallet,2026-01-19,UTR202601190001
STL0002636,pay0000000a4c,ORD0002636,payment,5469.03,109.38,19.69,5339.96,card_credit,2026-01-14,UTR202601140001
STL0002637,pay0000000a4d,ORD0002637,payment,4831.50,96.63,17.39,4717.48,upi,2026-01-14,UTR202601140001
STL0002638,pay0000000a4e,ORD0002638,payment,6145.68,122.91,22.12,6000.65,netbanking,2026-01-06,UTR202601060001
STL0002639,pay0000000a4f,ORD0002639,payment,384.12,7.68,1.38,375.06,netbanking,2026-01-23,UTR202601230001
STL0002640,pay0000000a50,ORD0002640,payment,7494.67,338.01,26.98,7129.68,card_debit,2026-01-16,UTR202601160001
STL0002641,pay0000000a51,ORD0002641,payment,2314.35,46.29,8.33,2259.73,card_debit,2026-01-03,UTR202601030001
STL0002642,pay0000000a52,ORD0002642,payment,5974.48,119.49,21.51,5833.48,netbanking,2026-01-08,UTR202601080001
STL0002643,pay0000000a53,ORD0002643,payment,2680.41,53.61,9.65,2617.15,upi,2026-01-08,UTR202601080001
STL0002644,pay0000000a54,ORD0002644,payment,5066.10,101.32,18.24,4946.54,card_debit,2026-01-28,UTR202601280001
STL0002645,pay0000000a55,ORD0002645,payment,5179.53,103.59,18.65,5057.29,card_credit,2026-01-06,UTR202601060001
STL0002646,pay0000000a56,ORD0002646,payment,3906.92,78.14,14.07,3814.71,wallet,2026-01-19,UTR202601190001
STL0002647,pay0000000a57,ORD0002647,payment,8544.39,170.89,30.76,8342.74,card_credit,2026-01-27,UTR202601270001
STL0002648,pay0000000a58,ORD0002648,payment,7006.88,140.14,25.23,6841.51,wallet,2026-01-24,UTR202601240001
STL0002649,pay0000000a59,ORD0002649,payment,2577.12,51.54,9.28,2516.30,card_credit,2026-01-10,UTR202601100001
STL0002650,pay0000000a5a,ORD0002650,payment,5340.52,106.81,19.23,5214.48,upi,2026-01-12,UTR202601120001
STL0002651,pay0000000a5b,ORD0002651,payment,3154.31,63.09,11.36,3079.86,wallet,2026-01-27,UTR202601270001
STL0002652,pay0000000a5c,ORD0002652,payment,8220.34,164.41,29.59,8026.34,upi,2026-01-09,UTR202601090001
STL0002653,pay0000000a5d,ORD0002653,payment,5309.15,106.18,19.11,5183.86,netbanking,2026-01-14,UTR202601140001
STL0002654,pay0000000a5e,ORD0002654,payment,3141.12,62.82,11.31,3066.99,netbanking,2026-01-06,UTR202601060001
STL0002655,pay0000000a5f,ORD0002655,payment,6955.82,139.12,25.04,6791.66,netbanking,2026-01-04,UTR202601040001
STL0002656,pay0000000a60,ORD0002656,payment,4536.60,90.73,16.33,4429.54,card_credit,2026-01-06,UTR202601060001
STL0002657,pay0000000a61,ORD0002657,payment,1244.69,24.89,4.48,1215.32,netbanking,2026-01-12,UTR202601120001
STL0002658,pay0000000a62,ORD0002658,payment,4255.06,85.10,15.32,4154.64,wallet,2026-01-15,UTR202601150001
STL0002659,pay0000000a63,ORD0002659,payment,3529.38,70.59,12.71,3446.08,upi,2026-01-08,
STL0002660,pay0000000a64,ORD0002660,payment,7737.51,154.75,27.86,7554.90,netbanking,2026-01-03,UTR202601030001
STL0002661,pay0000000a65,ORD0002661,payment,9802.62,196.05,35.29,9571.28,netbanking,2026-01-27,UTR202601270001
STL0002662,pay0000000a66,ORD0002662,payment,1404.67,28.09,5.06,1371.52,card_credit,2026-01-13,UTR202601130001
STL0002663,,,payment,922.71,18.45,3.32,900.94,card_credit,2026-01-04,UTR202601040001
STL0002664,pay0000000a68,ORD0002664,payment,868.45,17.37,3.13,847.95,card_debit,2026-01-03,UTR202601030001
STL0002665,pay0000000a69,ORD0002665,payment,8647.26,172.95,31.13,8443.18,card_credit,2026-01-19,UTR202601190001
STL0002666,pay0000000a6a,ORD0002666,payment,5521.42,110.43,19.88,5391.11,netbanking,2026-01-04,UTR202601040001
STL0002667,pay0000000a6b,ORD0002667,payment,2731.11,54.62,9.83,2666.66,wallet,2026-01-08,UTR202601080001
STL0002668,pay0000000a6c,ORD0002668,payment,2979.77,59.60,10.73,2909.44,card_debit,2026-01-04,UTR202601040001
STL0002669,pay0000000a6d,ORD0002669,payment,8501.30,170.03,30.61,8300.66,card_credit,2026-01-17,UTR202601170001
STL0002670,pay0000000a6e,ORD0002670,payment,8547.09,170.94,30.77,8345.38,card_credit,2026-01-14,UTR202601140001
STL0002671,pay0000000a6f,ORD0002671,payment,2212.74,44.25,7.97,2160.52,card_debit,2026-01-11,
STL0002672,pay0000000a70,ORD0002672,payment,9181.52,183.63,33.05,8964.84,card_debit,2026-01-06,UTR202601060001
STL0002673,pay0000000a71,ORD0002673,payment,775.09,15.50,2.79,756.80,wallet,2026-01-12,UTR202601120001
STL0002674,pay0000000a72,ORD0002674,payment,5054.90,101.10,18.20,4935.60,wallet,2026-01-17,UTR202601170001
STL0002675,pay0000000a73,ORD0002675,payment,3177.42,63.55,11.44,3102.43,upi,2026-01-25,UTR202601250001
STL0002676,pay0000000a74,ORD0002676,payment,4102.77,82.06,14.77,4005.94,upi,2026-01-08,UTR202601080001
STL0002677,pay0000000a75,ORD0002677,payment,8431.64,168.63,30.35,8232.66,netbanking,2026-01-11,UTR202601110001
STL0002678,pay0000000a76,ORD0002678,payment,4172.98,83.46,15.02,4074.50,card_credit,2026-01-27,UTR202601270001
STL0002679,pay0000000a77,ORD0002679,payment,7422.46,148.45,26.72,7247.29,card_debit,2026-01-17,UTR202601170001
STL0002679X,,,chargeback,-169.23,0.00,0.00,-169.23,card_debit,2026-01-17,UTR202601170001
STL0002681,pay0000000a79,ORD0002681,payment,5381.93,107.64,19.38,5254.91,card_debit,2026-01-21,UTR202601210001
STL0002682,pay0000000a7a,ORD0002682,payment,8088.05,161.76,29.12,7897.17,wallet,2026-01-03,UTR202601030001
STL0002683,pay0000000a7b,ORD0002683,payment,33.70,0.67,0.12,32.91,card_debit,2026-01-07,UTR202601070001
STL0002684,pay0000000a7c,ORD0002684,payment,3491.70,69.83,12.57,3409.30,netbanking,2026-01-25,UTR202601250001
STL0002685,pay0000000a7d,ORD0002685,payment,6196.71,123.93,22.31,6050.47,upi,2026-01-23,UTR202601230001
STL0002686,pay0000000a7e,ORD0002686,payment,7545.38,150.91,27.16,7367.31,upi,2026-01-21,UTR202601210001
STL0002687,pay0000000a7f,ORD0002687,payment,192.85,3.86,0.69,188.30,netbanking,2026-01-16,UTR202601160001
STL0002688,pay0000000a80,ORD0002688,payment,6388.31,127.77,23.00,6237.54,wallet,2026-01-21,UTR202601210001
STL0002689,pay0000000a81,ORD0002689,payment,2780.58,55.61,10.01,2714.96,wallet,2026-01-11,UTR202601110001
STL0002690,pay0000000a82,ORD0002690,payment,2787.56,55.75,10.04,2721.77,card_debit,2026-01-02,UTR202601020001
STL0002691,pay0000000a83,ORD0002691,payment,4715.72,94.31,16.98,4604.43,upi,2026-01-10,UTR202601100001
STL0002692,pay0000000a84,ORD0002692,payment,8418.68,168.37,30.31,8220.00,netbanking,2026-01-29,UTR202601290001
STL0002692X,,,adjustment,485.21,0.00,0.00,485.21,netbanking,2026-01-29,UTR202601290001
STL0002693,pay0000000a85,ORD0002693,payment,8337.29,166.75,30.02,8140.52,upi,2026-01-28,UTR202601280001
STL0002694,pay0000000a86,ORD0002694,payment,6088.58,121.77,21.92,5944.89,card_debit,2026-01-08,UTR202601080001
STL0002695,pay0000000a87,ORD0002695,payment,4084.23,81.68,14.70,3987.85,card_debit,2026-01-21,UTR202601210001
STL0002696,pay0000000a88,ORD0002696,payment,3452.45,69.05,12.43,3370.97,upi,2026-01-22,UTR202601220001
STL0002697,pay0000000a89,ORD0002697,payment,7863.13,157.26,28.31,7677.56,card_credit,2026-01-27,UTR202601270001
STL0002698,pay0000000a8a,ORD0002698,payment,4362.62,87.25,15.71,4259.66,card_debit,2026-01-09,UTR202601090001
STL0002699,pay0000000a8b,ORD0002699,payment,8027.57,160.55,28.90,7838.12,wallet,2026-01-13,UTR202601130001
STL0002700,pay0000000a8c,ORD0002700,payment,804.28,16.09,2.90,785.29,card_debit,2026-01-06,UTR202601060001
STL0002700X,,,chargeback,-181.98,0.00,0.00,-181.98,card_debit,2026-01-06,UTR202601060001
STL0002701,pay0000000a8d,ORD0002701,payment,1881.64,37.63,6.77,1837.24,wallet,2026-01-05,UTR202601050001
STL0002702,pay0000000a8e,ORD0002702,payment,8179.04,163.58,29.44,7986.02,netbanking,2026-01-19,UTR202601190001
STL0002703,pay0000000a8f,ORD0002703,payment,2923.19,58.46,10.52,2854.21,card_credit,2026-01-27,UTR202601270001
STL0002704,pay0000000a90,ORD0002704,payment,8462.83,169.26,30.47,8263.10,wallet,2026-01-08,UTR202601080001
STL0002705,pay0000000a91,ORD0002705,payment,8323.45,166.47,29.96,8127.02,card_debit,2026-01-26,UTR202601260001
STL0002706,pay0000000a92,ORD0002706,payment,5479.47,109.59,19.73,5350.15,card_credit,2026-01-30,UTR202601300001
STL0002706X,,,adjustment,288.37,0.00,0.00,288.37,card_credit,2026-01-30,UTR202601300001
STL0002707,pay0000000a93,ORD0002707,payment,1091.00,21.82,3.93,1065.25,card_debit,2026-01-28,UTR202601280001
STL0002708,pay0000000a94,ORD0002708,payment,6517.44,130.35,23.46,6363.63,upi,2026-01-24,UTR202601240001
STL0002709,pay0000000a95,ORD0002709,payment,7813.23,156.26,28.13,7628.84,netbanking,2026-01-10,UTR202601100001
STL0002710,pay0000000a96,ORD0002710,payment,3872.89,228.50,13.94,3630.45,card_debit,2026-01-09,UTR202601090001
STL0002711,pay0000000a97,ORD0002711,payment,9797.86,195.96,35.27,9566.63,upi,2026-01-15,UTR202601150001
STL0002712,pay0000000a98,ORD0002712,payment,9043.79,180.88,32.56,8830.35,wallet,2026-01-16,UTR202601160001
STL0002713,pay0000000a99,ORD0002713,payment,8038.40,160.77,28.94,7848.69,wallet,2026-01-06,UTR202601060001
STL0002714,pay0000000a9a,ORD0002714,payment,7616.65,152.33,27.42,7436.90,upi,2026-01-28,UTR202601280001
STL0002715,pay0000000a9b,ORD0002715,payment,6695.75,133.92,24.11,6537.72,netbanking,2026-01-14,UTR202601140001
STL0002716,pay0000000a9c,ORD0002716,payment,9008.67,180.17,32.43,8796.07,card_debit,2026-01-07,UTR202601070001
STL0002717,pay0000000a9d,ORD0002717,payment,8558.16,171.16,30.81,8356.19,netbanking,2026-01-15,UTR202601150001
STL0002718,pay0000000a9e,ORD0002718,payment,5572.54,111.45,20.06,5441.03,card_credit,2026-01-14,UTR202601140001
STL0002719,pay0000000a9f,ORD0002719,payment,279.17,5.58,1.00,272.59,upi,2026-01-13,UTR202601130001
STL0002720,pay0000000aa0,ORD0002720,payment,9771.54,195.43,35.18,9540.93,upi,2026-01-18,UTR202601180001
STL0002721,pay0000000aa1,ORD0002721,payment,8058.05,161.16,29.01,7867.88,card_debit,2026-01-12,UTR202601120001
STL0002722,pay0000000aa2,ORD0002722,payment,6110.10,122.20,22.00,5965.90,card_credit,2026-01-27,UTR202601270001
STL0002723,pay0000000aa3,ORD0002723,payment,7980.82,159.62,28.73,7792.47,wallet,2026-01-21,UTR202601210001
STL0002724,pay0000000aa4,ORD0002724,payment,9130.76,246.54,32.87,8851.35,card_credit,2026-01-26,UTR202601260001
STL0002725,pay0000000aa5,ORD0002725,payment,3275.42,65.51,11.79,3198.12,card_credit,2026-01-16,UTR202601160001
STL0002726,pay0000000aa6,ORD0002726,payment,1440.41,28.81,5.19,1406.41,upi,2026-01-04,UTR202601040001
STL0002727,pay0000000aa7,ORD0002727,payment,450.90,9.02,1.62,440.26,upi,2026-01-19,UTR202601190001
STL0002728,pay0000000aa8,ORD0002728,payment,6200.55,124.01,22.32,6054.22,card_debit,2026-01-20,UTR202601200001
STL0002729,pay0000000aa9,ORD0002729,payment,9632.63,192.65,34.68,9405.30,netbanking,2026-01-20,UTR202601200001
STL0002730,pay0000000aaa,ORD0002730,payment,7430.61,148.61,26.75,7255.25,wallet,2026-01-08,UTR202601080001
STL0002731,pay0000000aab,ORD0002731,payment,4282.25,85.65,15.42,4181.18,wallet,2026-01-03,UTR202601030001
STL0002732,pay0000000aac,ORD0002732,payment,8144.70,162.89,29.32,7952.49,card_debit,2026-01-30,UTR202601300001
STL0002733,pay0000000aad,ORD0002733,payment,6997.76,139.96,25.19,6832.61,card_credit,2026-01-16,UTR202601160001
STL0002734,pay0000000aae,ORD0002734,payment,4246.70,84.93,15.29,4146.48,card_credit,2026-01-22,UTR202601220001
STL0002735,pay0000000aaf,ORD0002735,payment,6468.26,129.37,23.29,6315.60,wallet,2026-01-07,UTR202601070001
STL0002736,pay0000000ab0,ORD0002736,payment,1206.78,24.14,4.35,1178.29,card_debit,2026-01-15,UTR202601150001
STL0002737,pay0000000ab1,ORD0002737,payment,8545.08,170.90,30.76,8343.42,card_debit,2026-01-22,UTR202601220001
STL0002738,pay0000000ab2,ORD0002738,payment,2425.69,48.51,8.73,2368.45,netbanking,2026-01-09,UTR202601090001
STL0002739,pay0000000ab3,ORD0002739,payment,2292.31,45.85,8.25,2238.21,card_debit,2026-01-10,UTR202601100001
STL0002740,pay0000000ab4,ORD0002740,payment,8707.87,174.16,31.35,8502.36,card_credit,2026-01-24,UTR202601240001
STL0002741,pay0000000ab5,ORD0002741,payment,1518.97,30.38,5.47,1483.12,card_credit,2026-01-07,UTR202601070001
STL0002742,pay0000000ab6,ORD0002742,payment,3976.21,79.52,14.31,3882.38,netbanking,2026-01-24,UTR202601240001
STL0002743,pay0000000ab7,ORD0002743,payment,8999.22,179.98,32.40,8786.84,card_credit,2026-01-23,UTR202601230001
STL0002744,pay0000000ab8,ORD0002744,payment,6987.01,139.74,25.15,6822.12,card_credit,2026-01-24,UTR202601240001
STL0002745,pay0000000ab9,ORD0002745,payment,2648.57,52.97,9.53,2586.07,upi,2026-01-02,UTR202601020001
STL0002746,pay0000000aba,ORD0002746,payment,8746.87,174.94,31.49,8540.44,card_debit,2026-01-04,UTR202601040001
STL0002747,pay0000000abb,ORD0002747,payment,9246.16,184.92,33.29,9027.95,card_debit,2026-01-12,UTR202601120001
STL0002748,pay0000000abc,ORD0002748,payment,149.36,2.99,0.54,145.83,netbanking,2026-01-19,UTR202601190001
STL0002749,pay0000000abd,ORD0002749,payment,6760.45,135.21,24.34,6600.90,card_credit,2026-01-11,UTR202601110001
STL0002750,pay0000000abe,ORD0002750,payment,4100.68,82.01,14.76,4003.91,netbanking,2026-01-10,UTR202601100001
STL0002751,pay0000000abf,ORD0002751,payment,184.78,3.70,0.67,180.41,netbanking,2026-01-27,UTR202601270001
STL0002752,pay0000000ac0,ORD0002752,payment,9950.90,199.02,35.82,9716.06,upi,2026-01-19,UTR202601190001
STL0002753,pay0000000ac1,ORD0002753,payment,3893.47,77.87,14.02,3801.58,card_credit,2026-01-18,UTR202601180001
STL0002754,,,payment,5420.69,108.41,19.51,5292.77,upi,2026-01-28,UTR202601280001
STL0002755,pay0000000ac3,ORD0002755,payment,1128.22,22.56,4.06,1101.60,wallet,2026-01-09,UTR202601090001
STL0002756,pay0000000ac4,ORD0002756,payment,6028.16,120.56,21.70,5885.90,netbanking,2026-01-27,UTR202601270001
STL0002757,pay0000000ac5,ORD0002757,payment,40.34,0.81,0.15,39.38,wallet,2026-01-08,UTR202601080001
STL0002758,pay0000000ac6,ORD0002758,payment,3583.75,71.68,12.90,3499.17,upi,2026-01-02,UTR202601020001
STL0002759,pay0000000ac7,ORD0002759,payment,7563.98,151.28,27.23,7385.47,card_credit,2026-01-28,UTR202601280001
STL0002760,pay0000000ac8,ORD0002760,payment,6598.93,131.98,23.76,6443.19,netbanking,2026-01-15,UTR202601150001
STL0002761,pay0000000ac9,ORD0002761,payment,9340.02,186.80,33.62,9119.60,card_credit,2026-01-10,UTR202601100001
STL0002762,pay0000000aca,ORD0002762,payment,2533.82,50.68,9.12,2474.02,netbanking,2026-01-19,UTR202601190001
STL0002763,pay0000000acb,ORD0002763,payment,177.29,3.55,0.64,173.10,card_debit,2026-01-26,UTR202601260001
STL0002764,pay0000000acc,ORD0002764,payment,9091.45,181.83,32.73,8876.89,wallet,2026-01-04,UTR202601040001
STL0002765,pay0000000acd,ORD0002765,payment,766.30,15.33,2.76,748.21,card_debit,2026-01-05,UTR202601050001
STL0002766,pay0000000ace,ORD0002766,payment,2295.82,45.92,8.27,2241.63,upi,2026-01-14,UTR202601140001
STL0002767,pay0000000acf,ORD0002767,payment,4295.12,85.90,15.46,4193.76,netbanking,2026-01-07,UTR202601070001
STL0002768,pay0000000ad0,ORD0002768,payment,985.23,19.70,3.55,961.98,upi,2026-01-12,UTR202601120001
STL0002769,pay0000000ad1,ORD0002769,payment,8300.27,166.01,29.88,8104.38,card_credit,2026-01-22,UTR202601220001
STL0002770,pay0000000ad2,ORD0002770,payment,6897.25,137.95,24.83,6734.47,card_debit,2026-01-27,UTR202601270001
STL0002771,pay0000000ad3,ORD0002771,payment,9310.77,186.22,33.52,9091.03,wallet,2026-01-14,UTR202601140001
STL0002772,pay0000000ad4,ORD0002772,payment,6041.38,120.83,21.75,5898.80,card_credit,2026-01-12,UTR202601120001
STL0002773,pay0000000ad5,ORD0002773,payment,7904.21,158.08,28.45,7717.68,upi,2026-01-18,UTR202601180001
STL0002774,pay0000000ad6,ORD0002774,payment,5999.75,120.00,21.60,5858.15,card_debit,2026-01-02,UTR202601020001
STL0002775,pay0000000ad7,ORD0002775,payment,479.00,9.58,1.72,467.70,card_debit,2026-01-25,UTR202601250001
STL0002776,pay0000000ad8,ORD0002776,payment,4837.41,96.75,17.42,4723.24,card_debit,2026-01-05,UTR202601050001
STL0002776X,,,refund,-479.52,0.00,0.00,-479.52,card_debit,2026-01-05,UTR202601050001
STL0002777,pay0000000ad9,ORD0002777,payment,2145.81,42.92,7.73,2095.16,netbanking,2026-01-15,UTR202601150001
STL0002778,pay0000000ada,ORD0002778,payment,668.41,13.37,2.41,652.63,upi,2026-01-29,UTR202601290001
STL0002780,pay0000000adc,ORD0002780,payment,772.69,15.45,2.78,754.46,card_debit,2026-01-07,UTR202601070001
STL0002781,pay0000000add,ORD0002781,payment,1747.61,34.95,6.29,1706.37,wallet,2026-01-12,UTR202601120001
STL0002782,pay0000000ade,ORD0002782,payment,9778.27,195.57,35.20,9547.50,card_debit,2026-01-21,UTR202601210001
STL0002783,pay0000000adf,ORD0002783,payment,6236.36,124.73,22.45,6089.18,card_debit,2026-01-20,UTR202601200001
STL0002784,pay0000000ae0,ORD0002784,payment,8338.20,166.76,30.02,8141.42,wallet,2026-01-17,UTR202601170001
STL0002785,pay0000000ae1,ORD0002785,payment,7695.40,153.91,27.70,7513.79,card_credit,2026-01-28,UTR202601280001
STL0002786,pay0000000ae2,ORD0002786,payment,5619.57,112.39,20.23,5486.95,upi,2026-01-18,UTR202601180001
STL0002787,pay0000000ae3,ORD0002787,payment,1334.37,26.69,4.80,1302.88,wallet,2026-01-05,UTR202601050001
STL0002788,pay0000000ae4,ORD0002788,payment,1191.61,23.83,4.29,1163.49,wallet,2026-01-21,UTR202601210001
STL0002789,pay0000000ae5,ORD0002789,payment,8568.76,171.38,30.85,8366.53,wallet,2026-01-06,UTR202601060001
STL0002790,pay0000000ae6,ORD0002790,payment,8382.52,167.65,30.18,8184.69,wallet,2026-01-06,UTR202601060001
STL0002791,pay0000000ae7,ORD0002791,payment,5705.79,114.12,20.54,5571.13,upi,2026-01-06,UTR202601060001
STL0002792,pay0000000ae8,ORD0002792,payment,5641.79,112.84,20.31,5508.64,wallet,2026-01-05,UTR202601050001
STL0002793,pay0000000ae9,ORD0002793,payment,1874.71,37.49,6.75,1830.47,card_debit,2026-01-03,UTR202601030001
STL0002794,pay0000000aea,ORD0002794,payment,2317.19,46.34,8.34,2262.51,wallet,2026-01-24,UTR202601240001
STL0002795,pay0000000aeb,ORD0002795,payment,4431.27,88.63,15.95,4326.69,netbanking,2026-01-26,UTR202601260001
STL0002796,pay0000000aec,ORD0002796,payment,2902.33,58.05,10.45,2833.83,upi,2026-01-12,UTR202601120001
STL0002797,pay0000000aed,ORD0002797,payment,7249.43,144.99,26.10,7078.34,card_debit,2026-01-03,UTR202601030001
STL0002798,pay0000000aee,ORD0002798,payment,8477.20,169.54,30.52,8277.14,card_debit,2026-01-24,UTR202601240001
STL0002799,pay0000000aef,ORD0002799,payment,8449.95,169.00,30.42,8250.53,card_credit,2026-02-03,
STL0002800,pay0000000af0,ORD0002800,payment,275.96,5.52,0.99,269.45,netbanking,2026-01-26,UTR202601260001
STL0002801,pay0000000af1,ORD0002801,payment,8337.92,166.76,30.02,8141.14,card_credit,2026-01-19,UTR202601190001
STL0002802,pay0000000af2,ORD0002802,payment,5727.86,114.56,20.62,5592.68,wallet,2026-01-30,UTR202601300001
STL0002803,pay0000000af3,ORD0002803,payment,3016.34,60.33,10.86,2945.15,card_debit,2026-01-17,UTR202601170001
STL0002804,pay0000000af4,ORD0002804,payment,8008.03,160.16,28.83,7819.04,card_credit,2026-01-11,UTR202601110001
STL0002805,pay0000000af5,ORD0002805,payment,428.44,8.57,1.54,418.33,upi,2026-01-18,UTR202601180001
STL0002806,pay0000000af6,ORD0002806,payment,34.31,0.69,0.12,33.50,netbanking,2026-01-23,UTR202601230001
STL0002807,pay0000000af7,ORD0002807,payment,3585.77,71.72,12.91,3501.14,card_credit,2026-01-06,UTR202601060001
STL0002808,pay0000000af8,ORD0002808,payment,4253.65,85.07,15.31,4153.27,card_debit,2026-01-15,UTR202601150001
STL0002809,pay0000000af9,ORD0002809,payment,5370.38,107.41,19.33,5243.64,upi,2026-01-11,UTR202601110001
STL0002810,pay0000000afa,ORD0002810,payment,8619.87,172.40,31.03,8416.44,wallet,2026-01-07,UTR202601070001
STL0002811,pay0000000afb,ORD0002811,payment,6558.77,131.18,23.61,6403.98,card_debit,2026-01-17,UTR202601170001
STL0002812,pay0000000afc,ORD0002812,payment,8981.07,179.62,32.33,8769.12,upi,2026-01-22,UTR202601220001
STL0002813,pay0000000afd,ORD0002813,payment,8169.35,163.39,29.41,7976.55,upi,2026-01-22,UTR202601220001
STL0002813X,,,chargeback,-85.22,0.00,0.00,-85.22,upi,2026-01-22,UTR202601220001
STL0002814,pay0000000afe,ORD0002814,payment,9077.81,181.56,32.68,8863.57,upi,2026-01-16,UTR202601160001
STL0002815,pay0000000aff,ORD0002815,payment,9601.93,192.04,34.57,9375.32,card_credit,2026-01-20,UTR202601200001
STL0002816,pay0000000b00,ORD0002816,payment,6755.49,135.11,24.32,6596.06,wallet,2026-01-07,UTR202601070001
STL0002817,pay0000000b01,ORD0002817,payment,7535.67,150.71,27.13,7357.83,upi,2026-01-28,UTR202601280001
STL0002818,pay0000000b02,ORD0002818,payment,2544.93,50.90,9.16,2484.87,netbanking,2026-01-08,UTR202601080001
STL0002819,pay0000000b03,ORD0002819,payment,3099.88,62.00,11.16,3026.72,card_credit,2026-01-27,UTR202601270001
STL0002820,pay0000000b04,ORD0002820,payment,1667.96,33.36,6.00,1628.60,card_debit,2026-01-03,UTR202601030001
STL0002821,pay0000000b05,ORD0002821,payment,7609.57,152.19,27.39,7429.99,card_credit,2026-01-18,UTR202601180001
STL0002822,pay0000000b06,ORD0002822,payment,2645.83,52.92,9.53,2583.38,netbanking,2026-01-04,UTR202601040001
STL0002823,pay0000000b07,ORD0002823,payment,6628.14,132.56,23.86,6471.72,card_credit,2026-01-15,UTR202601150001
STL0002824,pay0000000b08,ORD0002824,payment,448.74,8.97,1.61,438.16,card_credit,2026-01-07,UTR202601070001
STL0002825,pay0000000b09,ORD0002825,payment,7168.69,143.37,25.81,6999.51,upi,2026-01-09,UTR202601090001
STL0002826,pay0000000b0a,ORD0002826,payment,4931.54,98.63,17.75,4815.16,card_credit,2026-01-15,UTR202601150001
STL0002827,pay0000000b0b,ORD0002827,payment,8547.97,170.96,30.77,8346.24,card_debit,2026-01-18,UTR202601180001
STL0002828,pay0000000b0c,ORD0002828,payment,3867.65,77.35,13.92,3776.38,card_credit,2026-01-09,UTR202601090001
STL0002829,pay0000000b0d,ORD0002829,payment,1412.75,28.26,5.09,1379.40,card_credit,2026-01-18,UTR202601180001
STL0002829X,,,refund,-42.69,0.00,0.00,-42.69,card_credit,2026-01-18,UTR202601180001
STL0002830,pay0000000b0e,ORD0002830,payment,8948.99,178.98,32.22,8737.79,card_debit,2026-01-11,UTR202601110001
STL0002831,pay0000000b0f,ORD0002831,payment,8644.61,172.89,31.12,8440.60,card_credit,2026-01-15,UTR202601150001
STL0002832,pay0000000b10,ORD0002832,payment,9268.96,185.38,33.37,9050.21,card_debit,2026-01-26,UTR202601260001
STL0002833,pay0000000b11,ORD0002833,payment,8455.97,169.12,30.44,8256.41,wallet,2026-01-07,UTR202601070001
STL0002834,pay0000000b12,ORD0002834,payment,4896.08,97.92,17.63,4780.53,wallet,2026-01-25,UTR202601250001
STL0002835,pay0000000b13,ORD0002835,payment,2533.07,50.66,9.12,2473.29,card_debit,2026-01-22,UTR202601220001
STL0002836,pay0000000b14,ORD0002836,payment,1417.50,28.35,5.10,1384.05,netbanking,2026-01-14,UTR202601140001
STL0002837,pay0000000b15,ORD0002837,payment,7589.98,151.80,27.32,7410.86,wallet,2026-01-06,UTR202601060001
STL0002838,pay0000000b16,ORD0002838,payment,3438.46,68.77,12.38,3357.31,netbanking,2026-01-16,UTR202601160001
STL0002839,pay0000000b17,ORD0002839,payment,7557.74,151.15,27.21,7379.38,card_debit,2026-01-18,UTR202601180001
STL0002840,pay0000000b18,ORD0002840,payment,8505.67,170.11,30.62,8304.94,upi,2026-01-03,UTR202601030001
STL0002841,pay0000000b19,ORD0002841,payment,8787.83,175.76,31.64,8580.43,card_debit,2026-01-21,UTR202601210001
STL0002842,pay0000000b1a,ORD0002842,payment,3505.69,70.11,12.62,3422.96,card_credit,2026-01-19,UTR202601190001
STL0002843,pay0000000b1b,ORD0002843,payment,6255.26,125.11,22.52,6107.63,wallet,2026-01-05,UTR202601050001
STL0002844,pay0000000b1c,ORD0002844,payment,4112.91,82.26,14.81,4015.84,upi,2026-01-13,UTR202601130001
STL0002845,pay0000000b1d,ORD0002845,payment,748.57,14.97,2.69,730.91,wallet,2026-01-29,UTR202601290001
STL0002846,pay0000000b1e,ORD0002846,payment,5659.22,113.18,20.37,5525.67,wallet,2026-01-12,UTR202601120001
STL0002847,pay0000000b1f,ORD0002847,payment,8792.75,175.86,31.65,8585.24,card_debit,2026-01-03,UTR202601030001
STL0002848,pay0000000b20,ORD0002848,payment,7585.72,151.71,27.31,7406.70,wallet,2026-01-09,UTR202601090001
STL0002849,pay0000000b21,ORD0002849,payment,2527.05,50.54,9.10,2467.41,netbanking,2026-01-17,UTR202601170001
STL0002850,pay0000000b22,ORD0002850,payment,1368.69,27.37,4.93,1336.39,card_credit,2026-01-18,UTR202601180001
STL0002851,pay0000000b23,ORD0002851,payment,8163.11,163.26,29.39,7970.46,netbanking,2026-01-28,UTR202601280001
STL0002853,pay0000000b25,ORD0002853,payment,8187.10,163.74,29.47,7993.89,wallet,2026-01-02,UTR202601020001
STL0002854,pay0000000b26,ORD0002854,payment,3793.73,75.87,13.66,3704.20,upi,2026-01-16,UTR202601160001
STL0002855,,,payment,8002.86,160.06,28.81,7813.99,netbanking,2026-01-04,UTR202601040001
STL0002856,pay0000000b28,ORD0002856,payment,2236.93,44.74,8.05,2184.14,card_credit,2026-01-05,UTR202601050001
STL0002857,pay0000000b29,ORD0002857,payment,3735.78,74.72,13.45,3647.61,card_debit,2026-01-05,UTR202601050001
STL0002858,pay0000000b2a,ORD0002858,payment,1145.57,22.91,4.12,1118.54,card_debit,2026-01-19,UTR202601190001
STL0002859,pay0000000b2b,ORD0002859,payment,5458.27,109.17,19.65,5329.45,upi,2026-01-30,UTR202601300001
STL0002860,pay0000000b2c,ORD0002860,payment,8328.71,166.57,29.98,8132.16,card_credit,2026-01-18,UTR202601180001
STL0002861,pay0000000b2d,ORD0002861,payment,5005.52,100.11,18.02,4887.39,upi,2026-01-24,UTR202601240001
STL0002862,pay0000000b2e,ORD0002862,payment,6769.73,135.39,24.37,6609.97,card_credit,2026-01-13,UTR202601130001
STL0002863,pay0000000b2f,ORD0002863,payment,7281.77,145.64,26.22,7109.91,wallet,2026-01-03,UTR202601030001
STL0002864,pay0000000b30,ORD0002864,payment,684.89,13.70,2.47,668.72,card_debit,2026-01-29,UTR202601290001
STL0002865,pay0000000b31,ORD0002865,payment,7498.67,149.97,26.99,7321.71,netbanking,2026-01-16,UTR202601160001
STL0002866,pay0000000b32,ORD0002866,payment,7409.64,148.19,26.67,7234.78,wallet,2026-01-22,UTR202601220001
STL0002867,pay0000000b33,ORD0002867,payment,9123.20,182.46,32.84,8907.90,wallet,2026-01-28,UTR202601280001
STL0002868,pay0000000b34,ORD0002868,payment,7827.57,156.55,28.18,7642.84,card_credit,2026-01-27,UTR202601270001
STL0002869,pay0000000b35,ORD0002869,payment,8220.91,164.42,29.60,8026.89,card_debit,2026-01-15,UTR202601150001
STL0002870,pay0000000b36,ORD0002870,payment,5933.01,118.66,21.36,5792.99,card_credit,2026-01-07,UTR202601070001
STL0002871,pay0000000b37,ORD0002871,payment,8312.85,166.26,29.93,8116.66,upi,2026-01-08,UTR202601080001
STL0002872,pay0000000b38,ORD0002872,payment,8187.40,163.75,29.48,7994.17,netbanking,2026-01-27,UTR202601270001
STL0002873,pay0000000b39,ORD0002873,payment,5875.43,117.51,21.15,5736.77,upi,2026-01-05,UTR202601050001
STL0002874,pay0000000b3a,ORD0002874,payment,4964.52,99.29,17.87,4847.36,netbanking,2026-01-06,UTR202601060001
STL0002875,pay0000000b3b,ORD0002875,payment,9354.18,187.08,33.67,9133.43,card_debit,2026-01-04,UTR202601040001
STL0002876,pay0000000b3c,ORD0002876,payment,9893.40,197.87,35.62,9659.91,card_debit,2026-01-27,UTR202601270001
STL0002877,pay0000000b3d,ORD0002877,payment,6952.27,139.05,25.03,6788.19,wallet,2026-01-21,UTR202601210001
STL0002878,pay0000000b3e,ORD0002878,payment,9411.41,188.23,33.88,9189.30,upi,2026-01-20,UTR202601200001
STL0002879,pay0000000b3f,ORD0002879,payment,4277.65,85.55,15.40,4176.70,wallet,2026-01-25,UTR202601250001
STL0002880,pay0000000b40,ORD0002880,payment,3584.20,71.68,12.90,3499.62,card_credit,2026-01-04,UTR202601040001
STL0002881,pay0000000b41,ORD0002881,payment,1542.34,30.85,5.55,1505.94,netbanking,2026-01-17,UTR202601170001
STL0002882,pay0000000b42,ORD0002882,payment,3619.62,72.39,13.03,3534.20,upi,2026-01-15,UTR202601150001
STL0002883,pay0000000b43,ORD0002883,payment,8485.27,169.71,30.55,8285.01,card_debit,2026-01-17,UTR202601170001
STL0002884,pay0000000b44,ORD0002884,payment,8469.44,169.39,30.49,8269.56,upi,2026-01-19,UTR202601190001
STL0002885,pay0000000b45,ORD0002885,payment,2018.69,40.37,7.27,1971.05,card_debit,2026-01-28,UTR202601280001
STL0002886,pay0000000b46,ORD0002886,payment,8354.63,167.09,30.08,8157.46,card_credit,2026-01-28,UTR202601280001
STL0002887,pay0000000b47,ORD0002887,payment,430.32,8.61,1.55,420.16,upi,2026-01-02,UTR202601020001
STL0002887X,,,adjustment,289.58,0.00,0.00,289.58,upi,2026-01-02,UTR202601020001
STL0002888,pay0000000b48,ORD0002888,payment,6300.57,126.01,22.68,6151.88,upi,2026-01-14,UTR202601140001
STL0002889,pay0000000b49,ORD0002889,payment,8008.29,160.17,28.83,7819.29,upi,2026-01-14,UTR202601140001
STL0002890,pay0000000b4a,ORD0002890,payment,8543.69,170.87,30.76,8342.06,upi,2026-01-21,UTR202601210001
STL0002891,pay0000000b4b,ORD0002891,payment,3939.16,78.78,14.18,3846.20,card_credit,2026-02-01,
STL0002892,pay0000000b4c,ORD0002892,payment,9000.07,180.00,32.40,8787.67,netbanking,2026-01-26,UTR202601260001
STL0002893,pay0000000b4d,ORD0002893,payment,9053.14,181.06,32.59,8839.49,netbanking,2026-01-24,UTR202601240001
STL0002894,pay0000000b4e,ORD0002894,payment,6579.33,131.59,23.69,6424.05,card_debit,2026-01-07,UTR202601070001
STL0002895,pay0000000b4f,ORD0002895,payment,2837.42,56.75,10.22,2770.45,wallet,2026-01-03,UTR202601030001
STL0002896,pay0000000b50,ORD0002896,payment,1706.96,34.14,6.15,1666.67,netbanking,2026-01-03,UTR202601030001
STL0002897,pay0000000b51,ORD0002897,payment,4321.42,86.43,15.56,4219.43,card_credit,2026-01-23,UTR202601230001
STL0002897X,,,chargeback,-493.80,0.00,0.00,-493.80,card_credit,2026-01-23,UTR202601230001
STL0002898,pay0000000b52,ORD0002898,payment,9153.28,183.07,32.95,8937.26,upi,2026-01-18,UTR202601180001
STL0002899,pay0000000b53,ORD0002899,payment,5933.87,118.68,21.36,5793.83,upi,2026-01-25,UTR202601250001
STL0002900,pay0000000b54,ORD0002900,payment,5499.34,109.99,19.80,5369.55,card_debit,2026-01-23,UTR202601230001
STL0002901,pay0000000b55,ORD0002901,payment,2438.88,48.78,8.78,2381.32,card_credit,2026-01-05,UTR202601050001
STL0002902,pay0000000b56,ORD0002902,payment,1800.67,36.01,6.48,1758.18,upi,2026-01-09,UTR202601090001
STL0002903,pay0000000b57,ORD0002903,payment,9727.04,194.54,35.02,9497.48,card_debit,2026-01-04,UTR202601040001
STL0002904,pay0000000b58,ORD0002904,payment,829.12,16.58,2.98,809.56,upi,2026-01-22,UTR202601220001
STL0002905,pay0000000b59,ORD0002905,payment,4428.93,88.58,15.94,4324.41,card_debit,2026-01-10,UTR202601100001
STL0002906,pay0000000b5a,ORD0002906,payment,5731.40,114.63,20.63,5596.14,card_debit,2026-01-20,UTR202601200001
STL0002907,,,payment,784.46,15.69,2.82,765.95,wallet,2026-01-24,UTR202601240001
STL0002908,pay0000000b5c,ORD0002908,payment,9070.54,181.41,32.65,8856.48,netbanking,2026-01-20,UTR202601200001
STL0002909,pay0000000b5d,ORD0002909,payment,455.90,9.12,1.64,445.14,card_credit,2026-01-29,UTR202601290001
STL0002910,pay0000000b5e,ORD0002910,payment,2484.96,49.70,8.95,2426.31,upi,2026-01-17,UTR202601170001
STL0002911,pay0000000b5f,ORD0002911,payment,5606.30,112.13,20.18,5473.99,netbanking,2026-01-06,UTR202601060001
STL0002912,pay0000000b60,ORD0002912,payment,1790.91,35.82,6.45,1748.64,upi,2026-01-07,UTR202601070001
STL0002913,pay0000000b61,ORD0002913,payment,9382.06,187.64,33.78,9160.64,card_debit,2026-01-30,UTR202601300001
STL0002914,pay0000000b62,ORD0002914,payment,9762.89,195.26,35.15,9532.48,card_credit,2026-01-17,UTR202601170001
STL0002915,pay0000000b63,ORD0002915,payment,5156.71,103.13,18.56,5035.02,card_debit,2026-01-28,UTR202601280001
STL0002916,pay0000000b64,ORD0002916,payment,5660.59,113.21,20.38,5527.00,card_debit,2026-01-11,UTR202601110001
STL0002917,pay0000000b65,ORD0002917,payment,3344.10,66.88,12.04,3265.18,wallet,2026-01-15,UTR202601150001
STL0002918,pay0000000b66,ORD0002918,payment,7751.72,155.03,27.91,7568.78,wallet,2026-01-04,UTR202601040001
STL0002919,pay0000000b67,ORD0002919,payment,6680.76,133.62,24.05,6523.09,netbanking,2026-01-15,UTR202601150001
STL0002920,pay0000000b68,ORD0002920,payment,645.56,12.91,2.32,630.33,wallet,2026-01-15,UTR202601150001
STL0002921,pay0000000b69,ORD0002921,payment,1541.62,30.83,5.55,1505.24,netbanking,2026-01-27,UTR202601270001
STL0002922,pay0000000b6a,ORD0002922,payment,889.50,17.79,3.20,868.51,card_credit,2026-01-23,UTR202601230001
STL0002923,pay0000000b6b,ORD0002923,payment,1674.51,80.21,6.03,1588.27,card_credit,2026-01-06,UTR202601060001
STL0002924,pay0000000b6c,ORD0002924,payment,9830.77,196.62,35.39,9598.76,card_debit,2026-01-07,UTR202601070001
STL0002925,pay0000000b6d,ORD0002925,payment,5487.34,109.75,19.76,5357.83,card_debit,2026-01-24,UTR202601240001
STL0002926,pay0000000b6e,ORD0002926,payment,4177.60,83.55,15.04,4079.01,wallet,2026-01-18,UTR202601180001
STL0002927,pay0000000b6f,ORD0002927,payment,2820.60,56.41,10.15,2754.04,wallet,2026-01-11,UTR202601110001
STL0002928,pay0000000b70,ORD0002928,payment,5737.83,114.76,20.66,5602.41,card_credit,2026-01-02,UTR202601020001
STL0002929,pay0000000b71,ORD0002929,payment,9981.15,199.62,35.93,9745.60,netbanking,2026-01-23,UTR202601230001
STL0002930,pay0000000b72,ORD0002930,payment,6277.82,125.56,22.60,6129.66,card_debit,2026-01-25,UTR202601250001
STL0002931,pay0000000b73,ORD0002931,payment,6355.15,127.10,22.88,6205.17,upi,2026-01-14,UTR202601140001
STL0002932,pay0000000b74,ORD0002932,payment,2978.40,59.57,10.72,2908.11,wallet,2026-01-15,UTR202601150001
STL0002933,,,payment,8501.18,170.02,30.60,8300.56,netbanking,2026-01-28,UTR202601280001
STL0002934,pay0000000b76,ORD0002934,payment,2472.09,49.44,8.90,2413.75,netbanking,2026-01-20,UTR202601200001
STL0002935,pay0000000b77,ORD0002935,payment,8069.67,161.39,29.05,7879.23,netbanking,2026-01-25,UTR202601250001
STL0002936,pay0000000b78,ORD0002936,payment,8186.49,163.73,29.47,7993.29,netbanking,2026-01-06,UTR202601060001
STL0002937,pay0000000b79,ORD0002937,payment,5585.49,111.71,20.11,5453.67,wallet,2026-01-17,UTR202601170001
STL0002938,pay0000000b7a,ORD0002938,payment,4581.66,91.63,16.49,4473.54,card_debit,2026-01-18,UTR202601180001
STL0002939,pay0000000b7b,ORD0002939,payment,6053.23,121.06,21.79,5910.38,wallet,2026-01-08,UTR202601080001
STL0002940,pay0000000b7c,ORD0002940,payment,5503.59,110.07,19.81,5373.71,card_debit,2026-01-02,UTR202601020001
STL0002941,pay0000000b7d,ORD0002941,payment,7297.86,145.96,26.27,7125.63,netbanking,2026-01-11,UTR202601110001
STL0002942,pay0000000b7e,ORD0002942,payment,6501.33,130.03,23.41,6347.89,upi,2026-01-12,UTR202601120001
STL0002943,pay0000000b7f,ORD0002943,payment,1765.76,35.32,6.36,1724.08,card_credit,2026-01-12,UTR202601120001
STL0002944,pay0000000b80,ORD0002944,payment,2818.56,56.37,10.15,2752.04,netbanking,2026-01-12,UTR202601120001
STL0002945,pay0000000b81,ORD0002945,payment,4137.09,82.74,14.89,4039.46,card_credit,2026-01-10,UTR202601100001
STL0002946,pay0000000b82,ORD0002946,payment,2591.04,51.82,9.33,2529.89,wallet,2026-01-24,UTR202601240001
STL0002947,pay0000000b83,ORD0002947,payment,8283.87,165.68,29.82,8088.37,wallet,2026-01-14,UTR202601140001
STL0002948,pay0000000b84,ORD0002948,payment,9691.44,193.83,34.89,9462.72,card_debit,2026-01-21,UTR202601210001
STL0002949,pay0000000b85,ORD0002949,payment,7182.18,143.64,25.86,7012.68,card_credit,2026-01-25,UTR202601250001
STL0002950,pay0000000b86,ORD0002950,payment,9779.41,195.59,35.21,9548.61,netbanking,2026-01-18,UTR202601180001
STL0002951,pay0000000b87,ORD0002951,payment,6038.96,120.78,21.74,5896.44,card_debit,2026-01-07,UTR202601070001
STL0002952,pay0000000b88,ORD0002952,payment,6379.68,127.59,22.97,6229.12,wallet,2026-01-27,UTR202601270001
STL0002952X,,,refund,-246.97,0.00,0.00,-246.97,wallet,2026-01-27,UTR202601270001
STL0002953,pay0000000b89,ORD0002953,payment,3840.73,76.81,13.83,3750.09,netbanking,2026-01-03,UTR202601030001
STL0002954,pay0000000b8a,ORD0002954,payment,5863.23,117.26,21.11,5724.86,netbanking,2026-01-13,UTR202601130001
STL0002955,pay0000000b8b,ORD0002955,payment,3017.60,60.35,10.86,2946.39,card_debit,2026-01-28,UTR202601280001
STL0002956,pay0000000b8c,ORD0002956,payment,6539.51,130.79,23.54,6385.18,upi,2026-01-07,UTR202601070001
STL0002957,pay0000000b8d,ORD0002957,payment,1191.95,23.84,4.29,1163.82,card_debit,2026-01-17,UTR202601170001
STL0002958,pay0000000b8e,ORD0002958,payment,7394.16,147.88,26.62,7219.66,upi,2026-01-12,UTR202601120001
STL0002959,pay0000000b8f,ORD0002959,payment,2208.95,44.18,7.95,2156.82,card_credit,2026-01-15,UTR202601150001
STL0002960,pay0000000b90,ORD0002960,payment,3431.40,68.63,12.35,3350.42,card_debit,2026-01-28,UTR202601280001
STL0002961,pay0000000b91,ORD0002961,payment,3843.94,76.88,13.84,3753.22,netbanking,2026-01-22,UTR202601220001
STL0002962,pay0000000b92,ORD0002962,payment,9973.00,199.46,35.90,9737.64,netbanking,2026-01-19,UTR202601190001
STL0002963,pay0000000b93,ORD0002963,payment,485.16,9.70,1.75,473.71,upi,2026-01-02,UTR202601020001
STL0002964,pay0000000b94,ORD0002964,payment,8076.51,161.53,29.08,7885.90,card_debit,2026-01-28,UTR202601280001
STL0002965,pay0000000b95,ORD0002965,payment,6461.27,129.23,23.26,6308.78,wallet,2026-01-20,UTR202601200001
STL0002966,pay0000000b96,ORD0002966,payment,635.63,12.71,2.29,620.63,upi,2026-01-22,UTR202601220001
STL0002967,pay0000000b97,ORD0002967,payment,1365.79,27.32,4.92,1333.55,card_credit,2026-01-11,UTR202601110001
STL0002968,pay0000000b98,ORD0002968,payment,9388.06,187.76,33.80,9166.50,netbanking,2026-01-07,UTR202601070001
STL0002969,pay0000000b99,ORD0002969,payment,8312.82,166.26,29.93,8116.63,card_credit,2026-01-27,UTR202601270001
STL0002970,pay0000000b9a,ORD0002970,payment,1762.30,35.25,6.35,1720.70,wallet,2026-01-07,UTR202601070001
STL0002971,pay0000000b9b,ORD0002971,payment,7772.87,155.46,27.98,7589.43,card_credit,2026-01-25,UTR202601250001
STL0002972,pay0000000b9c,ORD0002972,payment,4429.61,88.59,15.95,4325.07,wallet,2026-01-15,UTR202601150001
STL0002973,pay0000000b9d,ORD0002973,payment,5269.17,105.38,18.97,5144.82,upi,2026-01-06,UTR202601060001
STL0002974,pay0000000b9e,ORD0002974,payment,4494.03,89.88,16.18,4387.97,upi,2026-01-12,UTR202601120001
STL0002974X,,,chargeback,-249.12,0.00,0.00,-249.12,upi,2026-01-12,UTR202601120001
STL0002975,pay0000000b9f,ORD0002975,payment,6707.13,134.14,24.15,6548.84,card_debit,2026-01-09,UTR202601090001
STL0002976,pay0000000ba0,ORD0002976,payment,8664.32,173.29,31.19,8459.84,card_credit,2026-01-29,
STL0002977,pay0000000ba1,ORD0002977,payment,3569.42,71.39,12.85,3485.18,netbanking,2026-01-17,UTR202601170001
STL0002978,pay0000000ba2,ORD0002978,payment,1914.97,38.30,6.89,1869.78,card_credit,2026-01-24,UTR202601240001
STL0002979,pay0000000ba3,ORD0002979,payment,5507.84,110.16,19.83,5377.85,wallet,2026-01-23,UTR202601230001
STL0002980,pay0000000ba4,ORD0002980,payment,5149.62,102.99,18.54,5028.09,card_debit,2026-01-08,UTR202601080001
STL0002981,pay0000000ba5,ORD0002981,payment,9430.32,188.61,33.95,9207.76,netbanking,2026-01-23,UTR202601230001
STL0002982,pay0000000ba6,ORD0002982,payment,71.74,1.43,0.26,70.05,card_debit,2026-01-08,UTR202601080001
STL0002983,pay0000000ba7,ORD0002983,payment,3023.98,60.48,10.89,2952.61,card_debit,2026-01-08,UTR202601080001
STL0002984,pay0000000ba8,ORD0002984,payment,8474.65,169.49,30.51,8274.65,card_debit,2026-01-28,UTR202601280001
STL0002985,pay0000000ba9,ORD0002985,payment,1329.30,26.59,4.79,1297.92,upi,2026-01-10,UTR202601100001
STL0002986,pay0000000baa,ORD0002986,payment,6548.82,130.98,23.58,6394.26,upi,2026-01-06,UTR202601060001
STL0002987,pay0000000bab,ORD0002987,payment,5453.30,109.07,19.63,5324.60,card_debit,2026-01-10,UTR202601100001
STL0002988,pay0000000bac,ORD0002988,payment,5800.96,116.02,20.88,5664.06,card_debit,2026-01-18,UTR202601180001
STL0002989,pay0000000bad,ORD0002989,payment,4241.51,84.83,15.27,4141.41,card_debit,2026-01-19,UTR202601190001
STL0002990,pay0000000bae,ORD0002990,payment,9440.62,188.81,33.99,9217.82,card_credit,2026-01-14,UTR202601140001
STL0002991,pay0000000baf,ORD0002991,payment,3813.29,76.27,13.73,3723.29,netbanking,2026-01-19,UTR202601190001
STL0002992,pay0000000bb0,ORD0002992,payment,5994.66,119.89,21.58,5853.19,upi,2026-01-05,UTR202601050001
STL0002993,pay0000000bb1,ORD0002993,payment,8136.89,162.74,29.29,7944.86,wallet,2026-01-25,UTR202601250001
STL0002994,pay0000000bb2,ORD0002994,payment,1077.16,21.54,3.88,1051.74,netbanking,2026-01-14,UTR202601140001
STL0002995,pay0000000bb3,ORD0002995,payment,6772.72,135.45,24.38,6612.89,card_debit,2026-01-18,UTR202601180001
STL0002996,pay0000000bb4,ORD0002996,payment,8259.51,165.19,29.73,8064.59,wallet,2026-01-26,UTR202601260001
STL0002997,pay0000000bb5,ORD0002997,payment,8790.60,175.81,31.65,8583.14,card_debit,2026-01-02,UTR202601020001
STL0002998,pay0000000bb6,ORD0002998,payment,5949.11,118.98,21.42,5808.71,card_debit,2026-01-22,UTR202601220001
STL0002999,pay0000000bb7,ORD0002999,payment,7689.01,153.78,27.68,7507.55,upi,2026-01-17,UTR202601170001
STL0003000,pay0000000bb8,ORD0003000,payment,2482.49,49.65,8.94,2423.90,card_credit,2026-01-19,UTR202601190001
STL0003001,pay0000000bb9,ORD0003001,payment,7370.93,147.42,26.54,7196.97,card_credit,2026-01-11,UTR202601110001
STL0003002,pay0000000bba,ORD0003002,payment,1285.90,25.72,4.63,1255.55,netbanking,2026-01-19,UTR202601190001
STL0003003,pay0000000bbb,ORD0003003,payment,8480.02,169.60,30.53,8279.89,wallet,2026-01-14,UTR202601140001
STL0003004,pay0000000bbc,ORD0003004,payment,9079.72,181.59,32.69,8865.44,upi,2026-01-12,UTR202601120001
STL0003005,pay0000000bbd,ORD0003005,payment,4690.31,93.81,16.89,4579.61,wallet,2026-01-21,UTR202601210001
STL0003006,pay0000000bbe,ORD0003006,payment,737.77,14.76,2.66,720.35,wallet,2026-01-07,UTR202601070001
STL0003007,pay0000000bbf,ORD0003007,payment,5530.99,110.62,19.91,5400.46,card_credit,2026-01-18,UTR202601180001
STL0003008,pay0000000bc0,ORD0003008,payment,9979.43,199.59,35.93,9743.91,card_debit,2026-01-19,UTR202601190001
STL0003008X,,,refund,-69.58,0.00,0.00,-69.58,card_debit,2026-01-19,UTR202601190001
STL0003009,pay0000000bc1,ORD0003009,payment,1417.60,28.35,5.10,1384.15,upi,2026-01-29,UTR202601290001
STL0003010,pay0000000bc2,ORD0003010,payment,1821.82,36.44,6.56,1778.82,netbanking,2026-01-05,UTR202601050001
STL0003011,pay0000000bc3,ORD0003011,payment,9858.75,197.18,35.49,9626.08,wallet,2026-01-25,UTR202601250001
STL0003012,pay0000000bc4,ORD0003012,payment,4601.64,92.03,16.57,4493.04,card_credit,2026-01-15,UTR202601150001
STL0003013,pay0000000bc5,ORD0003013,payment,3752.23,75.04,13.51,3663.68,netbanking,2026-01-09,UTR202601090001
STL0003014,pay0000000bc6,ORD0003014,payment,8379.89,167.60,30.17,8182.12,card_credit,2026-01-28,UTR202601280001
STL0003015,pay0000000bc7,ORD0003015,payment,2482.65,49.65,8.94,2424.06,wallet,2026-01-16,UTR202601160001
STL0003016,pay0000000bc8,ORD0003016,payment,4830.70,96.61,17.39,4716.70,card_debit,2026-01-04,UTR202601040001
STL0003017,pay0000000bc9,ORD0003017,payment,5987.29,119.75,21.56,5845.98,wallet,2026-01-04,UTR202601040001
STL0003018,pay0000000bca,ORD0003018,payment,9723.85,194.48,35.01,9494.36,upi,2026-01-25,UTR202601250001
STL0003019,pay0000000bcb,ORD0003019,payment,5016.86,100.34,18.06,4898.46,wallet,2026-01-10,UTR202601100001
STL0003020,pay0000000bcc,ORD0003020,payment,9564.38,191.29,34.43,9338.66,card_debit,2026-01-02,UTR202601020001
STL0003021,pay0000000bcd,ORD0003021,payment,5246.46,104.93,18.89,5122.64,upi,2026-01-05,UTR202601050001
STL0003022,pay0000000bce,ORD0003022,payment,7678.01,153.56,27.64,7496.81,upi,2026-01-06,UTR202601060001
STL0003023,pay0000000bcf,ORD0003023,payment,9693.71,193.87,34.90,9464.94,card_debit,2026-02-03,
STL0003024,pay0000000bd0,ORD0003024,payment,7066.50,141.33,25.44,6899.73,netbanking,2026-01-05,UTR202601050001
STL0003024X,,,adjustment,32.42,0.00,0.00,32.42,netbanking,2026-01-05,UTR202601050001
STL0003025,pay0000000bd1,ORD0003025,payment,1273.32,25.47,4.58,1243.27,card_credit,2026-01-21,UTR202601210001
STL0003026,pay0000000bd2,ORD0003026,payment,9709.89,194.20,34.96,9480.73,card_debit,2026-01-18,UTR202601180001
STL0003027,pay0000000bd3,ORD0003027,payment,7835.48,156.71,28.21,7650.56,wallet,2026-01-26,UTR202601260001
STL0003028,pay0000000bd4,ORD0003028,payment,3992.56,79.85,14.37,3898.34,card_debit,2026-01-12,UTR202601120001
STL0003029,pay0000000bd5,ORD0003029,payment,9199.67,183.99,33.12,8982.56,upi,2026-01-25,UTR202601250001
STL0003030A,pay0000000bd6,ORD0003030,payment,4941.80,98.84,17.79,4825.17,card_credit,2026-01-11,UTR202601110001
STL0003030B,pay0000000bd6,ORD0003030,payment,3294.53,65.89,11.86,3216.78,card_credit,2026-01-11,UTR202601110001
STL0003031,pay0000000bd7,ORD0003031,payment,4144.60,82.89,14.92,4046.79,upi,2026-01-23,UTR202601230001
STL0003032,pay0000000bd8,ORD0003032,payment,3430.06,68.60,12.35,3349.11,netbanking,2026-01-07,UTR202601070001
STL0003033,pay0000000bd9,ORD0003033,payment,8812.94,176.26,31.73,8604.95,card_credit,2026-01-29,UTR202601290001
STL0003034,pay0000000bda,ORD0003034,payment,8809.32,176.19,31.71,8601.42,upi,2026-01-29,UTR202601290001
STL0003035,pay0000000bdb,ORD0003035,payment,2255.43,45.11,8.12,2202.20,wallet,2026-01-26,UTR202601260001
STL0003036,pay0000000bdc,ORD0003036,payment,184.18,3.68,0.66,179.84,upi,2026-01-27,UTR202601270001
STL0003037,pay0000000bdd,ORD0003037,payment,2005.22,40.10,7.22,1957.90,wallet,2026-01-16,UTR202601160001
STL0003038,pay0000000bde,ORD0003038,payment,3223.55,64.47,11.60,3147.48,card_credit,2026-01-26,UTR202601260001
STL0003039,pay0000000bdf,ORD0003039,payment,9317.42,186.35,33.54,9097.53,netbanking,2026-01-25,UTR202601250001
STL0003040,pay0000000be0,ORD0003040,payment,4434.81,88.70,15.97,4330.14,netbanking,2026-01-05,UTR202601050001
STL0003041,pay0000000be1,ORD0003041,payment,5193.95,103.88,18.70,5071.37,wallet,2026-01-12,UTR202601120001
STL0003041X,,,refund,-60.95,0.00,0.00,-60.95,wallet,2026-01-12,UTR202601120001
STL0003042,pay0000000be2,ORD0003042,payment,4526.68,90.53,16.30,4419.85,card_debit,2026-01-15,UTR202601150001
STL0003043,pay0000000be3,ORD0003043,payment,2955.68,59.11,10.64,2885.93,card_credit,2026-01-19,UTR202601190001
STL0003044,pay0000000be4,ORD0003044,payment,1668.02,33.36,6.00,1628.66,card_credit,2026-01-30,
STL0003045,pay0000000be5,ORD0003045,payment,181.79,3.64,0.66,177.49,netbanking,2026-01-22,UTR202601220001
STL0003046,pay0000000be6,ORD0003046,payment,8062.38,161.25,29.03,7872.10,card_credit,2026-01-23,UTR202601230001
STL0003047,pay0000000be7,ORD0003047,payment,3894.04,77.88,14.02,3802.14,netbanking,2026-01-17,UTR202601170001
STL0003048,pay0000000be8,ORD0003048,payment,9922.11,198.44,35.72,9687.95,card_debit,2026-01-09,UTR202601090001
STL0003049,pay0000000be9,ORD0003049,payment,2637.96,52.76,9.50,2575.70,upi,2026-01-16,UTR202601160001
STL0003050,pay0000000bea,ORD0003050,payment,8070.19,161.40,29.05,7879.74,card_debit,2026-01-05,UTR202601050001
STL0003050X,,,adjustment,275.38,0.00,0.00,275.38,card_debit,2026-01-05,UTR202601050001
STL0003051,pay0000000beb,ORD0003051,payment,5812.46,116.25,20.93,5675.28,card_credit,2026-01-10,UTR202601100001
STL0003052,pay0000000bec,ORD0003052,payment,948.51,18.97,3.41,926.13,upi,2026-01-19,UTR202601190001
STL0003053,pay0000000bed,ORD0003053,payment,5424.58,108.49,19.53,5296.56,card_debit,2026-01-05,UTR202601050001
STL0003054,pay0000000bee,ORD0003054,payment,9111.17,182.22,32.80,8896.15,upi,2026-01-27,UTR202601270001
STL0003055,pay0000000bef,ORD0003055,payment,2054.81,41.10,7.40,2006.31,upi,2026-01-19,UTR202601190001
STL0003056,pay0000000bf0,ORD0003056,payment,4848.85,96.98,17.46,4734.41,upi,2026-01-24,UTR202601240001
STL0003057,pay0000000bf1,ORD0003057,payment,3022.01,60.44,10.88,2950.69,card_credit,2026-01-14,UTR202601140001
STL0003058,pay0000000bf2,ORD0003058,payment,4205.77,84.12,15.14,4106.51,upi,2026-01-07,UTR202601070001
STL0003059,pay0000000bf3,ORD0003059,payment,3663.83,73.28,13.19,3577.36,netbanking,2026-01-20,UTR202601200001
STL0003060,pay0000000bf4,ORD0003060,payment,4508.47,90.17,16.23,4402.07,card_debit,2026-01-21,UTR202601210001
STL0003061,pay0000000bf5,ORD0003061,payment,62.32,1.25,0.23,60.84,wallet,2026-01-12,UTR202601120001
STL0003062,pay0000000bf6,ORD0003062,payment,8630.43,172.61,31.07,8426.75,netbanking,2026-01-28,UTR202601280001
STL0003063,pay0000000bf7,ORD0003063,payment,4585.27,91.71,16.51,4477.05,wallet,2026-01-29,UTR202601290001
STL0003064,pay0000000bf8,ORD0003064,payment,1454.36,29.09,5.24,1420.03,upi,2026-01-24,UTR202601240001
STL0003065,pay0000000bf9,ORD0003065,payment,4230.59,84.61,15.23,4130.75,card_credit,2026-01-16,UTR202601160001
STL0003066,pay0000000bfa,ORD0003066,payment,266.44,5.33,0.96,260.15,upi,2026-01-26,UTR202601260001
STL0003067,pay0000000bfb,ORD0003067,payment,5097.44,101.95,18.35,4977.14,upi,2026-02-03,
STL0003068,pay0000000bfc,ORD0003068,payment,2479.13,49.58,8.92,2420.63,wallet,2026-01-21,UTR202601210001
STL0003069,pay0000000bfd,ORD0003069,payment,9000.94,180.02,32.40,8788.52,card_credit,2026-01-24,UTR202601240001
STL0003070,pay0000000bfe,ORD0003070,payment,7426.07,148.52,26.73,7250.82,upi,2026-01-04,UTR202601040001
STL0003071,pay0000000bff,ORD0003071,payment,6389.24,127.78,23.00,6238.46,card_credit,2026-01-20,UTR202601200001
STL0003072,pay0000000c00,ORD0003072,payment,6274.78,125.50,22.59,6126.69,wallet,2026-01-29,UTR202601290001
STL0003073,pay0000000c01,ORD0003073,payment,5172.63,103.45,18.62,5050.56,card_debit,2026-01-22,UTR202601220001
STL0003074,pay0000000c02,ORD0003074,payment,4608.43,92.17,16.59,4499.67,netbanking,2026-01-24,UTR202601240001
STL0003075,pay0000000c03,ORD0003075,payment,7868.34,157.37,28.33,7682.64,upi,2026-01-12,UTR202601120001
STL0003076,pay0000000c04,ORD0003076,payment,5090.12,101.80,18.32,4970.00,wallet,2026-01-12,UTR202601120001
STL0003077,pay0000000c05,ORD0003077,payment,2451.31,49.03,8.83,2393.45,netbanking,2026-01-29,UTR202601290001
STL0003078,pay0000000c06,ORD0003078,payment,7732.66,154.65,27.84,7550.17,wallet,2026-01-26,UTR202601260001
STL0003079,pay0000000c07,ORD0003079,payment,5965.76,119.32,21.48,5824.96,upi,2026-01-05,UTR202601050001
STL0003080,pay0000000c08,ORD0003080,payment,9558.27,191.17,34.41,9332.69,card_debit,2026-01-11,UTR202601110001
STL0003082,,,payment,6981.78,139.64,25.14,6817.00,card_credit,2026-01-25,UTR202601250001
STL0003083,pay0000000c0b,ORD0003083,payment,9825.04,196.50,35.37,9593.17,wallet,2026-01-20,UTR202601200001
STL0003084,pay0000000c0c,ORD0003084,payment,6248.99,124.98,22.50,6101.51,upi,2026-01-18,UTR202601180001
STL0003085,pay0000000c0d,ORD0003085,payment,240.01,4.80,0.86,234.35,card_credit,2026-01-27,UTR202601270001
STL0003086,pay0000000c0e,ORD0003086,payment,5334.04,106.68,19.20,5208.16,card_credit,2026-01-03,UTR202601030001
STL0003087,pay0000000c0f,ORD0003087,payment,1454.55,29.09,5.24,1420.22,wallet,2026-01-08,UTR202601080001
STL0003088,pay0000000c10,ORD0003088,payment,9726.37,194.53,35.02,9496.82,netbanking,2026-01-10,UTR202601100001
STL0003089,pay0000000c11,ORD0003089,payment,5657.87,113.16,20.37,5524.34,card_credit,2026-01-07,UTR202601070001
STL0003090,pay0000000c12,ORD0003090,payment,4396.30,87.93,15.83,4292.54,upi,2026-01-19,UTR202601190001
STL0003091,pay0000000c13,ORD0003091,payment,1890.65,37.81,6.81,1846.03,upi,2026-01-30,UTR202601300001
STL0003092,pay0000000c14,ORD0003092,payment,4233.16,84.66,15.24,4133.26,wallet,2026-01-04,UTR202601040001
STL0003093,pay0000000c15,ORD0003093,payment,7075.97,141.52,25.47,6908.98,wallet,2026-01-28,UTR202601280001
STL0003094,pay0000000c16,ORD0003094,payment,5873.76,117.48,21.15,5735.13,netbanking,2026-01-20,UTR202601200001
STL0003095,pay0000000c17,ORD0003095,payment,7033.35,140.67,25.32,6867.36,wallet,2026-01-17,UTR202601170001
STL0003096,pay0000000c18,ORD0003096,payment,7485.35,149.71,26.95,7308.69,wallet,2026-01-05,UTR202601050001
STL0003097,pay0000000c19,ORD0003097,payment,3723.35,74.47,13.40,3635.48,card_debit,2026-01-17,UTR202601170001
STL0003098,pay0000000c1a,ORD0003098,payment,2984.18,59.68,10.74,2913.76,netbanking,2026-01-25,UTR202601250001
STL0003099,pay0000000c1b,ORD0003099,payment,8173.72,163.47,29.42,7980.83,upi,2026-01-17,UTR202601170001
STL0003100,pay0000000c1c,ORD0003100,payment,9717.19,194.34,34.98,9487.87,netbanking,2026-01-17,UTR202601170001
STL0003101,pay0000000c1d,ORD0003101,payment,2612.33,52.25,9.41,2550.67,netbanking,2026-01-27,UTR202601270001
STL0003102,pay0000000c1e,ORD0003102,payment,3280.68,65.61,11.81,3203.26,card_debit,2026-01-06,UTR202601060001
STL0003103,pay0000000c1f,ORD0003103,payment,1076.74,21.53,3.88,1051.33,wallet,2026-01-15,UTR202601150001
STL0003104,pay0000000c20,ORD0003104,payment,8661.20,173.22,31.18,8456.80,wallet,2026-01-24,UTR202601240001
STL0003105,pay0000000c21,ORD0003105,payment,5274.43,105.49,18.99,5149.95,netbanking,2026-01-22,UTR202601220001
STL0003106,pay0000000c22,ORD0003106,payment,5266.84,105.34,18.96,5142.54,card_debit,2026-01-10,UTR202601100001
STL0003107,pay0000000c23,ORD0003107,payment,4148.85,82.98,14.94,4050.93,netbanking,2026-01-19,UTR202601190001
STL0003108,pay0000000c24,ORD0003108,payment,719.60,14.39,2.59,702.62,upi,2026-01-15,UTR202601150001
STL0003109,pay0000000c25,ORD0003109,payment,2253.69,45.07,8.11,2200.51,card_debit,2026-01-30,UTR202601300001
STL0003110,pay0000000c26,ORD0003110,payment,7926.89,158.54,28.54,7739.81,netbanking,2026-01-21,UTR202601210001
STL0003111,pay0000000c27,ORD0003111,payment,7505.18,150.10,27.02,7328.06,card_debit,2026-01-15,UTR202601150001
STL0003112,pay0000000c28,ORD0003112,payment,4205.68,84.11,15.14,4106.43,card_credit,2026-01-12,UTR202601120001
STL0003113,pay0000000c29,ORD0003113,payment,2924.41,58.49,10.53,2855.39,card_credit,2026-01-26,UTR202601260001
STL0003114,pay0000000c2a,ORD0003114,payment,1025.90,20.52,3.69,1001.69,card_debit,2026-01-15,UTR202601150001
STL0003115,pay0000000c2b,ORD0003115,payment,2873.90,57.48,10.35,2806.07,netbanking,2026-01-02,UTR202601020001
STL0003116,pay0000000c2c,ORD0003116,payment,5082.62,101.65,18.30,4962.67,card_debit,2026-01-27,UTR202601270001
STL0003117,pay0000000c2d,ORD0003117,payment,6239.27,124.79,22.46,6092.02,upi,2026-01-21,UTR202601210001
STL0003118,pay0000000c2e,ORD0003118,payment,4846.53,96.93,17.45,4732.15,upi,2026-01-29,UTR202601290001
STL0003119,pay0000000c2f,ORD0003119,payment,4342.95,86.86,15.63,4240.46,card_credit,2026-01-18,UTR202601180001
STL0003120,pay0000000c30,ORD0003120,payment,9642.63,192.85,34.71,9415.07,netbanking,2026-01-16,UTR202601160001
STL0003121,pay0000000c31,ORD0003121,payment,5650.57,113.01,20.34,5517.22,netbanking,2026-01-23,UTR202601230001
STL0003122,pay0000000c32,ORD0003122,payment,5767.47,115.35,20.76,5631.36,netbanking,2026-01-18,UTR202601180001
STL0003123,pay0000000c33,ORD0003123,payment,7226.42,144.53,26.02,7055.87,card_credit,2026-01-06,UTR202601060001
STL0003124,pay0000000c34,ORD0003124,payment,8431.13,168.62,30.35,8232.16,wallet,2026-01-23,UTR202601230001
STL0003125,pay0000000c35,ORD0003125,payment,6287.10,125.74,22.63,6138.73,netbanking,2026-01-25,UTR202601250001
STL0003126,pay0000000c36,ORD0003126,payment,2588.65,51.77,9.32,2527.56,upi,2026-01-26,UTR202601260001
STL0003127,pay0000000c37,ORD0003127,payment,743.02,14.86,2.67,725.49,upi,2026-01-19,UTR202601190001
STL0003128,pay0000000c38,ORD0003128,payment,6254.58,125.09,22.52,6106.97,card_credit,2026-01-20,UTR202601200001
STL0003129,pay0000000c39,ORD0003129,payment,7443.14,148.86,26.79,7267.49,wallet,2026-01-24,UTR202601240001
STL0003130,pay0000000c3a,ORD0003130,payment,3909.77,78.20,14.08,3817.49,upi,2026-02-03,
STL0003131,pay0000000c3b,ORD0003131,payment,6007.04,120.14,21.63,5865.27,wallet,2026-01-13,UTR202601130001
STL0003132,pay0000000c3c,ORD0003132,payment,497.39,9.95,1.79,485.65,card_credit,2026-01-13,UTR202601130001
STL0003133,pay0000000c3d,ORD0003133,payment,7770.33,155.41,27.97,7586.95,netbanking,2026-01-20,UTR202601200001
STL0003133X,,,chargeback,-176.79,0.00,0.00,-176.79,netbanking,2026-01-20,UTR202601200001
STL0003134,pay0000000c3e,ORD0003134,payment,1701.90,34.04,6.13,1661.73,card_credit,2026-01-03,UTR202601030001
STL0003135,pay0000000c3f,ORD0003135,payment,4651.19,93.02,16.74,4541.43,card_credit,2026-01-13,UTR202601130001
STL0003136,pay0000000c40,ORD0003136,payment,2319.54,46.39,8.35,2264.80,upi,2026-01-10,UTR202601100001
STL0003137,pay0000000c41,ORD0003137,payment,2547.97,50.96,9.17,2487.84,netbanking,2026-01-28,UTR202601280001
STL0003138,pay0000000c42,ORD0003138,payment,8962.86,179.26,32.27,8751.33,card_credit,2026-01-23,UTR202601230001
STL0003139,pay0000000c43,ORD0003139,payment,573.24,11.46,2.06,559.72,wallet,2026-01-06,UTR202601060001
STL0003140,pay0000000c44,ORD0003140,payment,2405.21,48.10,8.66,2348.45,netbanking,2026-01-05,UTR202601050001
STL0003141,pay0000000c45,ORD0003141,payment,1963.09,39.26,7.07,1916.76,card_debit,2026-01-06,UTR202601060001
STL0003142,pay0000000c46,ORD0003142,payment,8374.64,167.49,30.15,8177.00,netbanking,2026-01-17,UTR202601170001
STL0003143,pay0000000c47,ORD0003143,payment,1413.62,28.27,5.09,1380.26,netbanking,2026-01-26,
STL0003144,pay0000000c48,ORD0003144,payment,2950.77,59.02,10.62,2881.13,wallet,2026-01-25,UTR202601250001
STL0003145,pay0000000c49,ORD0003145,payment,2639.03,52.78,9.50,2576.75,upi,2026-01-20,UTR202601200001
STL0003145X,,,adjustment,356.83,0.00,0.00,356.83,upi,2026-01-20,UTR202601200001
STL0003146,pay0000000c4a,ORD0003146,payment,162.43,3.25,0.59,158.59,netbanking,2026-01-07,UTR202601070001
STL0003147,pay0000000c4b,ORD0003147,payment,5190.56,103.81,18.69,5068.06,card_debit,2026-01-19,UTR202601190001
STL0003148,pay0000000c4c,ORD0003148,payment,9258.45,185.17,33.33,9039.95,card_credit,2026-01-13,UTR202601130001
STL0003149,pay0000000c4d,ORD0003149,payment,7536.69,150.73,27.13,7358.83,netbanking,2026-01-15,UTR202601150001
STL0003149X,,,refund,-112.88,0.00,0.00,-112.88,netbanking,2026-01-15,UTR202601150001
STL0003150,pay0000000c4e,ORD0003150,payment,565.68,11.31,2.04,552.33,netbanking,2026-01-08,UTR202601080001
STL0003151,pay0000000c4f,ORD0003151,payment,4514.75,90.30,16.25,4408.20,upi,2026-01-15,UTR202601150001
STL0003152,pay0000000c50,ORD0003152,payment,3678.73,73.57,13.24,3591.92,wallet,2026-01-29,UTR202601290001
STL0003153,pay0000000c51,ORD0003153,payment,1346.30,26.93,4.85,1314.52,card_credit,2026-01-06,UTR202601060001
STL0003154,pay0000000c52,ORD0003154,payment,7894.71,157.89,28.42,7708.40,netbanking,2026-01-12,UTR202601120001
STL0003155,pay0000000c53,ORD0003155,payment,6850.32,137.01,24.66,6688.65,card_credit,2026-01-14,UTR202601140001
STL0003156,pay0000000c54,ORD0003156,payment,9126.25,182.53,32.86,8910.86,card_debit,2026-01-08,UTR202601080001
STL0003157,pay0000000c55,ORD0003157,payment,7480.56,149.61,26.93,7304.02,wallet,2026-01-18,UTR202601180001
STL0003158,pay0000000c56,ORD0003158,payment,7669.79,153.40,27.61,7488.78,netbanking,2026-01-18,UTR202601180001
STL0003159,pay0000000c57,ORD0003159,payment,2551.95,51.04,9.19,2491.72,card_debit,2026-01-25,UTR202601250001
STL0003160,pay0000000c58,ORD0003160,payment,326.96,6.54,1.18,319.24,upi,2026-01-08,UTR202601080001
STL0003161,pay0000000c59,ORD0003161,payment,3713.08,74.26,13.37,3625.45,upi,2026-01-26,UTR202601260001
STL0003162,pay0000000c5a,ORD0003162,payment,710.39,14.21,2.56,693.62,card_credit,2026-01-21,UTR202601210001
STL0003163,pay0000000c5b,ORD0003163,payment,6667.04,133.34,24.00,6509.70,card_debit,2026-01-10,UTR202601100001
STL0003164,pay0000000c5c,ORD0003164,payment,5723.08,114.46,20.60,5588.02,card_debit,2026-01-20,UTR202601200001
STL0003165,pay0000000c5d,ORD0003165,payment,2411.67,48.23,8.68,2354.76,upi,2026-01-13,UTR202601130001
STL0003166,pay0000000c5e,ORD0003166,payment,7503.94,150.08,27.01,7326.85,card_credit,2026-01-16,UTR202601160001
STL0003167,pay0000000c5f,ORD0003167,payment,707.13,14.14,2.55,690.44,card_credit,2026-01-28,UTR202601280001
STL0003168A,pay0000000c60,ORD0003168,payment,5770.94,115.42,20.78,5634.74,netbanking,2026-01-24,UTR202601240001
STL0003168B,pay0000000c60,ORD0003168,payment,3847.29,76.95,13.85,3756.49,netbanking,2026-01-24,UTR202601240001
STL0003169,pay0000000c61,ORD0003169,payment,8597.54,171.95,30.95,8394.64,netbanking,2026-01-19,UTR202601190001
STL0003170,pay0000000c62,ORD0003170,payment,2285.05,45.70,8.23,2231.12,card_credit,2026-01-18,UTR202601180001
STL0003171,pay0000000c63,ORD0003171,payment,6251.95,125.04,22.51,6104.40,wallet,2026-01-06,UTR202601060001
STL0003172,pay0000000c64,ORD0003172,payment,2683.65,53.67,9.66,2620.32,wallet,2026-01-21,UTR202601210001
STL0003173,,,payment,6153.07,123.06,22.15,6007.86,wallet,2026-01-18,UTR202601180001
STL0003174,pay0000000c66,ORD0003174,payment,3302.79,66.06,11.89,3224.84,upi,2026-01-18,UTR202601180001
STL0003176,pay0000000c68,ORD0003176,payment,7648.06,152.96,27.53,7467.57,card_debit,2026-01-22,UTR202601220001
STL0003177,pay0000000c69,ORD0003177,payment,9489.98,189.80,34.16,9266.02,card_debit,2026-01-09,UTR202601090001
STL0003178,pay0000000c6a,ORD0003178,payment,2503.41,50.07,9.01,2444.33,wallet,2026-01-20,UTR202601200001
STL0003179,pay0000000c6b,ORD0003179,payment,4114.33,82.29,14.81,4017.23,card_debit,2026-01-30,UTR202601300001
STL0003180,pay0000000c6c,ORD0003180,payment,5426.98,108.54,19.54,5298.90,wallet,2026-01-20,UTR202601200001
STL0003181,pay0000000c6d,ORD0003181,payment,1764.33,35.29,6.35,1722.69,upi,2026-01-06,UTR202601060001
STL0003182,pay0000000c6e,ORD0003182,payment,1847.65,36.95,6.65,1804.05,wallet,2026-01-04,UTR202601040001
STL0003183,pay0000000c6f,ORD0003183,payment,4555.51,91.11,16.40,4448.00,wallet,2026-01-14,UTR202601140001
STL0003185,pay0000000c71,ORD0003185,payment,3103.24,62.06,11.17,3030.01,card_credit,2026-01-08,UTR202601080001
STL0003185X,,,refund,-367.43,0.00,0.00,-367.43,card_credit,2026-01-08,UTR202601080001
STL0003186,pay0000000c72,ORD0003186,payment,3039.19,60.78,10.94,2967.47,wallet,2026-01-12,UTR202601120001
STL0003187,pay0000000c73,ORD0003187,payment,501.65,10.03,1.81,489.81,wallet,2026-01-28,UTR202601280001
STL0003188,pay0000000c74,ORD0003188,payment,2049.59,40.99,7.38,2001.22,card_credit,2026-01-14,UTR202601140001
STL0003189,pay0000000c75,ORD0003189,payment,8289.85,165.80,29.84,8094.21,upi,2026-01-05,UTR202601050001
STL0003190,pay0000000c76,ORD0003190,payment,7886.06,157.72,28.39,7699.95,card_credit,2026-01-15,UTR202601150001
STL0003191,pay0000000c77,ORD0003191,payment,9992.65,199.85,35.97,9756.83,card_credit,2026-01-25,UTR202601250001
STL0003191X,,,refund,-290.67,0.00,0.00,-290.67,card_credit,2026-01-25,UTR202601250001
STL0003192,pay0000000c78,ORD0003192,payment,4543.76,90.88,16.36,4436.52,upi,2026-01-24,UTR202601240001
STL0003192X,,,adjustment,262.54,0.00,0.00,262.54,upi,2026-01-24,UTR202601240001
STL0003193,pay0000000c79,ORD0003193,payment,9611.42,192.23,34.60,9384.59,upi,2026-01-13,UTR202601130001
STL0003194,pay0000000c7a,ORD0003194,payment,9356.29,187.13,33.68,9135.48,wallet,2026-01-10,UTR202601100001
STL0003195,pay0000000c7b,ORD0003195,payment,4186.96,83.74,15.07,4088.15,netbanking,2026-02-02,
STL0003196,pay0000000c7c,ORD0003196,payment,8110.55,162.21,29.20,7919.14,wallet,2026-01-20,UTR202601200001
STL0003197,pay0000000c7d,ORD0003197,payment,5813.70,116.27,20.93,5676.50,wallet,2026-01-08,UTR202601080001
STL0003198,pay0000000c7e,ORD0003198,payment,4254.42,85.09,15.32,4154.01,upi,2026-01-08,UTR202601080001
STL0003199A,pay0000000c7f,ORD0003199,payment,3399.98,68.00,12.24,3319.74,wallet,2026-01-17,UTR202601170001
STL0003199B,pay0000000c7f,ORD0003199,payment,2266.65,45.33,8.16,2213.16,wallet,2026-01-17,UTR202601170001
STL0003200,pay0000000c80,ORD0003200,payment,7157.63,143.15,25.77,6988.71,upi,2026-01-25,UTR202601250001
STL0003201,pay0000000c81,ORD0003201,payment,3895.17,77.90,14.02,3803.25,netbanking,2026-01-28,UTR202601280001
STL0003202,pay0000000c82,ORD0003202,payment,5975.06,119.50,21.51,5834.05,wallet,2026-01-18,UTR202601180001
STL0003203,pay0000000c83,ORD0003203,payment,238.59,4.77,0.86,232.96,card_credit,2026-01-06,UTR202601060001
STL0003204,pay0000000c84,ORD0003204,payment,6622.14,132.44,23.84,6465.86,card_credit,2026-01-18,UTR202601180001
STL0003205,pay0000000c85,ORD0003205,payment,5806.72,116.13,20.90,5669.69,upi,2026-01-02,UTR202601020001
STL0003206,pay0000000c86,ORD0003206,payment,3792.52,75.85,13.65,3703.02,netbanking,2026-01-12,UTR202601120001
STL0003207,pay0000000c87,ORD0003207,payment,3054.12,61.08,10.99,2982.05,card_debit,2026-01-26,UTR202601260001
STL0003208,pay0000000c88,ORD0003208,payment,4043.03,80.86,14.55,3947.62,upi,2026-01-21,UTR202601210001
STL0003209,pay0000000c89,ORD0003209,payment,8364.61,167.29,30.11,8167.21,wallet,2026-01-28,UTR202601280001
STL0003210,pay0000000c8a,ORD0003210,payment,4228.79,84.58,15.22,4128.99,card_debit,2026-01-06,UTR202601060001
STL0003211,pay0000000c8b,ORD0003211,payment,9893.33,197.87,35.62,9659.84,upi,2026-01-19,UTR202601190001
STL0003212,pay0000000c8c,ORD0003212,payment,8510.65,170.21,30.64,8309.80,card_credit,2026-01-26,UTR202601260001
STL0003213,pay0000000c8d,ORD0003213,payment,1387.97,27.76,5.00,1355.21,card_credit,2026-01-06,UTR202601060001
STL0003214A,pay0000000c8e,ORD0003214,payment,5256.41,105.13,18.92,5132.36,card_debit,2026-01-05,UTR202601050001
STL0003214B,pay0000000c8e,ORD0003214,payment,3504.28,70.09,12.62,3421.57,card_debit,2026-01-05,UTR202601050001
STL0003215,pay0000000c8f,ORD0003215,payment,1329.65,26.59,4.79,1298.27,wallet,2026-01-13,UTR202601130001
STL0003215X,,,refund,-46.52,0.00,0.00,-46.52,wallet,2026-01-13,UTR202601130001
STL0003216,pay0000000c90,ORD0003216,payment,6633.24,132.66,23.88,6476.70,card_credit,2026-01-16,UTR202601160001
STL0003217,pay0000000c91,ORD0003217,payment,9973.17,199.46,35.90,9737.81,card_debit,2026-01-03,UTR202601030001
STL0003218,pay0000000c92,ORD0003218,payment,9070.11,181.40,32.65,8856.06,wallet,2026-01-17,UTR202601170001
STL0003219,pay0000000c93,ORD0003219,payment,9310.31,186.21,33.52,9090.58,upi,2026-01-25,UTR202601250001
STL0003220,pay0000000c94,ORD0003220,payment,6841.18,136.82,24.63,6679.73,card_credit,2026-01-28,UTR202601280001
STL0003221,pay0000000c95,ORD0003221,payment,2525.46,50.51,9.09,2465.86,netbanking,2026-01-04,UTR202601040001
STL0003222,pay0000000c96,ORD0003222,payment,5690.85,305.60,20.49,5364.76,upi,2026-01-28,UTR202601280001
STL0003223,pay0000000c97,ORD0003223,payment,6731.40,134.63,24.23,6572.54,wallet,2026-01-24,UTR202601240001
STL0003224,pay0000000c98,ORD0003224,payment,15.75,0.32,0.06,15.37,upi,2026-01-22,UTR202601220001
STL0003225,pay0000000c99,ORD0003225,payment,6893.48,137.87,24.82,6730.79,upi,2026-01-05,UTR202601050001
STL0003226,pay0000000c9a,ORD0003226,payment,462.38,9.25,1.67,451.46,upi,2026-01-26,UTR202601260001
STL0003227,pay0000000c9b,ORD0003227,payment,1432.78,28.66,5.16,1398.96,upi,2026-01-09,UTR202601090001
STL0003228,pay0000000c9c,ORD0003228,payment,6229.85,124.60,22.43,6082.82,card_credit,2026-01-13,UTR202601130001
STL0003229,pay0000000c9d,ORD0003229,payment,8707.94,174.16,31.35,8502.43,wallet,2026-01-24,UTR202601240001
STL0003230,pay0000000c9e,ORD0003230,payment,5895.63,117.91,21.22,5756.50,card_debit,2026-01-25,UTR202601250001
STL0003231,pay0000000c9f,ORD0003231,payment,1481.91,29.64,5.34,1446.93,wallet,2026-01-28,UTR202601280001
STL0003232,pay0000000ca0,ORD0003232,payment,2242.01,44.84,8.07,2189.10,card_credit,2026-01-17,UTR202601170001
STL0003233,pay0000000ca1,ORD0003233,payment,4956.55,99.13,17.84,4839.58,upi,2026-01-28,UTR202601280001
STL0003234,pay0000000ca2,ORD0003234,payment,8320.53,166.41,29.95,8124.17,netbanking,2026-01-25,UTR202601250001
STL0003235,pay0000000ca3,ORD0003235,payment,3278.13,65.56,11.80,3200.77,upi,2026-01-29,UTR202601290001
STL0003236,pay0000000ca4,ORD0003236,payment,8128.14,162.56,29.26,7936.32,card_debit,2026-01-21,UTR202601210001
STL0003236X,,,adjustment,144.81,0.00,0.00,144.81,card_debit,2026-01-21,UTR202601210001
STL0003237,pay0000000ca5,ORD0003237,payment,9249.75,185.00,33.30,9031.45,wallet,2026-01-28,UTR202601280001
STL0003238,pay0000000ca6,ORD0003238,payment,8643.76,172.88,31.12,8439.76,netbanking,2026-01-09,UTR202601090001
STL0003239,pay0000000ca7,ORD0003239,payment,4258.35,85.17,15.33,4157.85,netbanking,2026-01-12,UTR202601120001
STL0003240,pay0000000ca8,ORD0003240,payment,6173.62,123.47,22.22,6027.93,card_credit,2026-01-20,UTR202601200001
STL0003241,pay0000000ca9,ORD0003241,payment,5283.32,105.67,19.02,5158.63,card_debit,2026-01-09,UTR202601090001
STL0003242,pay0000000caa,ORD0003242,payment,8370.47,400.11,30.13,7940.23,wallet,2026-01-22,UTR202601220001
STL0003243,pay0000000cab,ORD0003243,payment,8564.57,171.29,30.83,8362.45,netbanking,2026-01-16,UTR202601160001
STL0003244,pay0000000cac,ORD0003244,payment,6504.85,130.10,23.42,6351.33,netbanking,2026-01-13,UTR202601130001
STL0003245,pay0000000cad,ORD0003245,payment,5924.95,118.50,21.33,5785.12,wallet,2026-01-07,UTR202601070001
STL0003246,pay0000000cae,ORD0003246,payment,9466.44,189.33,34.08,9243.03,netbanking,2026-01-26,UTR202601260001
STL0003247,pay0000000caf,ORD0003247,payment,3250.06,65.00,11.70,3173.36,upi,2026-01-27,UTR202601270001
STL0003248,,,payment,1050.74,21.01,3.78,1025.95,netbanking,2026-01-06,UTR202601060001
STL0003249,pay0000000cb1,ORD0003249,payment,205.24,4.10,0.74,200.40,netbanking,2026-01-07,UTR202601070001
STL0003250,pay0000000cb2,ORD0003250,payment,571.05,11.42,2.06,557.57,upi,2026-01-25,UTR202601250001
STL0003251,pay0000000cb3,ORD0003251,payment,6516.47,130.33,23.46,6362.68,upi,2026-01-14,UTR202601140001
STL0003252,pay0000000cb4,ORD0003252,payment,11.81,0.24,0.04,11.53,card_credit,2026-01-05,UTR202601050001
STL0003253,pay0000000cb5,ORD0003253,payment,9443.20,188.86,33.99,9220.35,upi,2026-01-20,UTR202601200001
STL0003254,pay0000000cb6,ORD0003254,payment,4384.70,87.69,15.78,4281.23,upi,2026-01-27,UTR202601270001
STL0003255,pay0000000cb7,ORD0003255,payment,9052.36,181.05,32.59,8838.72,wallet,2026-01-26,UTR202601260001
STL0003256,pay0000000cb8,ORD0003256,payment,6649.99,133.00,23.94,6493.05,card_credit,2026-01-22,UTR202601220001
STL0003256X,,,adjustment,70.46,0.00,0.00,70.46,card_credit,2026-01-22,UTR202601220001
STL0003257,pay0000000cb9,ORD0003257,payment,8026.44,160.53,28.90,7837.01,netbanking,2026-01-16,UTR202601160001
STL0003258,pay0000000cba,ORD0003258,payment,524.22,10.48,1.89,511.85,card_debit,2026-01-13,UTR202601130001
STL0003259,pay0000000cbb,ORD0003259,payment,8700.14,174.00,31.32,8494.82,card_credit,2026-01-05,UTR202601050001
STL0003260,pay0000000cbc,ORD0003260,payment,6527.56,130.55,23.50,6373.51,upi,2026-01-10,UTR202601100001
STL0003261,pay0000000cbd,ORD0003261,payment,9413.47,188.27,33.89,9191.31,card_credit,2026-01-21,UTR202601210001
STL0003262,pay0000000cbe,ORD0003262,payment,334.59,6.69,1.20,326.70,wallet,2026-01-10,UTR202601100001
STL0003263,pay0000000cbf,ORD0003263,payment,7977.50,159.55,28.72,7789.23,card_credit,2026-01-13,UTR202601130001
STL0003264,pay0000000cc0,ORD0003264,payment,9545.54,190.91,34.36,9320.27,wallet,2026-01-06,UTR202601060001
STL0003265,pay0000000cc1,ORD0003265,payment,1832.27,36.65,6.60,1789.02,card_credit,2026-01-19,UTR202601190001
STL0003266,pay0000000cc2,ORD0003266,payment,3575.06,178.39,12.87,3383.80,upi,2026-01-07,UTR202601070001
STL0003267,pay0000000cc3,ORD0003267,payment,5975.53,119.51,21.51,5834.51,netbanking,2026-01-20,UTR202601200001
STL0003268,pay0000000cc4,ORD0003268,payment,9892.07,197.84,35.61,9658.62,netbanking,2026-01-30,UTR202601300001
STL0003269,pay0000000cc5,ORD0003269,payment,5011.95,100.24,18.04,4893.67,card_debit,2026-01-12,UTR202601120001
STL0003270,pay0000000cc6,ORD0003270,payment,5257.88,105.16,18.93,5133.79,card_debit,2026-01-10,UTR202601100001
STL0003271,pay0000000cc7,ORD0003271,payment,3035.13,60.70,10.93,2963.50,upi,2026-01-11,UTR202601110001
STL0003272,pay0000000cc8,ORD0003272,payment,3957.88,79.16,14.25,3864.47,upi,2026-01-27,UTR202601270001
STL0003273,pay0000000cc9,ORD0003273,payment,6641.26,132.83,23.91,6484.52,card_debit,2026-01-14,UTR202601140001
STL0003274,pay0000000cca,ORD0003274,payment,3288.12,65.76,11.84,3210.52,card_debit,2026-01-11,UTR202601110001
STL0003275,pay0000000ccb,ORD0003275,payment,4821.93,96.44,17.36,4708.13,upi,2026-01-21,UTR202601210001
STL0003276,pay0000000ccc,ORD0003276,payment,6941.24,138.82,24.99,6777.43,card_credit,2026-01-20,UTR202601200001
STL0003277,pay0000000ccd,ORD0003277,payment,1003.75,20.08,3.61,980.06,wallet,2026-01-04,UTR202601040001
STL0003277X,,,adjustment,281.40,0.00,0.00,281.40,wallet,2026-01-04,UTR202601040001
STL0003278,pay0000000cce,ORD0003278,payment,8801.82,176.04,31.69,8594.09,upi,2026-01-23,UTR202601230001
STL0003279,pay0000000ccf,ORD0003279,payment,5677.94,113.56,20.44,5543.94,card_debit,2026-01-20,UTR202601200001
STL0003279X,,,adjustment,81.44,0.00,0.00,81.44,card_debit,2026-01-20,UTR202601200001
STL0003280,pay0000000cd0,ORD0003280,payment,931.79,18.64,3.36,909.79,card_debit,2026-01-14,UTR202601140001
STL0003281,pay0000000cd1,ORD0003281,payment,73.10,1.46,0.26,71.38,card_credit,2026-01-12,UTR202601120001
STL0003282,pay0000000cd2,ORD0003282,payment,5904.00,118.08,21.25,5764.67,card_debit,2026-02-03,
STL0003283,pay0000000cd3,ORD0003283,payment,8090.21,161.80,29.12,7899.29,upi,2026-01-16,UTR202601160001
STL0003284,pay0000000cd4,ORD0003284,payment,8846.21,176.92,31.85,8637.44,upi,2026-01-09,UTR202601090001
STL0003285,pay0000000cd5,ORD0003285,payment,1488.37,29.77,5.36,1453.24,card_debit,2026-01-18,UTR202601180001
STL0003286,pay0000000cd6,ORD0003286,payment,4863.75,161.48,17.51,4684.76,upi,2026-01-03,UTR202601030001
STL0003287,pay0000000cd7,ORD0003287,payment,2371.10,47.42,8.54,2315.14,netbanking,2026-01-24,UTR202601240001
STL0003288,pay0000000cd8,ORD0003288,payment,1769.21,35.38,6.37,1727.46,wallet,2026-01-06,UTR202601060001
STL0003289,pay0000000cd9,ORD0003289,payment,5481.22,109.62,19.73,5351.87,card_credit,2026-01-20,UTR202601200001
STL0003290,pay0000000cda,ORD0003290,payment,4553.03,91.06,16.39,4445.58,card_debit,2026-01-06,UTR202601060001
STL0003291,pay0000000cdb,ORD0003291,payment,3489.58,69.79,12.56,3407.23,card_credit,2026-01-21,UTR202601210001
STL0003292,pay0000000cdc,ORD0003292,payment,4867.77,97.36,17.52,4752.89,upi,2026-01-26,UTR202601260001
STL0003293,pay0000000cdd,ORD0003293,payment,5423.66,108.47,19.52,5295.67,card_debit,2026-01-04,UTR202601040001
STL0003294,pay0000000cde,ORD0003294,payment,8032.77,160.66,28.92,7843.19,netbanking,2026-01-29,UTR202601290001
STL0003295,pay0000000cdf,ORD0003295,payment,1625.81,32.52,5.85,1587.44,wallet,2026-01-18,UTR202601180001
STL0003296,pay0000000ce0,ORD0003296,payment,9254.15,185.08,33.31,9035.76,wallet,2026-01-11,UTR202601110001
STL0003297,pay0000000ce1,ORD0003297,payment,7579.72,151.59,27.29,7400.84,upi,2026-01-26,UTR202601260001
STL0003298,pay0000000ce2,ORD0003298,payment,2246.34,44.93,8.09,2193.32,card_debit,2026-01-21,UTR202601210001
STL0003299,pay0000000ce3,ORD0003299,payment,9919.43,198.39,35.71,9685.33,card_credit,2026-01-06,UTR202601060001
STL0003300,pay0000000ce4,ORD0003300,payment,2928.02,58.56,10.54,2858.92,wallet,2026-01-22,UTR202601220001
STL0003301,pay0000000ce5,ORD0003301,payment,697.46,13.95,2.51,681.00,card_debit,2026-01-17,UTR202601170001
STL0003302,pay0000000ce6,ORD0003302,payment,7063.24,141.26,25.43,6896.55,card_debit,2026-01-06,UTR202601060001
STL0003303,pay0000000ce7,ORD0003303,payment,2909.53,58.19,10.47,2840.87,card_debit,2026-01-24,UTR202601240001
STL0003304,pay0000000ce8,ORD0003304,payment,5227.19,104.54,18.82,5103.83,card_debit,2026-01-13,UTR202601130001
STL0003305,pay0000000ce9,ORD0003305,payment,2038.85,40.78,7.34,1990.73,netbanking,2026-01-03,UTR202601030001
STL0003306,pay0000000cea,ORD0003306,payment,498.19,9.96,1.79,486.44,upi,2026-01-15,UTR202601150001
STL0003307,pay0000000ceb,ORD0003307,payment,8654.47,173.09,31.16,8450.22,card_debit,2026-01-05,UTR202601050001
STL0003308A,pay0000000cec,ORD0003308,payment,2771.05,55.42,9.98,2705.65,wallet,2026-01-17,UTR202601170001
STL0003308B,pay0000000cec,ORD0003308,payment,1847.37,36.95,6.65,1803.77,wallet,2026-01-17,UTR202601170001
STL0003309,pay0000000ced,ORD0003309,payment,1389.32,27.79,5.00,1356.53,card_debit,2026-01-26,UTR202601260001
STL0003310,pay0000000cee,ORD0003310,payment,945.14,18.90,3.40,922.84,netbanking,2026-01-16,UTR202601160001
STL0003311,pay0000000cef,ORD0003311,payment,433.62,8.67,1.56,423.39,upi,2026-01-07,UTR202601070001
STL0003312,pay0000000cf0,ORD0003312,payment,8835.54,176.71,31.81,8627.02,netbanking,2026-01-27,UTR202601270001
STL0003313,pay0000000cf1,ORD0003313,payment,1586.62,31.73,5.71,1549.18,upi,2026-01-20,UTR202601200001
STL0003314,pay0000000cf2,ORD0003314,payment,151.71,3.03,0.55,148.13,wallet,2026-01-19,UTR202601190001
STL0003315,pay0000000cf3,ORD0003315,payment,8826.02,176.52,31.77,8617.73,netbanking,2026-01-15,UTR202601150001
STL0003316,pay0000000cf4,ORD0003316,payment,4136.40,82.73,14.89,4038.78,netbanking,2026-01-08,UTR202601080001
STL0003317,pay0000000cf5,ORD0003317,payment,638.80,12.78,2.30,623.72,card_credit,2026-01-12,UTR202601120001
STL0003318,pay0000000cf6,ORD0003318,payment,4628.96,92.58,16.66,4519.72,card_credit,2026-01-17,UTR202601170001
STL0003319,pay0000000cf7,ORD0003319,payment,1982.24,39.64,7.14,1935.46,card_credit,2026-02-02,
STL0003320,pay0000000cf8,ORD0003320,payment,1759.00,35.18,6.33,1717.49,netbanking,2026-01-16,UTR202601160001
STL0003321,pay0000000cf9,ORD0003321,payment,9254.11,185.08,33.31,9035.72,card_debit,2026-01-29,UTR202601290001
STL0003322,pay0000000cfa,ORD0003322,payment,8245.02,164.90,29.68,8050.44,card_credit,2026-01-17,UTR202601170001
STL0003323A,pay0000000cfb,ORD0003323,payment,3493.53,69.87,12.58,3411.08,card_debit,2026-01-26,UTR202601260001
STL0003323B,pay0000000cfb,ORD0003323,payment,2329.02,46.58,8.38,2274.06,card_debit,2026-01-26,UTR202601260001
STL0003324,pay0000000cfc,ORD0003324,payment,5386.69,107.73,19.39,5259.57,netbanking,2026-01-24,UTR202601240001
STL0003325,pay0000000cfd,ORD0003325,payment,6234.78,124.70,22.45,6087.63,netbanking,2026-01-25,UTR202601250001
STL0003326,pay0000000cfe,ORD0003326,payment,2522.65,50.45,9.08,2463.12,upi,2026-01-27,UTR202601270001
STL0003327,pay0000000cff,ORD0003327,payment,5991.25,119.83,21.57,5849.85,card_debit,2026-01-23,UTR202601230001
STL0003328,pay0000000d00,ORD0003328,payment,8446.01,168.92,30.41,8246.68,netbanking,2026-01-10,UTR202601100001
STL0003329,pay0000000d01,ORD0003329,payment,1962.26,39.25,7.07,1915.94,card_debit,2026-01-15,UTR202601150001
STL0003330,pay0000000d02,ORD0003330,payment,2739.07,54.78,9.86,2674.43,card_debit,2026-01-10,UTR202601100001
STL0003330X,,,refund,-244.75,0.00,0.00,-244.75,card_debit,2026-01-10,UTR202601100001
STL0003331,pay0000000d03,ORD0003331,payment,8900.48,178.01,32.04,8690.43,upi,2026-01-24,UTR202601240001
STL0003332,pay0000000d04,ORD0003332,payment,7541.82,150.84,27.15,7363.83,netbanking,2026-01-11,UTR202601110001
STL0003333,pay0000000d05,ORD0003333,payment,5915.98,118.32,21.30,5776.36,netbanking,2026-01-24,UTR202601240001
STL0003334,pay0000000d06,ORD0003334,payment,7471.97,149.44,26.90,7295.63,card_credit,2026-01-27,UTR202601270001
STL0003335,pay0000000d07,ORD0003335,payment,3785.03,75.70,13.63,3695.70,netbanking,2026-01-11,UTR202601110001
STL0003336,pay0000000d08,ORD0003336,payment,2845.11,56.90,10.24,2777.97,wallet,2026-01-16,UTR202601160001
STL0003337,pay0000000d09,ORD0003337,payment,4013.78,80.28,14.45,3919.05,card_credit,2026-01-27,UTR202601270001
STL0003338,pay0000000d0a,ORD0003338,payment,1861.85,37.24,6.70,1817.91,wallet,2026-01-12,UTR202601120001
STL0003339,pay0000000d0b,ORD0003339,payment,88.04,1.76,0.32,85.96,card_credit,2026-01-22,UTR202601220001
STL0003340,pay0000000d0c,ORD0003340,payment,8548.44,170.97,30.77,8346.70,wallet,2026-01-13,UTR202601130001
STL0003341,pay0000000d0d,ORD0003341,payment,8252.33,165.05,29.71,8057.57,netbanking,2026-01-14,UTR202601140001
STL0003342,pay0000000d0e,ORD0003342,payment,8954.05,179.08,32.23,8742.74,card_debit,2026-01-10,UTR202601100001
STL0003343,pay0000000d0f,ORD0003343,payment,8151.59,163.03,29.35,7959.21,netbanking,2026-01-24,UTR202601240001
STL0003344,pay0000000d10,ORD0003344,payment,8536.60,170.73,30.73,8335.14,wallet,2026-01-12,UTR202601120001
STL0003345,pay0000000d11,ORD0003345,payment,2603.50,52.07,9.37,2542.06,card_credit,2026-01-27,UTR202601270001
STL0003346,pay0000000d12,ORD0003346,payment,9296.75,185.94,33.47,9077.34,netbanking,2026-01-11,UTR202601110001
STL0003347,pay0000000d13,ORD0003347,payment,2311.97,46.24,8.32,2257.41,upi,2026-02-03,
STL0003348,pay0000000d14,ORD0003348,payment,1284.07,25.68,4.62,1253.77,card_debit,2026-01-18,UTR202601180001
STL0003349,,,payment,1265.88,25.32,4.56,1236.00,netbanking,2026-01-06,UTR202601060001
STL0003350,pay0000000d16,ORD0003350,payment,2949.93,59.00,10.62,2880.31,card_credit,2026-01-13,UTR202601130001
STL0003351,pay0000000d17,ORD0003351,payment,1852.78,37.06,6.67,1809.05,card_credit,2026-01-16,UTR202601160001
STL0003352,pay0000000d18,ORD0003352,payment,7138.21,142.76,25.70,6969.75,netbanking,2026-01-22,UTR202601220001
STL0003353,pay0000000d19,ORD0003353,payment,1720.47,34.41,6.19,1679.87,netbanking,2026-01-24,UTR202601240001
STL0003354,pay0000000d1a,ORD0003354,payment,9183.31,183.67,33.06,8966.58,netbanking,2026-01-26,UTR202601260001
STL0003355,pay0000000d1b,ORD0003355,payment,6058.47,121.17,21.81,5915.49,netbanking,2026-01-16,UTR202601160001
STL0003356,pay0000000d1c,ORD0003356,payment,4912.65,98.25,17.69,4796.71,upi,2026-01-02,UTR202601020001
STL0003357,pay0000000d1d,ORD0003357,payment,6603.68,132.07,23.77,6447.84,netbanking,2026-01-24,UTR202601240001
STL0003358,pay0000000d1e,ORD0003358,payment,664.36,13.29,2.39,648.68,wallet,2026-01-04,UTR202601040001
STL0003359,pay0000000d1f,ORD0003359,payment,483.46,9.67,1.74,472.05,netbanking,2026-01-03,UTR202601030001
STL0003360,pay0000000d20,ORD0003360,payment,1873.36,37.47,6.74,1829.15,card_debit,2026-01-26,UTR202601260001
STL0003361,pay0000000d21,ORD0003361,payment,6952.52,139.05,25.03,6788.44,wallet,2026-01-08,UTR202601080001
STL0003362,pay0000000d22,ORD0003362,payment,6020.30,120.41,21.67,5878.22,netbanking,2026-01-24,UTR202601240001
STL0003363,pay0000000d23,ORD0003363,payment,6585.30,131.71,23.71,6429.88,upi,2026-01-24,UTR202601240001
STL0003364,pay0000000d24,ORD0003364,payment,2082.39,41.65,7.50,2033.24,card_debit,2026-01-16,UTR202601160001
STL0003365,pay0000000d25,ORD0003365,payment,4102.47,82.05,14.77,4005.65,card_debit,2026-01-09,UTR202601090001
STL0003366,pay0000000d26,ORD0003366,payment,6623.27,132.47,23.84,6466.96,card_credit,2026-01-17,UTR202601170001
STL0003367,pay0000000d27,ORD0003367,payment,3698.59,73.97,13.31,3611.31,card_debit,2026-01-28,UTR202601280001
STL0003368,pay0000000d28,ORD0003368,payment,6715.22,134.30,24.17,6556.75,wallet,2026-01-26,UTR202601260001
STL0003369,pay0000000d29,ORD0003369,payment,5480.79,109.62,19.73,5351.44,card_credit,2026-01-22,UTR202601220001
STL0003370,pay0000000d2a,ORD0003370,payment,7252.65,145.05,26.11,7081.49,card_debit,2026-01-25,UTR202601250001
STL0003371,pay0000000d2b,ORD0003371,payment,4442.85,88.86,15.99,4338.00,upi,2026-01-16,UTR202601160001
STL0003372,pay0000000d2c,ORD0003372,payment,965.89,19.32,3.48,943.09,card_debit,2026-01-05,UTR202601050001
STL0003373,pay0000000d2d,ORD0003373,payment,5225.16,104.50,18.81,5101.85,card_debit,2026-01-29,UTR202601290001
STL0003374,pay0000000d2e,ORD0003374,payment,2101.13,42.02,7.56,2051.55,netbanking,2026-01-14,UTR202601140001
STL0003375,pay0000000d2f,ORD0003375,payment,4161.82,83.24,14.98,4063.60,card_debit,2026-01-07,UTR202601070001
STL0003376,pay0000000d30,ORD0003376,payment,5858.94,117.18,21.09,5720.67,netbanking,2026-01-23,UTR202601230001
STL0003377,pay0000000d31,ORD0003377,payment,8832.06,176.64,31.80,8623.62,card_credit,2026-01-24,UTR202601240001
STL0003378,pay0000000d32,ORD0003378,payment,2713.16,54.26,9.77,2649.13,card_credit,2026-01-26,UTR202601260001
STL0003379,pay0000000d33,ORD0003379,payment,2759.14,55.18,9.93,2694.03,card_debit,2026-01-06,UTR202601060001
STL0003380,pay0000000d34,ORD0003380,payment,1697.25,33.95,6.11,1657.19,upi,2026-01-26,UTR202601260001
STL0003381,pay0000000d35,ORD0003381,payment,3067.22,61.34,11.04,2994.84,wallet,2026-01-12,UTR202601120001
STL0003382,pay0000000d36,ORD0003382,payment,8558.09,171.16,30.81,8356.12,card_credit,2026-01-25,UTR202601250001
STL0003383,pay0000000d37,ORD0003383,payment,3958.41,79.17,14.25,3864.99,upi,2026-01-08,UTR202601080001
STL0003384,pay0000000d38,ORD0003384,payment,2545.10,50.90,9.16,2485.04,upi,2026-01-28,UTR202601280001
STL0003385,pay0000000d39,ORD0003385,payment,1208.13,24.16,4.35,1179.62,netbanking,2026-01-20,UTR202601200001
STL0003386,pay0000000d3a,ORD0003386,payment,8683.78,173.68,31.26,8478.84,card_credit,2026-01-11,UTR202601110001
STL0003387,pay0000000d3b,ORD0003387,payment,5865.39,117.31,21.12,5726.96,card_credit,2026-01-13,UTR202601130001
STL0003388,pay0000000d3c,ORD0003388,payment,9321.37,186.43,33.56,9101.38,card_debit,2026-01-24,UTR202601240001
STL0003389,pay0000000d3d,ORD0003389,payment,606.16,12.12,2.18,591.86,card_debit,2026-01-19,UTR202601190001
STL0003390,pay0000000d3e,ORD0003390,payment,7555.74,151.11,27.20,7377.43,card_credit,2026-01-17,UTR202601170001
STL0003391,pay0000000d3f,ORD0003391,payment,8296.65,165.93,29.87,8100.85,card_credit,2026-01-18,UTR202601180001
STL0003392,pay0000000d40,ORD0003392,payment,8386.08,167.72,30.19,8188.17,netbanking,2026-01-07,UTR202601070001
STL0003393,pay0000000d41,ORD0003393,payment,2811.70,56.23,10.12,2745.35,card_credit,2026-01-06,UTR202601060001
STL0003394,pay0000000d42,ORD0003394,payment,2853.13,57.06,10.27,2785.80,netbanking,2026-01-04,UTR202601040001
STL0003395,pay0000000d43,ORD0003395,payment,2222.94,44.46,8.00,2170.48,netbanking,2026-01-22,UTR202601220001
STL0003396,pay0000000d44,ORD0003396,payment,1943.42,38.87,7.00,1897.55,card_debit,2026-01-03,UTR202601030001
STL0003397,pay0000000d45,ORD0003397,payment,1664.85,33.30,5.99,1625.56,netbanking,2026-01-25,UTR202601250001
STL0003397X,,,refund,-63.85,0.00,0.00,-63.85,netbanking,2026-01-25,UTR202601250001
STL0003398,pay0000000d46,ORD0003398,payment,1574.41,31.49,5.67,1537.25,card_debit,2026-01-13,UTR202601130001
STL0003399,pay0000000d47,ORD0003399,payment,4513.83,90.28,16.25,4407.30,wallet,2026-01-23,UTR202601230001
STL0003400,pay0000000d48,ORD0003400,payment,4262.04,85.24,15.34,4161.46,upi,2026-01-03,UTR202601030001
STL0003401,pay0000000d49,ORD0003401,payment,5148.78,102.98,18.54,5027.26,card_debit,2026-01-19,UTR202601190001
STL0003402,pay0000000d4a,ORD0003402,payment,6842.07,136.84,24.63,6680.60,wallet,2026-01-15,UTR202601150001
STL0003403,pay0000000d4b,ORD0003403,payment,5612.41,112.25,20.21,5479.95,netbanking,2026-01-23,UTR202601230001
STL0003404,pay0000000d4c,ORD0003404,payment,8819.95,176.40,31.75,8611.80,wallet,2026-01-24,UTR202601240001
STL0003405,pay0000000d4d,ORD0003405,payment,7327.03,146.54,26.38,7154.11,wallet,2026-01-24,UTR202601240001
STL0003405X,,,chargeback,-220.49,0.00,0.00,-220.49,wallet,2026-01-24,UTR202601240001
STL0003406,pay0000000d4e,ORD0003406,payment,3242.65,64.85,11.67,3166.13,wallet,2026-01-10,UTR202601100001
STL0003407,pay0000000d4f,ORD0003407,payment,1910.14,38.20,6.88,1865.06,card_debit,2026-01-09,UTR202601090001
STL0003408,pay0000000d50,ORD0003408,payment,731.17,14.62,2.63,713.92,netbanking,2026-01-14,UTR202601140001
STL0003409,pay0000000d51,ORD0003409,payment,2860.14,57.20,10.30,2792.64,netbanking,2026-01-12,
STL0003410,pay0000000d52,ORD0003410,payment,1475.94,29.52,5.31,1441.11,card_credit,2026-01-16,UTR202601160001
STL0003411,pay0000000d53,ORD0003411,payment,8000.55,160.01,28.80,7811.74,wallet,2026-01-16,UTR202601160001
STL0003412,pay0000000d54,ORD0003412,payment,4725.04,94.50,17.01,4613.53,netbanking,2026-01-11,UTR202601110001
STL0003413,pay0000000d55,ORD0003413,payment,4478.54,89.57,16.12,4372.85,upi,2026-01-25,UTR202601250001
STL0003414,pay0000000d56,ORD0003414,payment,3305.23,66.10,11.90,3227.23,upi,2026-01-24,UTR202601240001
STL0003415,pay0000000d57,ORD0003415,payment,4053.77,81.08,14.59,3958.10,netbanking,2026-01-10,UTR202601100001
STL0003416,pay0000000d58,ORD0003416,payment,1157.48,23.15,4.17,1130.16,netbanking,2026-01-24,UTR202601240001
STL0003417,pay0000000d59,ORD0003417,payment,2163.89,43.28,7.79,2112.82,upi,2026-01-04,UTR202601040001
STL0003418,pay0000000d5a,ORD0003418,payment,3672.54,73.45,13.22,3585.87,netbanking,2026-01-05,UTR202601050001
STL0003419,pay0000000d5b,ORD0003419,payment,2168.94,43.38,7.81,2117.75,card_credit,2026-01-15,UTR202601150001
STL0003420,pay0000000d5c,ORD0003420,payment,9611.68,192.23,34.60,9384.85,card_credit,2026-01-19,UTR202601190001
STL0003421,pay0000000d5d,ORD0003421,payment,4345.55,86.91,15.64,4243.00,card_credit,2026-01-24,UTR202601240001
STL0003422,pay0000000d5e,ORD0003422,payment,9176.46,183.53,33.04,8959.89,card_credit,2026-01-13,UTR202601130001
STL0003423,pay0000000d5f,ORD0003423,payment,8306.65,166.13,29.90,8110.62,wallet,2026-01-13,UTR202601130001
STL0003424,pay0000000d60,ORD0003424,payment,7900.58,158.01,28.44,7714.13,card_credit,2026-01-23,UTR202601230001
STL0003425,pay0000000d61,ORD0003425,payment,4732.92,94.66,17.04,4621.22,netbanking,2026-01-12,UTR202601120001
STL0003426,pay0000000d62,ORD0003426,payment,5518.66,110.37,19.87,5388.42,upi,2026-01-26,UTR202601260001
STL0003427,pay0000000d63,ORD0003427,payment,5253.16,105.06,18.91,5129.19,netbanking,2026-01-17,UTR202601170001
STL0003428,pay0000000d64,ORD0003428,payment,2296.41,45.93,8.27,2242.21,upi,2026-01-21,UTR202601210001
STL0003429,pay0000000d65,ORD0003429,payment,1091.44,21.83,3.93,1065.68,card_debit,2026-01-02,UTR202601020001
STL0003430,pay0000000d66,ORD0003430,payment,459.57,9.19,1.65,448.73,card_credit,2026-01-19,UTR202601190001
STL0003431,pay0000000d67,ORD0003431,payment,6614.14,132.28,23.81,6458.05,netbanking,2026-01-25,UTR202601250001
STL0003432,pay0000000d68,ORD0003432,payment,1424.64,28.49,5.13,1391.02,upi,2026-01-26,UTR202601260001
STL0003433,pay0000000d69,ORD0003433,payment,4005.33,80.11,14.42,3910.80,card_debit,2026-01-06,UTR202601060001
STL0003434,pay0000000d6a,ORD0003434,payment,8634.36,172.69,31.08,8430.59,card_credit,2026-01-04,UTR202601040001
STL0003434X,,,chargeback,-138.71,0.00,0.00,-138.71,card_credit,2026-01-04,UTR202601040001
STL0003435,pay0000000d6b,ORD0003435,payment,7699.85,154.00,27.72,7518.13,card_credit,2026-01-17,UTR202601170001
STL0003436,pay0000000d6c,ORD0003436,payment,6243.03,124.86,22.47,6095.70,card_credit,2026-01-16,UTR202601160001
STL0003437,pay0000000d6d,ORD0003437,payment,8808.66,176.17,31.71,8600.78,upi,2026-01-18,UTR202601180001
STL0003438,pay0000000d6e,ORD0003438,payment,6395.90,127.92,23.03,6244.95,card_credit,2026-01-10,UTR202601100001
STL0003439,pay0000000d6f,ORD0003439,payment,1988.40,39.77,7.16,1941.47,card_debit,2026-01-11,UTR202601110001
STL0003440,pay0000000d70,ORD0003440,payment,5688.69,113.77,20.48,5554.44,card_credit,2026-01-19,UTR202601190001
STL0003441,pay0000000d71,ORD0003441,payment,2002.47,40.05,7.21,1955.21,card_debit,2026-01-30,UTR202601300001
STL0003442,pay0000000d72,ORD0003442,payment,3255.87,65.12,11.72,3179.03,netbanking,2026-01-17,UTR202601170001
STL0003443,pay0000000d73,ORD0003443,payment,1135.17,22.70,4.09,1108.38,netbanking,2026-01-04,UTR202601040001
STL0003444,pay0000000d74,ORD0003444,payment,4363.77,87.28,15.71,4260.78,upi,2026-01-20,UTR202601200001
STL0003444X,,,chargeback,-431.72,0.00,0.00,-431.72,upi,2026-01-20,UTR202601200001
STL0003445,pay0000000d75,ORD0003445,payment,3295.35,65.91,11.86,3217.58,netbanking,2026-01-25,UTR202601250001
STL0003446,pay0000000d76,ORD0003446,payment,530.57,10.61,1.91,518.05,netbanking,2026-01-08,UTR202601080001
STL0003447,pay0000000d77,ORD0003447,payment,3004.41,60.09,10.82,2933.50,upi,2026-01-04,UTR202601040001
STL0003448,pay0000000d78,ORD0003448,payment,8828.47,176.57,31.78,8620.12,wallet,2026-01-12,UTR202601120001
STL0003449,pay0000000d79,ORD0003449,payment,8757.62,175.15,31.53,8550.94,wallet,2026-01-13,UTR202601130001
STL0003450,pay0000000d7a,ORD0003450,payment,2944.48,58.89,10.60,2874.99,netbanking,2026-01-15,UTR202601150001
STL0003451,pay0000000d7b,ORD0003451,payment,7657.85,153.16,27.57,7477.12,card_debit,2026-01-26,UTR202601260001
STL0003452,pay0000000d7c,ORD0003452,payment,1612.65,32.25,5.81,1574.59,upi,2026-01-21,UTR202601210001
STL0003453,pay0000000d7d,ORD0003453,payment,4212.64,84.25,15.17,4113.22,upi,2026-01-20,UTR202601200001
STL0003454,pay0000000d7e,ORD0003454,payment,2306.20,46.12,8.30,2251.78,netbanking,2026-01-09,UTR202601090001
STL0003454X,,,refund,-444.30,0.00,0.00,-444.30,netbanking,2026-01-09,UTR202601090001
STL0003455,pay0000000d7f,ORD0003455,payment,9451.65,189.03,34.03,9228.59,netbanking,2026-01-15,UTR202601150001
STL0003456,pay0000000d80,ORD0003456,payment,1493.91,29.88,5.38,1458.65,card_credit,2026-01-28,UTR202601280001
STL0003457,pay0000000d81,ORD0003457,payment,3309.99,66.20,11.92,3231.87,card_credit,2026-01-10,UTR202601100001
STL0003458,pay0000000d82,ORD0003458,payment,825.42,16.51,2.97,805.94,wallet,2026-01-09,UTR202601090001
STL0003459,pay0000000d83,ORD0003459,payment,8562.05,171.24,30.82,8359.99,card_debit,2026-01-17,UTR202601170001
STL0003460,pay0000000d84,ORD0003460,payment,9629.87,192.60,34.67,9402.60,wallet,2026-01-27,UTR202601270001
STL0003461,pay0000000d85,ORD0003461,payment,719.09,14.38,2.59,702.12,card_debit,2026-01-28,UTR202601280001
STL0003462,pay0000000d86,ORD0003462,payment,6945.70,138.91,25.00,6781.79,card_credit,2026-01-27,UTR202601270001
STL0003462X,,,chargeback,-478.30,0.00,0.00,-478.30,card_credit,2026-01-27,UTR202601270001
STL0003463,pay0000000d87,ORD0003463,payment,4341.77,86.84,15.63,4239.30,netbanking,2026-01-30,UTR202601300001
STL0003464,pay0000000d88,ORD0003464,payment,1070.25,21.41,3.85,1044.99,netbanking,2026-01-30,UTR202601300001
STL0003465,pay0000000d89,ORD0003465,payment,2736.01,54.72,9.85,2671.44,card_debit,2026-01-17,UTR202601170001
STL0003466,pay0000000d8a,ORD0003466,payment,529.77,10.60,1.91,517.26,card_debit,2026-01-16,UTR202601160001
STL0003467,pay0000000d8b,ORD0003467,payment,9657.12,193.14,34.77,9429.21,netbanking,2026-01-18,UTR202601180001
STL0003468,pay0000000d8c,ORD0003468,payment,3564.68,71.29,12.83,3480.56,card_credit,2026-01-18,UTR202601180001
STL0003469,pay0000000d8d,ORD0003469,payment,8421.54,168.43,30.32,8222.79,wallet,2026-01-21,UTR202601210001
STL0003470,pay0000000d8e,ORD0003470,payment,2675.95,53.52,9.63,2612.80,card_debit,2026-01-19,UTR202601190001
STL0003471,pay0000000d8f,ORD0003471,payment,4737.95,94.76,17.06,4626.13,upi,2026-01-20,UTR202601200001
STL0003472,pay0000000d90,ORD0003472,payment,906.27,18.13,3.26,884.88,wallet,2026-01-04,UTR202601040001
STL0003472X,,,refund,-456.12,0.00,0.00,-456.12,wallet,2026-01-04,UTR202601040001
STL0003473,pay0000000d91,ORD0003473,payment,5801.51,116.03,20.89,5664.59,netbanking,2026-01-15,UTR202601150001
STL0003474,pay0000000d92,ORD0003474,payment,9053.72,181.07,32.59,8840.06,upi,2026-01-30,UTR202601300001
STL0003475,pay0000000d93,ORD0003475,payment,9783.31,195.67,35.22,9552.42,wallet,2026-01-09,UTR202601090001
STL0003476,pay0000000d94,ORD0003476,payment,6477.34,129.55,23.32,6324.47,card_credit,2026-01-12,UTR202601120001
STL0003477,pay0000000d95,ORD0003477,payment,9414.91,188.30,33.89,9192.72,card_debit,2026-01-26,UTR202601260001
STL0003478,pay0000000d96,ORD0003478,payment,9497.92,189.96,34.19,9273.77,card_debit,2026-01-18,UTR202601180001
STL0003479,pay0000000d97,ORD0003479,payment,4769.76,95.40,17.17,4657.19,card_credit,2026-01-08,UTR202601080001
STL0003480,pay0000000d98,ORD0003480,payment,1189.75,23.80,4.28,1161.67,card_credit,2026-01-16,UTR202601160001
STL0003481,pay0000000d99,ORD0003481,payment,2738.35,54.77,9.86,2673.72,card_debit,2026-01-20,UTR202601200001
STL0003482,pay0000000d9a,ORD0003482,payment,20.80,0.42,0.08,20.30,card_credit,2026-01-25,UTR202601250001
STL0003483,pay0000000d9b,ORD0003483,payment,9203.20,184.06,33.13,8986.01,wallet,2026-01-30,UTR202601300001
STL0003485,pay0000000d9d,ORD0003485,payment,9024.65,180.49,32.49,8811.67,card_credit,2026-01-15,UTR202601150001
STL0003485X,,,chargeback,-210.27,0.00,0.00,-210.27,card_credit,2026-01-15,UTR202601150001
STL0003486,pay0000000d9e,ORD0003486,payment,1991.70,39.83,7.17,1944.70,wallet,2026-01-28,UTR202601280001
STL0003487,pay0000000d9f,ORD0003487,payment,1909.83,38.20,6.88,1864.75,card_debit,2026-01-16,UTR202601160001
STL0003488,pay0000000da0,ORD0003488,payment,9207.80,184.16,33.15,8990.49,card_credit,2026-01-21,UTR202601210001
STL0003489,pay0000000da1,ORD0003489,payment,9665.34,193.31,34.80,9437.23,card_debit,2026-01-17,UTR202601170001
STL0003490,pay0000000da2,ORD0003490,payment,5952.92,119.06,21.43,5812.43,netbanking,2026-01-06,UTR202601060001
STL0003491,pay0000000da3,ORD0003491,payment,882.81,17.66,3.18,861.97,card_credit,2026-01-08,UTR202601080001
STL0003492,,,payment,9729.98,194.60,35.03,9500.35,upi,2026-01-08,UTR202601080001
STL0003493,pay0000000da5,ORD0003493,payment,9745.61,194.91,35.08,9515.62,card_debit,2026-01-26,UTR202601260001
STL0003494,pay0000000da6,ORD0003494,payment,3316.45,66.33,11.94,3238.18,card_debit,2026-01-27,UTR202601270001
STL0003495,pay0000000da7,ORD0003495,payment,7556.86,151.14,27.21,7378.51,card_debit,2026-01-28,UTR202601280001
STL0003496,pay0000000da8,ORD0003496,payment,7583.26,151.67,27.30,7404.29,netbanking,2026-02-03,
STL0003497,pay0000000da9,ORD0003497,payment,5398.58,107.97,19.43,5271.18,card_debit,2026-01-02,UTR202601020001
STL0003498,pay0000000daa,ORD0003498,payment,2343.69,46.87,8.44,2288.38,wallet,2026-01-23,UTR202601230001
STL0003499,pay0000000dab,ORD0003499,payment,8928.29,178.57,32.14,8717.58,upi,2026-01-11,UTR202601110001
STL0003500,pay0000000dac,ORD0003500,payment,1597.15,31.94,5.75,1559.46,card_credit,2026-01-05,UTR202601050001
STL0003501,pay0000000dad,ORD0003501,payment,5367.01,107.34,19.32,5240.35,wallet,2026-01-24,UTR202601240001
STL0003502,pay0000000dae,ORD0003502,payment,4570.92,91.42,16.46,4463.04,netbanking,2026-01-20,UTR202601200001
STL0003503,pay0000000daf,ORD0003503,payment,93.45,1.87,0.34,91.24,card_credit,2026-01-06,UTR202601060001
STL0003504,pay0000000db0,ORD0003504,payment,618.28,33.45,2.23,582.60,upi,2026-01-14,UTR202601140001
STL0003505,pay0000000db1,ORD0003505,payment,9736.50,194.73,35.05,9506.72,wallet,2026-01-20,UTR202601200001
STL0003506,pay0000000db2,ORD0003506,payment,8728.19,174.56,31.42,8522.21,netbanking,2026-01-14,UTR202601140001
STL0003507,pay0000000db3,ORD0003507,payment,2959.56,59.19,10.65,2889.72,upi,2026-01-16,UTR202601160001
STL0003509,pay0000000db5,ORD0003509,payment,9758.45,195.17,35.13,9528.15,card_debit,2026-01-15,UTR202601150001
STL0003510,pay0000000db6,ORD0003510,payment,3209.84,64.20,11.56,3134.08,card_debit,2026-01-25,UTR202601250001
STL0003511,pay0000000db7,ORD0003511,payment,5582.34,111.65,20.10,5450.59,netbanking,2026-01-10,UTR202601100001
STL0003512,pay0000000db8,ORD0003512,payment,9620.82,192.42,34.64,9393.76,wallet,2026-01-21,UTR202601210001
STL0003513,pay0000000db9,ORD0003513,payment,8659.76,173.20,31.18,8455.38,wallet,2026-01-28,UTR202601280001
STL0003514,pay0000000dba,ORD0003514,payment,2916.73,58.33,10.50,2847.90,card_debit,2026-01-22,UTR202601220001
STL0003515,pay0000000dbb,ORD0003515,payment,2093.37,41.87,7.54,2043.96,netbanking,2026-01-05,UTR202601050001
STL0003516,,,payment,224.53,4.49,0.81,219.23,upi,2026-01-25,UTR202601250001
STL0003517,pay0000000dbd,ORD0003517,payment,7848.30,156.97,28.25,7663.08,netbanking,2026-01-09,UTR202601090001
STL0003518,pay0000000dbe,ORD0003518,payment,1015.42,20.31,3.66,991.45,card_credit,2026-01-02,UTR202601020001
STL0003519,pay0000000dbf,ORD0003519,payment,2837.75,56.76,10.22,2770.77,wallet,2026-01-09,UTR202601090001
STL0003520,pay0000000dc0,ORD0003520,payment,9812.51,196.25,35.33,9580.93,wallet,2026-01-14,UTR202601140001
STL0003521,pay0000000dc1,ORD0003521,payment,8166.62,163.33,29.40,7973.89,netbanking,2026-01-21,UTR202601210001
STL0003522,pay0000000dc2,ORD0003522,payment,4536.89,90.74,16.33,4429.82,card_debit,2026-01-08,UTR202601080001
STL0003523,pay0000000dc3,ORD0003523,payment,1864.23,37.28,6.71,1820.24,wallet,2026-01-21,UTR202601210001
STL0003524,pay0000000dc4,ORD0003524,payment,7063.75,141.28,25.43,6897.04,netbanking,2026-01-28,UTR202601280001
STL0003525,pay0000000dc5,ORD0003525,payment,878.48,17.57,3.16,857.75,wallet,2026-01-18,UTR202601180001
STL0003526,pay0000000dc6,ORD0003526,payment,7869.76,157.40,28.33,7684.03,netbanking,2026-01-29,UTR202601290001
STL0003527,pay0000000dc7,ORD0003527,payment,3200.04,64.00,11.52,3124.52,card_debit,2026-01-26,UTR202601260001
STL0003528,pay0000000dc8,ORD0003528,payment,5309.13,106.18,19.11,5183.84,wallet,2026-01-27,UTR202601270001
STL0003529,pay0000000dc9,ORD0003529,payment,7062.19,141.24,25.42,6895.53,card_credit,2026-01-19,UTR202601190001
STL0003530,pay0000000dca,ORD0003530,payment,4839.84,96.80,17.42,4725.62,card_credit,2026-01-26,UTR202601260001
STL0003531,pay0000000dcb,ORD0003531,payment,8018.78,160.38,28.87,7829.53,netbanking,2026-01-26,UTR202601260001
STL0003532,pay0000000dcc,ORD0003532,payment,6827.48,136.55,24.58,6666.35,card_credit,2026-01-05,UTR202601050001
STL0003533,pay0000000dcd,ORD0003533,payment,1756.62,35.13,6.32,1715.17,card_credit,2026-01-04,UTR202601040001
STL0003534,pay0000000dce,ORD0003534,payment,792.06,15.84,2.85,773.37,netbanking,2026-01-23,UTR202601230001
STL0003535,pay0000000dcf,ORD0003535,payment,1229.51,24.59,4.43,1200.49,card_credit,2026-01-16,UTR202601160001
STL0003536,pay0000000dd0,ORD0003536,payment,4398.52,87.97,15.83,4294.72,card_credit,2026-01-22,UTR202601220001
STL0003537,pay0000000dd1,ORD0003537,payment,5221.44,104.43,18.80,5098.21,card_debit,2026-01-09,UTR202601090001
STL0003538,pay0000000dd2,ORD0003538,payment,3956.77,79.14,14.25,3863.38,card_debit,2026-01-14,UTR202601140001
STL0003539,pay0000000dd3,ORD0003539,payment,3715.93,74.32,13.38,3628.23,netbanking,2026-01-21,UTR202601210001
STL0003540,pay0000000dd4,ORD0003540,payment,6472.01,129.44,23.30,6319.27,card_debit,2026-01-19,UTR202601190001
STL0003541,pay0000000dd5,ORD0003541,payment,7042.64,140.85,25.35,6876.44,card_credit,2026-01-16,UTR202601160001
STL0003542,pay0000000dd6,ORD0003542,payment,6079.73,121.59,21.89,5936.25,netbanking,2026-01-22,UTR202601220001
STL0003543,pay0000000dd7,ORD0003543,payment,6478.30,129.57,23.32,6325.41,upi,2026-01-16,UTR202601160001
STL0003544,pay0000000dd8,ORD0003544,payment,6024.81,120.50,21.69,5882.62,wallet,2026-01-21,UTR202601210001
STL0003544X,,,chargeback,-304.68,0.00,0.00,-304.68,wallet,2026-01-21,UTR202601210001
STL0003545,pay0000000dd9,ORD0003545,payment,3224.06,64.48,11.61,3147.97,card_credit,2026-01-25,UTR202601250001
STL0003546,pay0000000dda,ORD0003546,payment,8924.27,178.49,32.13,8713.65,upi,2026-01-21,UTR202601210001
STL0003547,pay0000000ddb,ORD0003547,payment,2034.42,40.69,7.32,1986.41,upi,2026-01-28,UTR202601280001
STL0003548,pay0000000ddc,ORD0003548,payment,2548.13,50.96,9.17,2488.00,card_credit,2026-01-13,UTR202601130001
STL0003549,pay0000000ddd,ORD0003549,payment,7691.86,153.84,27.69,7510.33,wallet,2026-01-21,UTR202601210001
STL0003550,pay0000000dde,ORD0003550,payment,2786.04,55.72,10.03,2720.29,card_debit,2026-01-13,UTR202601130001
STL0003551,pay0000000ddf,ORD0003551,payment,5402.75,108.06,19.45,5275.24,card_credit,2026-01-27,UTR202601270001
STL0003552,pay0000000de0,ORD0003552,payment,1245.12,24.90,4.48,1215.74,card_debit,2026-01-29,UTR202601290001
STL0003553,pay0000000de1,ORD0003553,payment,414.83,8.30,1.49,405.04,wallet,2026-01-16,UTR202601160001
STL0003554,pay0000000de2,ORD0003554,payment,194.56,3.89,0.70,189.97,card_credit,2026-01-30,UTR202601300001
STL0003555,pay0000000de3,ORD0003555,payment,1099.44,21.99,3.96,1073.49,wallet,2026-01-28,UTR202601280001
STL0003556,pay0000000de4,ORD0003556,payment,1996.81,39.94,7.19,1949.68,card_credit,2026-01-24,UTR202601240001
STL0003557,pay0000000de5,ORD0003557,payment,5676.29,113.53,20.44,5542.32,netbanking,2026-01-21,UTR202601210001
STL0003558,pay0000000de6,ORD0003558,payment,8966.23,179.32,32.28,8754.63,netbanking,2026-01-26,UTR202601260001
STL0003559,pay0000000de7,ORD0003559,payment,2485.53,49.71,8.95,2426.87,card_credit,2026-01-03,UTR202601030001
STL0003560,pay0000000de8,ORD0003560,payment,500.38,10.01,1.80,488.57,card_credit,2026-01-04,UTR202601040001
STL0003561,pay0000000de9,ORD0003561,payment,7971.78,159.44,28.70,7783.64,wallet,2026-01-25,UTR202601250001
STL0003562,pay0000000dea,ORD0003562,payment,2136.81,42.74,7.69,2086.38,upi,2026-01-03,UTR202601030001
STL0003563,pay0000000deb,ORD0003563,payment,8050.24,161.00,28.98,7860.26,wallet,2026-01-21,UTR202601210001
STL0003564,pay0000000dec,ORD0003564,payment,9412.85,188.26,33.89,9190.70,upi,2026-01-13,UTR202601130001
STL0003565,pay0000000ded,ORD0003565,payment,5036.61,100.73,18.13,4917.75,wallet,2026-01-25,UTR202601250001
STL0003566,pay0000000dee,ORD0003566,payment,4350.77,87.02,15.66,4248.09,card_debit,2026-01-22,UTR202601220001
STL0003567,pay0000000def,ORD0003567,payment,9322.18,186.44,33.56,9102.18,card_credit,2026-01-24,UTR202601240001
STL0003568,pay0000000df0,ORD0003568,payment,3182.35,63.65,11.46,3107.24,upi,2026-01-12,UTR202601120001
STL0003569,pay0000000df1,ORD0003569,payment,2880.81,57.62,10.37,2812.82,netbanking,2026-01-25,UTR202601250001
STL0003570,pay0000000df2,ORD0003570,payment,3929.03,78.58,14.14,3836.31,card_debit,2026-01-08,UTR202601080001
STL0003571,pay0000000df3,ORD0003571,payment,1326.68,26.53,4.78,1295.37,wallet,2026-01-06,UTR202601060001
STL0003572,pay0000000df4,ORD0003572,payment,9151.12,183.02,32.94,8935.16,card_debit,2026-01-18,UTR202601180001
STL0003573,pay0000000df5,ORD0003573,payment,8971.46,179.43,32.30,8759.73,card_credit,2026-01-07,UTR202601070001
STL0003574,pay0000000df6,ORD0003574,payment,9776.36,195.53,35.20,9545.63,card_credit,2026-01-22,UTR202601220001
STL0003575,pay0000000df7,ORD0003575,payment,5042.36,100.85,18.15,4923.36,card_credit,2026-01-15,UTR202601150001
STL0003576,pay0000000df8,ORD0003576,payment,2341.61,46.83,8.43,2286.35,upi,2026-01-21,UTR202601210001
STL0003577,pay0000000df9,ORD0003577,payment,8580.05,171.60,30.89,8377.56,netbanking,2026-01-09,UTR202601090001
STL0003578,pay0000000dfa,ORD0003578,payment,1443.43,28.87,5.20,1409.36,card_debit,2026-01-12,UTR202601120001
STL0003578X,,,refund,-395.55,0.00,0.00,-395.55,card_debit,2026-01-12,UTR202601120001
STL0003579,pay0000000dfb,ORD0003579,payment,595.94,11.92,2.15,581.87,card_debit,2026-01-02,UTR202601020001
STL0003580,pay0000000dfc,ORD0003580,payment,9762.19,195.24,35.14,9531.81,card_debit,2026-01-06,UTR202601060001
STL0003581,pay0000000dfd,ORD0003581,payment,4863.20,97.26,17.51,4748.43,wallet,2026-01-18,UTR202601180001
STL0003582,pay0000000dfe,ORD0003582,payment,7675.40,153.51,27.63,7494.26,card_credit,2026-01-10,UTR202601100001
STL0003583,pay0000000dff,ORD0003583,payment,1797.74,35.95,6.47,1755.32,card_credit,2026-01-09,UTR202601090001
STL0003584,pay0000000e00,ORD0003584,payment,9014.54,180.29,32.45,8801.80,wallet,2026-01-12,UTR202601120001
STL0003585,pay0000000e01,ORD0003585,payment,3866.31,77.33,13.92,3775.06,upi,2026-01-21,UTR202601210001
STL0003586,pay0000000e02,ORD0003586,payment,552.62,11.05,1.99,539.58,wallet,2026-01-19,UTR202601190001
STL0003587,pay0000000e03,ORD0003587,payment,3226.81,64.54,11.62,3150.65,card_debit,2026-01-11,UTR202601110001
STL0003588,pay0000000e04,ORD0003588,payment,1485.02,29.70,5.35,1449.97,card_credit,2026-01-13,UTR202601130001
STL0003588X,,,chargeback,-307.28,0.00,0.00,-307.28,card_credit,2026-01-13,UTR202601130001
STL0003589,pay0000000e05,ORD0003589,payment,1253.67,25.07,4.51,1224.09,netbanking,2026-01-15,UTR202601150001
STL0003590,pay0000000e06,ORD0003590,payment,3039.42,60.79,10.94,2967.69,card_debit,2026-01-22,UTR202601220001
STL0003591,pay0000000e07,ORD0003591,payment,5607.70,112.15,20.19,5475.36,wallet,2026-01-02,UTR202601020001
STL0003592,pay0000000e08,ORD0003592,payment,876.84,17.54,3.16,856.14,card_debit,2026-01-27,UTR202601270001
STL0003593,pay0000000e09,ORD0003593,payment,5469.81,109.40,19.69,5340.72,wallet,2026-01-21,UTR202601210001
STL0003594,pay0000000e0a,ORD0003594,payment,5614.33,112.29,20.21,5481.83,netbanking,2026-01-07,UTR202601070001
STL0003595,pay0000000e0b,ORD0003595,payment,2063.34,41.27,7.43,2014.64,netbanking,2026-01-04,UTR202601040001
STL0003596,pay0000000e0c,ORD0003596,payment,7180.10,143.60,25.85,7010.65,netbanking,2026-01-04,UTR202601040001
STL0003597,pay0000000e0d,ORD0003597,payment,4289.41,85.79,15.44,4188.18,card_debit,2026-01-13,UTR202601130001
STL0003598,pay0000000e0e,ORD0003598,payment,8454.18,169.08,30.43,8254.67,wallet,2026-01-27,UTR202601270001
STL0003599,pay0000000e0f,ORD0003599,payment,1130.96,22.62,4.07,1104.27,card_debit,2026-01-14,UTR202601140001
STL0003600,pay0000000e10,ORD0003600,payment,9120.86,182.42,32.84,8905.60,netbanking,2026-01-16,UTR202601160001
STL0003601,pay0000000e11,ORD0003601,payment,3978.05,79.56,14.32,3884.17,card_credit,2026-01-07,UTR202601070001
STL0003602,pay0000000e12,ORD0003602,payment,8536.55,170.73,30.73,8335.09,wallet,2026-01-16,UTR202601160001
STL0003603,pay0000000e13,ORD0003603,payment,3948.38,78.97,14.21,3855.20,upi,2026-01-23,UTR202601230001
STL0003604,pay0000000e14,ORD0003604,payment,6035.52,120.71,21.73,5893.08,upi,2026-02-02,
STL0003605,pay0000000e15,ORD0003605,payment,5034.92,100.70,18.13,4916.09,card_credit,2026-01-09,UTR202601090001
STL0003606,pay0000000e16,ORD0003606,payment,7389.82,147.80,26.60,7215.42,card_credit,2026-01-06,UTR202601060001
STL0003607,pay0000000e17,ORD0003607,payment,1789.68,35.79,6.44,1747.45,wallet,2026-01-23,UTR202601230001
STL0003608,pay0000000e18,ORD0003608,payment,3124.94,62.50,11.25,3051.19,netbanking,2026-01-22,UTR202601220001
STL0003609,pay0000000e19,ORD0003609,payment,9555.83,191.12,34.40,9330.31,wallet,2026-01-15,UTR202601150001
STL0003611,pay0000000e1b,ORD0003611,payment,4630.34,92.61,16.67,4521.06,wallet,2026-01-27,UTR202601270001
STL0003612,pay0000000e1c,ORD0003612,payment,6952.59,139.05,25.03,6788.51,card_credit,2026-01-22,UTR202601220001
STL0003613,pay0000000e1d,ORD0003613,payment,2019.96,40.40,7.27,1972.29,netbanking,2026-01-22,UTR202601220001
STL0003614,pay0000000e1e,ORD0003614,payment,9608.95,192.18,34.59,9382.18,card_credit,2026-01-10,UTR202601100001
STL0003615,pay0000000e1f,ORD0003615,payment,2166.22,43.32,7.80,2115.10,wallet,2026-01-15,UTR202601150001
STL0003616,pay0000000e20,ORD0003616,payment,5492.93,109.86,19.77,5363.30,card_debit,2026-01-07,UTR202601070001
STL0003617,pay0000000e21,ORD0003617,payment,2206.17,44.12,7.94,2154.11,wallet,2026-01-19,
STL0003618,pay0000000e22,ORD0003618,payment,2581.99,51.64,9.30,2521.05,upi,2026-01-23,UTR202601230001
STL0003619,pay0000000e23,ORD0003619,payment,9614.52,192.29,34.61,9387.62,wallet,2026-01-12,UTR202601120001
STL0003620,pay0000000e24,ORD0003620,payment,9090.55,181.81,32.73,8876.01,netbanking,2026-01-28,UTR202601280001
STL0003621,pay0000000e25,ORD0003621,payment,497.76,9.96,1.79,486.01,netbanking,2026-01-15,UTR202601150001
STL0003622,pay0000000e26,ORD0003622,payment,6141.27,122.83,22.11,5996.33,upi,2026-01-09,UTR202601090001
STL0003623,pay0000000e27,ORD0003623,payment,6894.07,137.88,24.82,6731.37,netbanking,2026-01-12,UTR202601120001
STL0003624,pay0000000e28,ORD0003624,payment,129.66,2.59,0.47,126.60,netbanking,2026-01-26,UTR202601260001
STL0003624X,,,refund,-84.86,0.00,0.00,-84.86,netbanking,2026-01-26,UTR202601260001
STL0003625,pay0000000e29,ORD0003625,payment,6041.37,120.83,21.75,5898.79,wallet,2026-01-09,UTR202601090001
STL0003626,pay0000000e2a,ORD0003626,payment,6018.63,120.37,21.67,5876.59,card_credit,2026-01-19,UTR202601190001
STL0003627,pay0000000e2b,ORD0003627,payment,2556.70,51.13,9.20,2496.37,upi,2026-01-27,UTR202601270001
STL0003628,pay0000000e2c,ORD0003628,payment,3457.38,69.15,12.45,3375.78,upi,2026-01-30,UTR202601300001
STL0003629,pay0000000e2d,ORD0003629,payment,2229.84,44.60,8.03,2177.21,upi,2026-01-25,UTR202601250001
STL0003630,pay0000000e2e,ORD0003630,payment,9784.71,195.69,35.22,9553.80,netbanking,2026-01-24,UTR202601240001
STL0003631,pay0000000e2f,ORD0003631,payment,1471.54,29.43,5.30,1436.81,card_credit,2026-01-18,UTR202601180001
STL0003632,pay0000000e30,ORD0003632,payment,6292.09,125.84,22.65,6143.60,card_debit,2026-01-15,UTR202601150001
STL0003633,pay0000000e31,ORD0003633,payment,637.85,12.76,2.30,622.79,wallet,2026-01-25,UTR202601250001
STL0003634,pay0000000e32,ORD0003634,payment,9167.61,183.35,33.00,8951.26,card_credit,2026-01-27,UTR202601270001
STL0003635,pay0000000e33,ORD0003635,payment,2587.75,51.76,9.32,2526.67,netbanking,2026-01-05,UTR202601050001
STL0003636,pay0000000e34,ORD0003636,payment,5081.98,101.64,18.30,4962.04,upi,2026-01-21,UTR202601210001
STL0003637,pay0000000e35,ORD0003637,payment,6925.85,138.52,24.93,6762.40,netbanking,2026-01-06,UTR202601060001
STL0003638,pay0000000e36,ORD0003638,payment,4796.31,95.93,17.27,4683.11,netbanking,2026-01-04,UTR202601040001
STL0003639,pay0000000e37,ORD0003639,payment,6822.38,136.45,24.56,6661.37,card_debit,2026-01-15,UTR202601150001
STL0003640,pay0000000e38,ORD0003640,payment,5470.59,109.41,19.69,5341.49,card_credit,2026-01-05,UTR202601050001
STL0003640X,,,refund,-275.14,0.00,0.00,-275.14,card_credit,2026-01-05,UTR202601050001
STL0003641,pay0000000e39,ORD0003641,payment,807.61,16.15,2.91,788.55,netbanking,2026-01-05,UTR202601050001
STL0003642,pay0000000e3a,ORD0003642,payment,3395.35,67.91,12.22,3315.22,card_credit,2026-01-24,UTR202601240001
STL0003643,pay0000000e3b,ORD0003643,payment,2790.02,55.80,10.04,2724.18,card_debit,2026-01-03,UTR202601030001
STL0003644,pay0000000e3c,ORD0003644,payment,5739.27,114.79,20.66,5603.82,upi,2026-01-02,UTR202601020001
STL0003645,pay0000000e3d,ORD0003645,payment,5107.43,102.15,18.39,4986.89,wallet,2026-01-15,UTR202601150001
STL0003646,pay0000000e3e,ORD0003646,payment,2765.87,55.32,9.96,2700.59,netbanking,2026-01-23,UTR202601230001
STL0003646X,,,chargeback,-155.67,0.00,0.00,-155.67,netbanking,2026-01-23,UTR202601230001
STL0003647,pay0000000e3f,ORD0003647,payment,6212.33,124.25,22.37,6065.71,wallet,2026-01-12,UTR202601120001
STL0003648,pay0000000e40,ORD0003648,payment,8365.16,167.30,30.11,8167.75,card_credit,2026-01-04,UTR202601040001
STL0003649,pay0000000e41,ORD0003649,payment,9028.66,180.57,32.50,8815.59,card_debit,2026-01-23,UTR202601230001
STL0003650,pay0000000e42,ORD0003650,payment,8011.20,160.22,28.84,7822.14,card_credit,2026-01-11,UTR202601110001
STL0003651,pay0000000e43,ORD0003651,payment,3681.35,73.63,13.25,3594.47,wallet,2026-01-06,UTR202601060001
STL0003652,pay0000000e44,ORD0003652,payment,4762.12,95.24,17.14,4649.74,card_credit,2026-01-07,UTR202601070001
STL0003653,pay0000000e45,ORD0003653,payment,228.06,4.56,0.82,222.68,wallet,2026-01-24,UTR202601240001
STL0003654,pay0000000e46,ORD0003654,payment,8276.54,165.53,29.80,8081.21,upi,2026-01-06,UTR202601060001
STL0003655,pay0000000e47,ORD0003655,payment,9936.17,198.72,35.77,9701.68,upi,2026-01-10,UTR202601100001
STL0003656,pay0000000e48,ORD0003656,payment,2160.31,43.21,7.78,2109.32,card_credit,2026-01-21,UTR202601210001
STL0003657,pay0000000e49,ORD0003657,payment,2337.50,46.75,8.42,2282.33,card_credit,2026-01-26,UTR202601260001
STL0003658,pay0000000e4a,ORD0003658,payment,4718.42,94.37,16.99,4607.06,upi,2026-01-02,UTR202601020001
STL0003659,pay0000000e4b,ORD0003659,payment,6534.36,130.69,23.52,6380.15,netbanking,2026-01-07,UTR202601070001
STL0003660,pay0000000e4c,ORD0003660,payment,1958.38,39.17,7.05,1912.16,card_credit,2026-01-19,UTR202601190001
STL0003661,pay0000000e4d,ORD0003661,payment,1754.64,35.09,6.32,1713.23,card_debit,2026-01-05,UTR202601050001
STL0003662,pay0000000e4e,ORD0003662,payment,2444.44,48.89,8.80,2386.75,card_credit,2026-01-06,UTR202601060001
STL0003663,pay0000000e4f,ORD0003663,payment,1409.57,28.19,5.07,1376.31,upi,2026-01-03,UTR202601030001
STL0003663X,,,refund,-329.23,0.00,0.00,-329.23,upi,2026-01-03,UTR202601030001
STL0003664,pay0000000e50,ORD0003664,payment,7234.58,144.69,26.04,7063.85,card_debit,2026-01-22,UTR202601220001
STL0003665,pay0000000e51,ORD0003665,payment,3897.64,77.95,14.03,3805.66,upi,2026-01-28,UTR202601280001
STL0003666,pay0000000e52,ORD0003666,payment,6465.54,129.31,23.28,6312.95,card_debit,2026-01-11,UTR202601110001
STL0003667,pay0000000e53,ORD0003667,payment,5709.10,114.18,20.55,5574.37,wallet,2026-01-18,UTR202601180001
STL0003668,pay0000000e54,ORD0003668,payment,7810.69,156.21,28.12,7626.36,netbanking,2026-01-16,UTR202601160001
STL0003669,pay0000000e55,ORD0003669,payment,1865.76,37.32,6.72,1821.72,card_debit,2026-01-14,UTR202601140001
STL0003670,pay0000000e56,ORD0003670,payment,151.68,3.03,0.55,148.10,upi,2026-01-11,UTR202601110001
STL0003670X,,,chargeback,-38.82,0.00,0.00,-38.82,upi,2026-01-11,UTR202601110001
STL0003671,pay0000000e57,ORD0003671,payment,376.67,10.36,1.36,364.95,netbanking,2026-01-10,UTR202601100001
STL0003672,pay0000000e58,ORD0003672,payment,4984.59,99.69,17.94,4866.96,netbanking,2026-01-03,UTR202601030001
STL0003673,pay0000000e59,ORD0003673,payment,1785.85,35.72,6.43,1743.70,upi,2026-01-03,UTR202601030001
STL0003674,pay0000000e5a,ORD0003674,payment,8177.94,375.37,29.44,7773.13,card_debit,2026-01-28,UTR202601280001
STL0003675,pay0000000e5b,ORD0003675,payment,5706.12,114.12,20.54,5571.46,netbanking,2026-01-21,UTR202601210001
STL0003676,pay0000000e5c,ORD0003676,payment,3286.92,65.74,11.83,3209.35,card_debit,2026-01-03,UTR202601030001
STL0003677,pay0000000e5d,ORD0003677,payment,8372.02,167.44,30.14,8174.44,card_debit,2026-01-21,UTR202601210001
STL0003678,pay0000000e5e,ORD0003678,payment,943.21,18.86,3.39,920.96,card_debit,2026-01-09,UTR202601090001
STL0003679,pay0000000e5f,ORD0003679,payment,1149.59,22.99,4.14,1122.46,wallet,2026-01-08,UTR202601080001
STL0003680,pay0000000e60,ORD0003680,payment,797.41,15.95,2.87,778.59,card_debit,2026-01-22,UTR202601220001
STL0003680X,,,chargeback,-171.38,0.00,0.00,-171.38,card_debit,2026-01-22,UTR202601220001
STL0003681,pay0000000e61,ORD0003681,payment,3320.73,66.41,11.95,3242.37,upi,2026-01-25,UTR202601250001
STL0003682,pay0000000e62,ORD0003682,payment,1168.49,23.37,4.21,1140.91,netbanking,2026-01-20,UTR202601200001
STL0003683,pay0000000e63,ORD0003683,payment,4773.79,95.48,17.19,4661.12,upi,2026-01-11,UTR202601110001
STL0003684,pay0000000e64,ORD0003684,payment,1522.28,30.45,5.48,1486.35,card_credit,2026-01-29,UTR202601290001
STL0003685,pay0000000e65,ORD0003685,payment,9763.81,195.28,35.15,9533.38,upi,2026-01-06,UTR202601060001
STL0003686,pay0000000e66,ORD0003686,payment,166.44,3.33,0.60,162.51,wallet,2026-01-06,UTR202601060001
STL0003687,pay0000000e67,ORD0003687,payment,867.79,17.36,3.12,847.31,card_credit,2026-01-07,UTR202601070001
STL0003688,pay0000000e68,ORD0003688,payment,4682.46,93.65,16.86,4571.95,netbanking,2026-01-27,UTR202601270001
STL0003689,pay0000000e69,ORD0003689,payment,2188.59,43.77,7.88,2136.94,card_credit,2026-01-25,UTR202601250001
STL0003690,pay0000000e6a,ORD0003690,payment,2360.61,47.21,8.50,2304.90,netbanking,2026-01-06,UTR202601060001
STL0003691,pay0000000e6b,ORD0003691,payment,3151.85,63.04,11.35,3077.46,card_credit,2026-01-25,UTR202601250001
STL0003692,pay0000000e6c,ORD0003692,payment,8678.41,173.57,31.24,8473.60,card_credit,2026-01-26,
STL0003693,pay0000000e6d,ORD0003693,payment,1114.06,22.28,4.01,1087.77,wallet,2026-01-07,UTR202601070001
STL0003694,pay0000000e6e,ORD0003694,payment,958.35,19.17,3.45,935.73,card_credit,2026-01-08,UTR202601080001
STL0003695,pay0000000e6f,ORD0003695,payment,8418.07,168.36,30.30,8219.41,wallet,2026-01-20,UTR202601200001
STL0003696,pay0000000e70,ORD0003696,payment,9219.97,184.40,33.19,9002.38,netbanking,2026-01-18,UTR202601180001
STL0003697,pay0000000e71,ORD0003697,payment,621.43,12.43,2.24,606.76,card_credit,2026-01-03,UTR202601030001
STL0003698,pay0000000e72,ORD0003698,payment,252.83,5.06,0.91,246.86,wallet,2026-01-20,UTR202601200001
STL0003699,pay0000000e73,ORD0003699,payment,5924.78,118.50,21.33,5784.95,wallet,2026-01-06,UTR202601060001
STL0003700,pay0000000e74,ORD0003700,payment,1374.74,27.49,4.95,1342.30,upi,2026-01-04,UTR202601040001
STL0003701,pay0000000e75,ORD0003701,payment,7732.76,154.66,27.84,7550.26,netbanking,2026-01-25,UTR202601250001
STL0003702,pay0000000e76,ORD0003702,payment,7663.40,153.27,27.59,7482.54,card_credit,2026-01-22,UTR202601220001
STL0003703,pay0000000e77,ORD0003703,payment,2926.35,58.53,10.54,2857.28,card_credit,2026-01-20,UTR202601200001
STL0003704,pay0000000e78,ORD0003704,payment,9972.59,199.45,35.90,9737.24,card_debit,2026-01-03,UTR202601030001
STL0003705,pay0000000e79,ORD0003705,payment,5539.21,110.78,19.94,5408.49,card_debit,2026-01-16,UTR202601160001
STL0003706,pay0000000e7a,ORD0003706,payment,8977.48,179.55,32.32,8765.61,card_debit,2026-01-02,UTR202601020001
STL0003707,pay0000000e7b,ORD0003707,payment,5160.51,103.21,18.58,5038.72,card_credit,2026-01-23,UTR202601230001
STL0003708A,pay0000000e7c,ORD0003708,payment,12.37,0.25,0.05,12.07,upi,2026-01-08,UTR202601080001
STL0003708B,pay0000000e7c,ORD0003708,payment,8.25,0.17,0.03,8.05,upi,2026-01-08,UTR202601080001
STL0003709,pay0000000e7d,ORD0003709,payment,2612.46,52.25,9.41,2550.80,netbanking,2026-01-29,UTR202601290001
STL0003710,pay0000000e7e,ORD0003710,payment,6230.85,124.62,22.43,6083.80,wallet,2026-01-07,UTR202601070001
STL0003711,pay0000000e7f,ORD0003711,payment,8164.44,163.29,29.39,7971.76,upi,2026-01-21,UTR202601210001
STL0003712,pay0000000e80,ORD0003712,payment,32.78,0.66,0.12,32.00,card_debit,2026-01-04,UTR202601040001
STL0003713,pay0000000e81,ORD0003713,payment,1461.09,29.22,5.26,1426.61,wallet,2026-01-24,UTR202601240001
STL0003714,pay0000000e82,ORD0003714,payment,9914.78,198.30,35.69,9680.79,wallet,2026-01-28,
STL0003715,pay0000000e83,ORD0003715,payment,8342.82,166.86,30.03,8145.93,upi,2026-01-27,UTR202601270001
STL0003716,pay0000000e84,ORD0003716,payment,9091.96,181.84,32.73,8877.39,netbanking,2026-01-20,UTR202601200001
STL0003717,pay0000000e85,ORD0003717,payment,536.23,10.72,1.93,523.58,card_debit,2026-01-04,UTR202601040001
STL0003718,pay0000000e86,ORD0003718,payment,1250.08,25.00,4.50,1220.58,upi,2026-01-05,UTR202601050001
STL0003719,pay0000000e87,ORD0003719,payment,897.99,17.96,3.23,876.80,wallet,2026-01-14,UTR202601140001
STL0003720,pay0000000e88,ORD0003720,payment,7285.29,145.71,26.23,7113.35,wallet,2026-01-10,UTR202601100001
STL0003721,pay0000000e89,ORD0003721,payment,3245.58,64.91,11.68,3168.99,card_credit,2026-01-08,UTR202601080001
STL0003722,pay0000000e8a,ORD0003722,payment,6975.20,139.50,25.11,6810.59,card_credit,2026-01-02,UTR202601020001
STL0003723,pay0000000e8b,ORD0003723,payment,2917.25,58.35,10.50,2848.40,card_credit,2026-01-16,UTR202601160001
STL0003724,pay0000000e8c,ORD0003724,payment,6031.73,120.63,21.71,5889.39,card_credit,2026-01-23,UTR202601230001
STL0003726,pay0000000e8e,ORD0003726,payment,9245.41,184.91,33.28,9027.22,wallet,2026-01-22,UTR202601220001
STL0003727,pay0000000e8f,ORD0003727,payment,7226.73,144.53,26.02,7056.18,card_debit,2026-01-18,UTR202601180001
STL0003728,pay0000000e90,ORD0003728,payment,6259.37,125.19,22.53,6111.65,netbanking,2026-01-26,UTR202601260001
STL0003729,pay0000000e91,ORD0003729,payment,5571.66,111.43,20.06,5440.17,netbanking,2026-01-13,UTR202601130001
STL0003730,pay0000000e92,ORD0003730,payment,3410.37,68.21,12.28,3329.88,card_debit,2026-01-07,UTR202601070001
STL0003731,pay0000000e93,ORD0003731,payment,1680.30,33.61,6.05,1640.64,upi,2026-01-09,UTR202601090001
STL0003732,pay0000000e94,ORD0003732,payment,1677.16,33.54,6.04,1637.58,card_debit,2026-01-23,UTR202601230001
STL0003733,pay0000000e95,ORD0003733,payment,3486.43,69.73,12.55,3404.15,upi,2026-01-06,UTR202601060001
STL0003734,pay0000000e96,ORD0003734,payment,8249.97,165.00,29.70,8055.27,upi,2026-01-24,UTR202601240001
STL0003735,pay0000000e97,ORD0003735,payment,9088.57,181.77,32.72,8874.08,upi,2026-01-14,UTR202601140001
STL0003737,pay0000000e99,ORD0003737,payment,5893.35,117.87,21.22,5754.26,upi,2026-01-10,UTR202601100001
STL0003737X,,,refund,-493.66,0.00,0.00,-493.66,upi,2026-01-10,UTR202601100001
STL0003738,pay0000000e9a,ORD0003738,payment,9519.52,190.39,34.27,9294.86,wallet,2026-01-07,UTR202601070001
STL0003739,pay0000000e9b,ORD0003739,payment,9706.74,194.13,34.94,9477.67,upi,2026-01-23,UTR202601230001
STL0003740,pay0000000e9c,ORD0003740,payment,6871.74,137.43,24.74,6709.57,netbanking,2026-01-11,UTR202601110001
STL0003741,pay0000000e9d,ORD0003741,payment,3413.94,68.28,12.29,3333.37,upi,2026-01-10,UTR202601100001
STL0003742,pay0000000e9e,ORD0003742,payment,3207.99,64.16,11.55,3132.28,netbanking,2026-01-22,UTR202601220001
STL0003743,pay0000000e9f,ORD0003743,payment,2298.89,45.98,8.28,2244.63,upi,2026-01-22,UTR202601220001
STL0003744,pay0000000ea0,ORD0003744,payment,3495.67,69.91,12.58,3413.18,card_debit,2026-01-10,UTR202601100001
STL0003745,pay0000000ea1,ORD0003745,payment,3246.43,64.93,11.69,3169.81,card_credit,2026-01-17,UTR202601170001
STL0003746,pay0000000ea2,ORD0003746,payment,4428.47,88.57,15.94,4323.96,card_debit,2026-01-06,UTR202601060001
STL0003747,pay0000000ea3,ORD0003747,payment,3337.90,66.76,12.02,3259.12,card_debit,2026-01-28,UTR202601280001
STL0003748,pay0000000ea4,ORD0003748,payment,7011.35,140.23,25.24,6845.88,wallet,2026-01-07,UTR202601070001
STL0003749,pay0000000ea5,ORD0003749,payment,4391.25,87.83,15.81,4287.61,netbanking,2026-01-25,UTR202601250001
STL0003750,pay0000000ea6,ORD0003750,payment,8980.03,179.60,32.33,8768.10,netbanking,2026-01-08,UTR202601080001
STL0003751,pay0000000ea7,ORD0003751,payment,4291.26,85.83,15.45,4189.98,wallet,2026-01-20,UTR202601200001
STL0003752,pay0000000ea8,ORD0003752,payment,4902.70,98.05,17.65,4787.00,wallet,2026-01-28,UTR202601280001
STL0003753,pay0000000ea9,ORD0003753,payment,162.75,3.26,0.59,158.90,wallet,2026-01-03,UTR202601030001
STL0003754,pay0000000eaa,ORD0003754,payment,5936.01,118.72,21.37,5795.92,card_debit,2026-01-17,UTR202601170001
STL0003755,pay0000000eab,ORD0003755,payment,2855.81,57.12,10.28,2788.41,card_credit,2026-01-27,UTR202601270001
STL0003756,pay0000000eac,ORD0003756,payment,9218.89,184.38,33.19,9001.32,upi,2026-01-25,UTR202601250001
STL0003757,pay0000000ead,ORD0003757,payment,3531.13,70.62,12.71,3447.80,wallet,2026-01-28,UTR202601280001
STL0003758,pay0000000eae,ORD0003758,payment,3740.87,146.27,13.47,3581.13,card_debit,2026-01-09,UTR202601090001
STL0003759,pay0000000eaf,ORD0003759,payment,8404.40,168.09,30.26,8206.05,upi,2026-01-11,UTR202601110001
STL0003760,pay0000000eb0,ORD0003760,payment,6427.09,128.54,23.14,6275.41,upi,2026-01-19,UTR202601190001
STL0003761,pay0000000eb1,ORD0003761,payment,4866.19,97.32,17.52,4751.35,netbanking,2026-01-11,UTR202601110001
STL0003762,pay0000000eb2,ORD0003762,payment,2367.93,47.36,8.52,2312.05,card_debit,2026-01-14,UTR202601140001
STL0003763,pay0000000eb3,ORD0003763,payment,5543.94,211.78,19.96,5312.20,wallet,2026-01-19,UTR202601190001
STL0003764,pay0000000eb4,ORD0003764,payment,9087.46,181.75,32.72,8872.99,upi,2026-01-26,UTR202601260001
STL0003765,pay0000000eb5,ORD0003765,payment,1910.73,38.21,6.88,1865.64,card_credit,2026-01-05,UTR202601050001
STL0003766,pay0000000eb6,ORD0003766,payment,7866.71,157.33,28.32,7681.06,card_debit,2026-01-12,UTR202601120001
STL0003767,pay0000000eb7,ORD0003767,payment,312.31,6.25,1.13,304.93,wallet,2026-01-06,UTR202601060001
STL0003768,pay0000000eb8,ORD0003768,payment,5540.35,110.81,19.95,5409.59,netbanking,2026-01-15,UTR202601150001
STL0003769,pay0000000eb9,ORD0003769,payment,7486.90,149.74,26.95,7310.21,upi,2026-01-25,UTR202601250001
STL0003770,pay0000000eba,ORD0003770,payment,660.17,13.20,2.38,644.59,netbanking,2026-01-26,UTR202601260001
STL0003771,pay0000000ebb,ORD0003771,payment,6214.94,124.30,22.37,6068.27,card_credit,2026-01-21,
STL0003772,pay0000000ebc,ORD0003772,payment,3127.80,62.56,11.26,3053.98,netbanking,2026-01-17,UTR202601170001
STL0003773,pay0000000ebd,ORD0003773,payment,6188.38,123.77,22.28,6042.33,wallet,2026-01-30,UTR202601300001
STL0003774,pay0000000ebe,ORD0003774,payment,8190.96,163.82,29.49,7997.65,netbanking,2026-01-27,UTR202601270001
STL0003775,pay0000000ebf,ORD0003775,payment,1636.45,32.73,5.89,1597.83,wallet,2026-01-28,UTR202601280001
STL0003776,pay0000000ec0,ORD0003776,payment,539.02,10.78,1.94,526.30,wallet,2026-01-25,UTR202601250001
STL0003777,pay0000000ec1,ORD0003777,payment,8869.67,177.39,31.93,8660.35,card_credit,2026-01-24,UTR202601240001
STL0003778,pay0000000ec2,ORD0003778,payment,9665.15,193.30,34.79,9437.06,netbanking,2026-01-02,UTR202601020001
STL0003779,pay0000000ec3,ORD0003779,payment,3546.01,70.92,12.77,3462.32,upi,2026-01-18,UTR202601180001
STL0003780,pay0000000ec4,ORD0003780,payment,1750.54,35.01,6.30,1709.23,wallet,2026-01-20,UTR202601200001
STL0003781,pay0000000ec5,ORD0003781,payment,4950.85,99.02,17.82,4834.01,card_debit,2026-01-06,UTR202601060001
STL0003782,pay0000000ec6,ORD0003782,payment,9919.21,198.38,35.71,9685.12,wallet,2026-01-15,UTR202601150001
STL0003783,pay0000000ec7,ORD0003783,payment,1169.63,23.39,4.21,1142.03,card_debit,2026-01-26,UTR202601260001
STL0003784,pay0000000ec8,ORD0003784,payment,7102.24,142.04,25.57,6934.63,netbanking,2026-01-22,UTR202601220001
STL0003785,pay0000000ec9,ORD0003785,payment,5619.85,112.40,20.23,5487.22,upi,2026-01-08,UTR202601080001
STL0003786,pay0000000eca,ORD0003786,payment,4400.89,88.02,15.84,4297.03,card_debit,2026-01-19,UTR202601190001
STL0003787,pay0000000ecb,ORD0003787,payment,5741.02,114.82,20.67,5605.53,netbanking,2026-01-03,UTR202601030001
STL0003788,pay0000000ecc,ORD0003788,payment,5253.13,105.06,18.91,5129.16,card_credit,2026-01-05,UTR202601050001
STL0003789,pay0000000ecd,ORD0003789,payment,3079.00,61.58,11.08,3006.34,card_debit,2026-01-09,UTR202601090001
STL0003790,pay0000000ece,ORD0003790,payment,8647.78,172.96,31.13,8443.69,netbanking,2026-01-05,UTR202601050001
STL0003791,pay0000000ecf,ORD0003791,payment,8010.02,160.20,28.84,7820.98,card_credit,2026-01-15,UTR202601150001
STL0003792,pay0000000ed0,ORD0003792,payment,4955.95,99.12,17.84,4838.99,card_credit,2026-02-01,
STL0003793,pay0000000ed1,ORD0003793,payment,2583.53,51.67,9.30,2522.56,card_debit,2026-01-22,
STL0003794,pay0000000ed2,ORD0003794,payment,1215.47,24.31,4.38,1186.78,card_debit,2026-01-29,UTR202601290001
STL0003795,,,payment,51.26,1.03,0.19,50.04,card_credit,2026-01-17,UTR202601170001
STL0003796,pay0000000ed4,ORD0003796,payment,8533.80,170.68,30.72,8332.40,card_debit,2026-01-23,UTR202601230001
STL0003797,pay0000000ed5,ORD0003797,payment,2226.73,44.53,8.02,2174.18,card_debit,2026-01-26,UTR202601260001
STL0003798,pay0000000ed6,ORD0003798,payment,3040.52,60.81,10.95,2968.76,card_debit,2026-01-19,UTR202601190001
STL0003799,pay0000000ed7,ORD0003799,payment,6303.65,126.07,22.69,6154.89,card_credit,2026-01-27,UTR202601270001
STL0003800,pay0000000ed8,ORD0003800,payment,496.26,9.93,1.79,484.54,netbanking,2026-01-06,UTR202601060001
STL0003801,pay0000000ed9,ORD0003801,payment,3829.45,76.59,13.79,3739.07,netbanking,2026-01-27,UTR202601270001
STL0003802,pay0000000eda,ORD0003802,payment,2574.72,51.49,9.27,2513.96,wallet,2026-01-10,
STL0003803,pay0000000edb,ORD0003803,payment,184.05,3.68,0.66,179.71,netbanking,2026-01-29,UTR202601290001
STL0003804,pay0000000edc,ORD0003804,payment,8065.48,161.31,29.04,7875.13,netbanking,2026-01-08,UTR202601080001
STL0003805,pay0000000edd,ORD0003805,payment,1287.19,25.74,4.63,1256.82,card_credit,2026-01-14,UTR202601140001
STL0003806,pay0000000ede,ORD0003806,payment,8025.75,160.52,28.89,7836.34,netbanking,2026-01-05,UTR202601050001
STL0003807,pay0000000edf,ORD0003807,payment,3460.22,69.20,12.46,3378.56,wallet,2026-01-27,UTR202601270001
STL0003808,pay0000000ee0,ORD0003808,payment,5906.25,118.13,21.26,5766.86,card_credit,2026-01-18,UTR202601180001
STL0003809,pay0000000ee1,ORD0003809,payment,3951.63,79.03,14.23,3858.37,wallet,2026-01-24,UTR202601240001
STL0003810,pay0000000ee2,ORD0003810,payment,2386.13,47.72,8.59,2329.82,card_credit,2026-01-25,UTR202601250001
STL0003811,pay0000000ee3,ORD0003811,payment,4567.68,91.35,16.44,4459.89,netbanking,2026-01-27,UTR202601270001
STL0003812,pay0000000ee4,ORD0003812,payment,4918.24,98.36,17.70,4802.18,netbanking,2026-01-06,UTR202601060001
STL0003813,pay0000000ee5,ORD0003813,payment,646.16,12.92,2.33,630.91,card_credit,2026-01-28,UTR202601280001
STL0003814,pay0000000ee6,ORD0003814,payment,2768.77,55.38,9.97,2703.42,card_debit,2026-01-28,UTR202601280001
STL0003815,pay0000000ee7,ORD0003815,payment,7582.64,151.65,27.30,7403.69,card_credit,2026-01-04,UTR202601040001
STL0003816,pay0000000ee8,ORD0003816,payment,2398.59,47.97,8.63,2341.99,netbanking,2026-01-18,UTR202601180001
STL0003817,pay0000000ee9,ORD0003817,payment,769.36,15.39,2.77,751.20,netbanking,2026-01-29,UTR202601290001
STL0003818,pay0000000eea,ORD0003818,payment,4024.42,80.49,14.49,3929.44,card_credit,2026-01-03,UTR202601030001
STL0003819,pay0000000eeb,ORD0003819,payment,7887.57,157.75,28.40,7701.42,netbanking,2026-01-14,UTR202601140001
STL0003820,pay0000000eec,ORD0003820,payment,5417.69,108.35,19.50,5289.84,netbanking,2026-01-29,UTR202601290001
STL0003821,pay0000000eed,ORD0003821,payment,1432.18,28.64,5.16,1398.38,card_debit,2026-01-03,UTR202601030001
STL0003822,pay0000000eee,ORD0003822,payment,9920.28,198.41,35.71,9686.16,wallet,2026-01-04,UTR202601040001
STL0003823,pay0000000eef,ORD0003823,payment,4208.60,84.17,15.15,4109.28,card_credit,2026-01-17,UTR202601170001
STL0003824,pay0000000ef0,ORD0003824,payment,2289.72,45.79,8.24,2235.69,netbanking,2026-01-20,UTR202601200001
STL0003825,pay0000000ef1,ORD0003825,payment,4266.80,85.34,15.36,4166.10,wallet,2026-01-24,UTR202601240001
STL0003826,pay0000000ef2,ORD0003826,payment,5492.36,109.85,19.77,5362.74,card_credit,2026-01-14,UTR202601140001
STL0003827,pay0000000ef3,ORD0003827,payment,8156.84,163.14,29.37,7964.33,upi,2026-01-10,UTR202601100001
STL0003828,pay0000000ef4,ORD0003828,payment,9899.26,197.99,35.64,9665.63,wallet,2026-01-28,UTR202601280001
STL0003829,pay0000000ef5,ORD0003829,payment,883.79,17.68,3.18,862.93,upi,2026-01-13,UTR202601130001
STL0003830,pay0000000ef6,ORD0003830,payment,7154.31,143.09,25.76,6985.46,upi,2026-01-23,UTR202601230001
STL0003831,pay0000000ef7,ORD0003831,payment,5249.88,105.00,18.90,5125.98,card_credit,2026-01-23,UTR202601230001
STL0003832,pay0000000ef8,ORD0003832,payment,1669.98,33.40,6.01,1630.57,upi,2026-01-17,UTR202601170001
STL0003833,pay0000000ef9,ORD0003833,payment,8197.06,163.94,29.51,8003.61,netbanking,2026-01-18,UTR202601180001
STL0003834,pay0000000efa,ORD0003834,payment,4224.90,84.50,15.21,4125.19,card_debit,2026-01-27,UTR202601270001
STL0003835,pay0000000efb,ORD0003835,payment,7409.69,148.19,26.67,7234.83,netbanking,2026-01-07,UTR202601070001
STL0003835X,,,chargeback,-309.60,0.00,0.00,-309.60,netbanking,2026-01-07,UTR202601070001
STL0003836,pay0000000efc,ORD0003836,payment,8709.56,174.19,31.35,8504.02,upi,2026-01-15,UTR202601150001
STL0003837,pay0000000efd,ORD0003837,payment,1122.86,22.46,4.04,1096.36,card_debit,2026-01-16,UTR202601160001
STL0003838,pay0000000efe,ORD0003838,payment,5700.81,114.02,20.52,5566.27,wallet,2026-01-14,UTR202601140001
STL0003839,pay0000000eff,ORD0003839,payment,5808.43,116.17,20.91,5671.35,upi,2026-01-09,UTR202601090001
STL0003840,pay0000000f00,ORD0003840,payment,6071.90,121.44,21.86,5928.60,card_debit,2026-01-02,UTR202601020001
STL0003841,pay0000000f01,ORD0003841,payment,4337.80,86.76,15.62,4235.42,card_debit,2026-01-21,UTR202601210001
STL0003842,pay0000000f02,ORD0003842,payment,2821.86,56.44,10.16,2755.26,wallet,2026-01-18,
STL0003843,pay0000000f03,ORD0003843,payment,4876.19,97.52,17.55,4761.12,upi,2026-01-26,UTR202601260001
STL0003844,pay0000000f04,ORD0003844,payment,2039.42,40.79,7.34,1991.29,upi,2026-01-17,UTR202601170001
STL0003845,pay0000000f05,ORD0003845,payment,3058.50,61.17,11.01,2986.32,netbanking,2026-01-20,UTR202601200001
STL0003846,pay0000000f06,ORD0003846,payment,1929.55,38.59,6.95,1884.01,card_debit,2026-01-12,UTR202601120001
STL0003847,pay0000000f07,ORD0003847,payment,9054.47,181.09,32.60,8840.78,card_credit,2026-01-29,UTR202601290001
STL0003848,pay0000000f08,ORD0003848,payment,4547.75,189.19,16.37,4342.19,wallet,2026-01-09,UTR202601090001
STL0003849,pay0000000f09,ORD0003849,payment,2732.44,54.65,9.84,2667.95,wallet,2026-01-04,UTR202601040001
STL0003850,pay0000000f0a,ORD0003850,payment,8578.40,171.57,30.88,8375.95,wallet,2026-01-21,UTR202601210001
STL0003851,pay0000000f0b,ORD0003851,payment,6345.85,126.92,22.85,6196.08,card_debit,2026-01-11,UTR202601110001
STL0003852,pay0000000f0c,ORD0003852,payment,5177.16,103.54,18.64,5054.98,upi,2026-01-09,UTR202601090001
STL0003853,pay0000000f0d,ORD0003853,payment,2335.02,46.70,8.41,2279.91,netbanking,2026-01-15,UTR202601150001
STL0003853X,,,chargeback,-475.89,0.00,0.00,-475.89,netbanking,2026-01-15,UTR202601150001
STL0003854,pay0000000f0e,ORD0003854,payment,4406.72,88.13,15.86,4302.73,card_debit,2026-01-17,UTR202601170001
STL0003855,pay0000000f0f,ORD0003855,payment,1747.77,34.96,6.29,1706.52,wallet,2026-01-19,UTR202601190001
STL0003856,pay0000000f10,ORD0003856,payment,6542.12,130.84,23.55,6387.73,upi,2026-01-26,UTR202601260001
STL0003857,pay0000000f11,ORD0003857,payment,5731.60,114.63,20.63,5596.34,netbanking,2026-01-15,UTR202601150001
STL0003858,pay0000000f12,ORD0003858,payment,3815.39,76.31,13.74,3725.34,card_debit,2026-01-26,
STL0003859,pay0000000f13,ORD0003859,payment,7500.93,150.02,27.00,7323.91,card_debit,2026-01-05,UTR202601050001
STL0003860,pay0000000f14,ORD0003860,payment,772.42,15.45,2.78,754.19,wallet,2026-01-13,UTR202601130001
STL0003861,pay0000000f15,ORD0003861,payment,6136.87,122.74,22.09,5992.04,card_credit,2026-01-09,UTR202601090001
STL0003862,pay0000000f16,ORD0003862,payment,2597.77,51.96,9.35,2536.46,card_debit,2026-01-08,UTR202601080001
STL0003863,pay0000000f17,ORD0003863,payment,432.15,8.64,1.56,421.95,card_credit,2026-01-08,UTR202601080001
STL0003864,pay0000000f18,ORD0003864,payment,627.63,12.55,2.26,612.82,card_credit,2026-01-06,UTR202601060001
STL0003865,pay0000000f19,ORD0003865,payment,7166.25,143.33,25.80,6997.12,wallet,2026-01-04,UTR202601040001
STL0003866,pay0000000f1a,ORD0003866,payment,5818.13,116.36,20.94,5680.83,wallet,2026-01-27,UTR202601270001
STL0003867,pay0000000f1b,ORD0003867,payment,8139.48,162.79,29.30,7947.39,card_credit,2026-01-09,UTR202601090001
STL0003868A,pay0000000f1c,ORD0003868,payment,2482.55,49.65,8.94,2423.96,wallet,2026-01-07,UTR202601070001
STL0003868B,pay0000000f1c,ORD0003868,payment,1655.03,33.10,5.96,1615.97,wallet,2026-01-07,UTR202601070001
STL0003869,pay0000000f1d,ORD0003869,payment,7768.85,155.38,27.97,7585.50,card_credit,2026-01-19,UTR202601190001
STL0003870,pay0000000f1e,ORD0003870,payment,953.60,19.07,3.43,931.10,wallet,2026-01-08,UTR202601080001
STL0003871,pay0000000f1f,ORD0003871,payment,9522.64,190.45,34.28,9297.91,card_debit,2026-01-21,UTR202601210001
STL0003872,pay0000000f20,ORD0003872,payment,5210.26,104.21,18.76,5087.29,netbanking,2026-01-15,UTR202601150001
STL0003873,pay0000000f21,ORD0003873,payment,3902.50,78.05,14.05,3810.40,netbanking,2026-01-10,UTR202601100001
STL0003874,pay0000000f22,ORD0003874,payment,8130.14,162.60,29.27,7938.27,netbanking,2026-01-10,UTR202601100001
STL0003875,pay0000000f23,ORD0003875,payment,8360.36,167.21,30.10,8163.05,netbanking,2026-01-06,UTR202601060001
STL0003876,pay0000000f24,ORD0003876,payment,5055.12,101.10,18.20,4935.82,card_debit,2026-01-14,UTR202601140001
STL0003877,pay0000000f25,ORD0003877,payment,8970.01,179.40,32.29,8758.32,wallet,2026-01-10,UTR202601100001
STL0003878,pay0000000f26,ORD0003878,payment,4185.06,83.70,15.07,4086.29,upi,2026-01-10,UTR202601100001
STL0003879,pay0000000f27,ORD0003879,payment,4469.03,89.38,16.09,4363.56,upi,2026-02-03,
STL0003881,pay0000000f29,ORD0003881,payment,1115.38,22.31,4.02,1089.05,card_credit,2026-01-04,UTR202601040001
STL0003882,pay0000000f2a,ORD0003882,payment,3337.32,66.75,12.02,3258.55,card_debit,2026-02-02,
STL0003883,pay0000000f2b,ORD0003883,payment,2498.12,49.96,8.99,2439.17,netbanking,2026-01-24,UTR202601240001
STL0003884,pay0000000f2c,ORD0003884,payment,4838.88,96.78,17.42,4724.68,wallet,2026-01-23,UTR202601230001
STL0003885,pay0000000f2d,ORD0003885,payment,3930.46,78.61,14.15,3837.70,card_debit,2026-01-24,UTR202601240001
STL0003886,pay0000000f2e,ORD0003886,payment,5265.89,105.32,18.96,5141.61,card_credit,2026-01-20,UTR202601200001
STL0003887,pay0000000f2f,ORD0003887,payment,5664.17,113.28,20.39,5530.50,upi,2026-01-27,UTR202601270001
STL0003888,pay0000000f30,ORD0003888,payment,5695.95,113.92,20.51,5561.52,netbanking,2026-01-18,UTR202601180001
STL0003889,pay0000000f31,ORD0003889,payment,8703.09,174.06,31.33,8497.70,card_debit,2026-01-20,UTR202601200001
STL0003890,pay0000000f32,ORD0003890,payment,5858.04,117.16,21.09,5719.79,wallet,2026-01-16,UTR202601160001
STL0003891,pay0000000f33,ORD0003891,payment,1744.89,34.90,6.28,1703.71,card_credit,2026-01-14,UTR202601140001
STL0003892,pay0000000f34,ORD0003892,payment,2887.92,57.76,10.40,2819.76,wallet,2026-01-05,UTR202601050001
STL0003893,pay0000000f35,ORD0003893,payment,3772.29,75.45,13.58,3683.26,wallet,2026-01-25,UTR202601250001
STL0003894,pay0000000f36,ORD0003894,payment,8129.76,162.60,29.27,7937.89,card_debit,2026-01-13,UTR202601130001
STL0003895,pay0000000f37,ORD0003895,payment,1807.51,36.15,6.51,1764.85,netbanking,2026-01-03,UTR202601030001
STL0003896,pay0000000f38,ORD0003896,payment,6133.93,122.68,22.08,5989.17,card_debit,2026-01-27,UTR202601270001
STL0003897,pay0000000f39,ORD0003897,payment,6691.22,133.82,24.09,6533.31,netbanking,2026-01-14,UTR202601140001
STL0003898,pay0000000f3a,ORD0003898,payment,1672.48,33.45,6.02,1633.01,upi,2026-01-08,UTR202601080001
STL0003899,pay0000000f3b,ORD0003899,payment,5596.88,111.94,20.15,5464.79,netbanking,2026-01-09,UTR202601090001
STL0003900,pay0000000f3c,ORD0003900,payment,9263.11,185.26,33.35,9044.50,netbanking,2026-01-13,UTR202601130001
STL0003901,pay0000000f3d,ORD0003901,payment,7979.20,159.58,28.72,7790.90,upi,2026-01-10,UTR202601100001
STL0003902,pay0000000f3e,ORD0003902,payment,1782.62,35.65,6.42,1740.55,upi,2026-01-28,UTR202601280001
STL0003903,pay0000000f3f,ORD0003903,payment,6017.51,120.35,21.66,5875.50,wallet,2026-01-07,UTR202601070001
STL0003904,pay0000000f40,ORD0003904,payment,4382.86,109.57,15.78,4257.51,netbanking,2026-01-16,UTR202601160001
STL0003905,pay0000000f41,ORD0003905,payment,2755.16,55.10,9.92,2690.14,wallet,2026-01-28,UTR202601280001
STL0003906,pay0000000f42,ORD0003906,payment,2041.39,40.83,7.35,1993.21,upi,2026-01-08,UTR202601080001
STL0003907,pay0000000f43,ORD0003907,payment,790.08,15.80,2.84,771.44,card_debit,2026-01-03,UTR202601030001
STL0003908,pay0000000f44,ORD0003908,payment,2110.45,42.21,7.60,2060.64,card_credit,2026-01-19,UTR202601190001
STL0003909,pay0000000f45,ORD0003909,payment,986.95,19.74,3.55,963.66,upi,2026-01-04,UTR202601040001
STL0003910,pay0000000f46,ORD0003910,payment,228.00,4.56,0.82,222.62,upi,2026-01-19,UTR202601190001
STL0003911,pay0000000f47,ORD0003911,payment,2951.35,59.03,10.63,2881.69,netbanking,2026-01-16,UTR202601160001
STL0003912,pay0000000f48,ORD0003912,payment,580.59,11.61,2.09,566.89,netbanking,2026-01-17,UTR202601170001
STL0003913,pay0000000f49,ORD0003913,payment,7436.37,148.73,26.77,7260.87,wallet,2026-01-18,UTR202601180001
STL0003914,pay0000000f4a,ORD0003914,payment,4860.20,97.20,17.50,4745.50,upi,2026-01-08,UTR202601080001
STL0003915,pay0000000f4b,ORD0003915,payment,4467.85,89.36,16.08,4362.41,upi,2026-01-23,UTR202601230001
STL0003916,pay0000000f4c,ORD0003916,payment,9099.78,182.00,32.76,8885.02,wallet,2026-01-08,UTR202601080001
STL0003917,pay0000000f4d,ORD0003917,payment,7476.64,149.53,26.92,7300.19,card_debit,2026-01-04,UTR202601040001
STL0003918,pay0000000f4e,ORD0003918,payment,4084.89,81.70,14.71,3988.48,upi,2026-01-14,UTR202601140001
STL0003919,pay0000000f4f,ORD0003919,payment,2066.78,41.34,7.44,2018.00,netbanking,2026-01-17,UTR202601170001
STL0003920,pay0000000f50,ORD0003920,payment,5002.60,100.05,18.01,4884.54,card_debit,2026-01-17,UTR202601170001
STL0003921,pay0000000f51,ORD0003921,payment,6342.64,126.85,22.83,6192.96,card_credit,2026-01-11,UTR202601110001
STL0003922,pay0000000f52,ORD0003922,payment,8486.42,169.73,30.55,8286.14,upi,2026-01-05,UTR202601050001
STL0003923,pay0000000f53,ORD0003923,payment,4633.20,92.66,16.68,4523.86,wallet,2026-01-03,UTR202601030001
STL0003924,pay0000000f54,ORD0003924,payment,1984.56,39.69,7.14,1937.73,upi,2026-01-07,UTR202601070001
STL0003925,pay0000000f55,ORD0003925,payment,3014.73,60.29,10.85,2943.59,card_credit,2026-01-20,UTR202601200001
STL0003926,pay0000000f56,ORD0003926,payment,820.47,16.41,2.95,801.11,card_credit,2026-01-26,UTR202601260001
STL0003927,pay0000000f57,ORD0003927,payment,8193.38,163.87,29.50,8000.01,wallet,2026-01-13,UTR202601130001
STL0003928,pay0000000f58,ORD0003928,payment,5984.74,119.69,21.54,5843.51,card_credit,2026-01-27,UTR202601270001
STL0003929,pay0000000f59,ORD0003929,payment,3881.82,77.64,13.98,3790.20,netbanking,2026-01-25,UTR202601250001
STL0003930,pay0000000f5a,ORD0003930,payment,439.76,8.80,1.58,429.38,wallet,2026-01-10,UTR202601100001
STL0003931,pay0000000f5b,ORD0003931,payment,7408.97,148.18,26.67,7234.12,upi,2026-01-10,UTR202601100001
STL0003932,pay0000000f5c,ORD0003932,payment,2386.69,47.73,8.59,2330.37,netbanking,2026-01-19,UTR202601190001
STL0003933,pay0000000f5d,ORD0003933,payment,2814.31,56.29,10.13,2747.89,card_credit,2026-01-09,UTR202601090001
STL0003934,pay0000000f5e,ORD0003934,payment,8186.30,163.73,29.47,7993.10,wallet,2026-01-20,UTR202601200001
STL0003935,pay0000000f5f,ORD0003935,payment,5006.24,100.12,18.02,4888.10,netbanking,2026-01-21,UTR202601210001
STL0003936,pay0000000f60,ORD0003936,payment,6794.98,135.90,24.46,6634.62,card_credit,2026-01-22,UTR202601220001
STL0003937,pay0000000f61,ORD0003937,payment,5302.28,106.05,19.09,5177.14,netbanking,2026-01-18,UTR202601180001
STL0003937X,,,refund,-58.97,0.00,0.00,-58.97,netbanking,2026-01-18,UTR202601180001
STL0003938,pay0000000f62,ORD0003938,payment,5690.71,113.81,20.49,5556.41,card_credit,2026-01-28,UTR202601280001
STL0003939,pay0000000f63,ORD0003939,payment,2693.62,53.87,9.70,2630.05,netbanking,2026-01-17,UTR202601170001
STL0003940,pay0000000f64,ORD0003940,payment,4242.63,84.85,15.27,4142.51,card_credit,2026-01-21,UTR202601210001
STL0003941,pay0000000f65,ORD0003941,payment,918.60,18.37,3.31,896.92,wallet,2026-01-20,UTR202601200001
STL0003942,pay0000000f66,ORD0003942,payment,9844.65,196.89,35.44,9612.32,card_debit,2026-01-04,UTR202601040001
STL0003943,pay0000000f67,ORD0003943,payment,1158.39,23.17,4.17,1131.05,upi,2026-01-03,UTR202601030001
STL0003944,pay0000000f68,ORD0003944,payment,6818.77,136.38,24.55,6657.84,card_debit,2026-01-29,UTR202601290001
STL0003945,pay0000000f69,ORD0003945,payment,7899.71,157.99,28.44,7713.28,card_debit,2026-01-15,UTR202601150001
STL0003946,pay0000000f6a,ORD0003946,payment,4662.84,93.26,16.79,4552.79,card_debit,2026-01-12,UTR202601120001
STL0003947,pay0000000f6b,ORD0003947,payment,4161.11,83.22,14.98,4062.91,upi,2026-01-17,UTR202601170001
STL0003948,pay0000000f6c,ORD0003948,payment,4943.82,98.88,17.80,4827.14,card_debit,2026-01-24,UTR202601240001
STL0003949,pay0000000f6d,ORD0003949,payment,4415.62,88.31,15.90,4311.41,card_credit,2026-01-17,UTR202601170001
STL0003950,pay0000000f6e,ORD0003950,payment,6446.49,128.93,23.21,6294.35,wallet,2026-01-04,UTR202601040001
STL0003951,pay0000000f6f,ORD0003951,payment,2291.21,45.82,8.25,2237.14,upi,2026-01-20,UTR202601200001
STL0003952,pay0000000f70,ORD0003952,payment,7884.31,157.69,28.38,7698.24,card_debit,2026-01-09,UTR202601090001
STL0003953,pay0000000f71,ORD0003953,payment,7277.91,145.56,26.20,7106.15,netbanking,2026-01-22,UTR202601220001
STL0003953X,,,adjustment,422.91,0.00,0.00,422.91,netbanking,2026-01-22,UTR202601220001
STL0003954,pay0000000f72,ORD0003954,payment,3388.26,67.77,12.20,3308.29,card_debit,2026-01-02,UTR202601020001
STL0003955,pay0000000f73,ORD0003955,payment,7287.03,145.74,26.23,7115.06,wallet,2026-01-18,UTR202601180001
STL0003956,pay0000000f74,ORD0003956,payment,7346.69,253.46,26.45,7066.78,netbanking,2026-01-27,UTR202601270001
STL0003957,pay0000000f75,ORD0003957,payment,8801.88,176.04,31.69,8594.15,wallet,2026-01-03,UTR202601030001
STL0003958,pay0000000f76,ORD0003958,payment,7095.11,141.90,25.54,6927.67,wallet,2026-01-04,UTR202601040001
STL0003959,pay0000000f77,ORD0003959,payment,8781.34,175.63,31.61,8574.10,wallet,2026-01-20,UTR202601200001
STL0003960,pay0000000f78,ORD0003960,payment,5148.66,102.97,18.53,5027.16,card_credit,2026-01-07,UTR202601070001
STL0003961,pay0000000f79,ORD0003961,payment,8073.41,161.47,29.06,7882.88,netbanking,2026-01-08,UTR202601080001
STL0003962,pay0000000f7a,ORD0003962,payment,9673.44,193.47,34.82,9445.15,wallet,2026-01-03,UTR202601030001
STL0003963,pay0000000f7b,ORD0003963,payment,4254.09,85.08,15.31,4153.70,card_debit,2026-01-20,UTR202601200001
STL0003964,pay0000000f7c,ORD0003964,payment,6205.84,124.12,22.34,6059.38,card_debit,2026-01-19,UTR202601190001
STL0003965,pay0000000f7d,ORD0003965,payment,3176.80,63.54,11.44,3101.82,card_credit,2026-01-24,UTR202601240001
STL0003966,pay0000000f7e,ORD0003966,payment,6406.51,128.13,23.06,6255.32,wallet,2026-01-16,UTR202601160001
STL0003967,pay0000000f7f,ORD0003967,payment,6473.98,129.48,23.31,6321.19,card_credit,2026-01-12,UTR202601120001
STL0003968,pay0000000f80,ORD0003968,payment,6372.56,127.45,22.94,6222.17,wallet,2026-01-18,UTR202601180001
STL0003969,pay0000000f81,ORD0003969,payment,7790.66,155.81,28.05,7606.80,upi,2026-01-26,UTR202601260001
STL0003970,pay0000000f82,ORD0003970,payment,8213.35,164.27,29.57,8019.51,wallet,2026-01-26,UTR202601260001
STL0003971,pay0000000f83,ORD0003971,payment,9023.09,180.46,32.48,8810.15,card_credit,2026-01-03,UTR202601030001
STL0003972,pay0000000f84,ORD0003972,payment,7112.25,142.25,25.61,6944.39,wallet,2026-01-07,UTR202601070001
STL0003973,pay0000000f85,ORD0003973,payment,7928.09,158.56,28.54,7740.99,card_credit,2026-01-27,UTR202601270001
STL0003974,pay0000000f86,ORD0003974,payment,6096.37,121.93,21.95,5952.49,wallet,2026-01-27,
STL0003975,pay0000000f87,ORD0003975,payment,9856.18,197.12,35.48,9623.58,upi,2026-01-17,UTR202601170001
STL0003976,pay0000000f88,ORD0003976,payment,1641.57,32.83,5.91,1602.83,upi,2026-01-16,UTR202601160001
STL0003977,pay0000000f89,ORD0003977,payment,5386.05,107.72,19.39,5258.94,upi,2026-01-24,UTR202601240001
STL0003978,pay0000000f8a,ORD0003978,payment,4221.44,84.43,15.20,4121.81,netbanking,2026-01-08,UTR202601080001
STL0003979,pay0000000f8b,ORD0003979,payment,6834.18,136.68,24.60,6672.90,wallet,2026-01-27,UTR202601270001
STL0003980,pay0000000f8c,ORD0003980,payment,9930.04,198.60,35.75,9695.69,wallet,2026-01-02,UTR202601020001
STL0003981,pay0000000f8d,ORD0003981,payment,6081.01,121.62,21.89,5937.50,netbanking,2026-01-14,UTR202601140001
STL0003982,pay0000000f8e,ORD0003982,payment,936.31,18.73,3.37,914.21,netbanking,2026-01-04,UTR202601040001
STL0003983,pay0000000f8f,ORD0003983,payment,7192.18,143.84,25.89,7022.45,card_debit,2026-01-05,UTR202601050001
STL0003984,pay0000000f90,ORD0003984,payment,4263.73,85.27,15.35,4163.11,upi,2026-01-16,UTR202601160001
STL0003985,pay0000000f91,ORD0003985,payment,8820.08,176.40,31.75,8611.93,netbanking,2026-01-02,UTR202601020001
STL0003985X,,,chargeback,-119.83,0.00,0.00,-119.83,netbanking,2026-01-02,UTR202601020001
STL0003986,pay0000000f92,ORD0003986,payment,9681.57,193.63,34.85,9453.09,card_credit,2026-01-16,UTR202601160001
STL0003987,pay0000000f93,ORD0003987,payment,3424.02,68.48,12.33,3343.21,card_debit,2026-01-29,UTR202601290001
STL0003988,pay0000000f94,ORD0003988,payment,3507.32,70.15,12.63,3424.54,upi,2026-01-18,UTR202601180001
STL0003989,pay0000000f95,ORD0003989,payment,7720.26,154.41,27.79,7538.06,card_debit,2026-01-27,UTR202601270001
STL0003990,pay0000000f96,ORD0003990,payment,6900.74,138.01,24.84,6737.89,upi,2026-01-15,UTR202601150001
STL0003991A,pay0000000f97,ORD0003991,payment,5909.34,118.19,21.27,5769.88,card_debit,2026-01-07,UTR202601070001
STL0003991B,pay0000000f97,ORD0003991,payment,3939.56,78.79,14.18,3846.59,card_debit,2026-01-07,UTR202601070001
STL0003992,pay0000000f98,ORD0003992,payment,2796.93,55.94,10.07,2730.92,upi,2026-01-22,UTR202601220001
STL0003993,pay0000000f99,ORD0003993,payment,3955.22,79.10,14.24,3861.88,card_credit,2026-01-22,UTR202601220001
STL0003994,pay0000000f9a,ORD0003994,payment,3342.04,66.84,12.03,3263.17,card_credit,2026-01-07,UTR202601070001
STL0003995,pay0000000f9b,ORD0003995,payment,8017.15,160.34,28.86,7827.95,wallet,2026-01-15,UTR202601150001
STL0003996,pay0000000f9c,ORD0003996,payment,8286.36,165.73,29.83,8090.80,card_debit,2026-01-13,UTR202601130001
STL0003997,pay0000000f9d,ORD0003997,payment,8677.44,173.55,31.24,8472.65,wallet,2026-01-26,UTR202601260001
STL0003998,pay0000000f9e,ORD0003998,payment,3698.90,73.98,13.32,3611.60,wallet,2026-01-24,UTR202601240001
STL0003999,pay0000000f9f,ORD0003999,payment,9851.86,197.04,35.47,9619.35,card_debit,2026-01-24,UTR202601240001
STL0004000,pay0000000fa0,ORD0004000,payment,2425.33,48.51,8.73,2368.09,netbanking,2026-01-16,UTR202601160001
STL0004001,pay0000000fa1,ORD0004001,payment,6557.85,131.16,23.61,6403.08,upi,2026-01-20,UTR202601200001
STL0004002,pay0000000fa2,ORD0004002,payment,6102.22,122.04,21.97,5958.21,card_debit,2026-01-13,UTR202601130001
STL0004003,pay0000000fa3,ORD0004003,payment,534.50,10.69,1.92,521.89,netbanking,2026-01-12,UTR202601120001
STL0004004,pay0000000fa4,ORD0004004,payment,4311.80,86.24,15.52,4210.04,netbanking,2026-01-21,UTR202601210001
STL0004005,pay0000000fa5,ORD0004005,payment,4762.44,95.25,17.15,4650.04,card_credit,2026-01-20,UTR202601200001
STL0004006,pay0000000fa6,ORD0004006,payment,6191.68,123.83,22.29,6045.56,wallet,2026-01-23,UTR202601230001
STL0004007,pay0000000fa7,ORD0004007,payment,7701.71,154.03,27.73,7519.95,wallet,2026-01-20,UTR202601200001
STL0004008,pay0000000fa8,ORD0004008,payment,9076.87,181.54,32.68,8862.65,netbanking,2026-01-16,UTR202601160001
STL0004009,pay0000000fa9,ORD0004009,payment,1968.88,39.38,7.09,1922.41,upi,2026-01-14,UTR202601140001
STL0004010,pay0000000faa,ORD0004010,payment,5512.03,110.24,19.84,5381.95,wallet,2026-01-08,UTR202601080001
STL0004011,pay0000000fab,ORD0004011,payment,1007.91,20.16,3.63,984.12,card_debit,2026-01-14,UTR202601140001
STL0004012,pay0000000fac,ORD0004012,payment,6291.11,125.82,22.65,6142.64,upi,2026-01-05,UTR202601050001
STL0004012X,,,adjustment,194.78,0.00,0.00,194.78,upi,2026-01-05,UTR202601050001
STL0004013,pay0000000fad,ORD0004013,payment,3124.41,62.49,11.25,3050.67,card_debit,2026-01-04,UTR202601040001
STL0004014,pay0000000fae,ORD0004014,payment,7600.64,152.01,27.36,7421.27,card_debit,2026-01-26,UTR202601260001
STL0004015A,pay0000000faf,ORD0004015,payment,5481.07,109.62,19.73,5351.72,upi,2026-01-12,UTR202601120001
STL0004015B,pay0000000faf,ORD0004015,payment,3654.04,73.08,13.15,3567.81,upi,2026-01-12,UTR202601120001
STL0004016,pay0000000fb0,ORD0004016,payment,6033.38,120.67,21.72,5890.99,wallet,2026-01-19,UTR202601190001
STL0004017,pay0000000fb1,ORD0004017,payment,352.83,7.06,1.27,344.50,netbanking,2026-01-21,UTR202601210001
STL0004018,pay0000000fb2,ORD0004018,payment,7788.39,155.77,28.04,7604.58,card_credit,2026-01-27,UTR202601270001
STL0004019,pay0000000fb3,ORD0004019,payment,7443.81,148.88,26.80,7268.13,card_debit,2026-01-24,UTR202601240001
STL0004020,pay0000000fb4,ORD0004020,payment,8725.49,174.51,31.41,8519.57,netbanking,2026-01-10,UTR202601100001
STL0004021,pay0000000fb5,ORD0004021,payment,9886.87,197.74,35.59,9653.54,wallet,2026-01-28,UTR202601280001
STL0004022,pay0000000fb6,ORD0004022,payment,4206.42,84.13,15.14,4107.15,netbanking,2026-01-07,UTR202601070001
STL0004023,pay0000000fb7,ORD0004023,payment,9225.61,184.51,33.21,9007.89,card_credit,2026-01-04,UTR202601040001
STL0004024A,pay0000000fb8,ORD0004024,payment,5887.04,117.74,21.19,5748.11,netbanking,2026-01-03,UTR202601030001
STL0004024B,pay0000000fb8,ORD0004024,payment,3924.69,78.49,14.13,3832.07,netbanking,2026-01-03,UTR202601030001
STL0004025,pay0000000fb9,ORD0004025,payment,6001.50,120.03,21.61,5859.86,card_credit,2026-01-14,UTR202601140001
STL0004026,pay0000000fba,ORD0004026,payment,75.54,1.51,0.27,73.76,netbanking,2026-01-12,UTR202601120001
STL0004027,pay0000000fbb,ORD0004027,payment,7458.50,149.17,26.85,7282.48,card_debit,2026-01-07,UTR202601070001
STL0004028,pay0000000fbc,ORD0004028,payment,6492.25,129.85,23.37,6339.03,upi,2026-01-12,UTR202601120001
STL0004029,pay0000000fbd,ORD0004029,payment,5204.55,104.09,18.74,5081.72,card_credit,2026-01-09,UTR202601090001
STL0004030,pay0000000fbe,ORD0004030,payment,7948.69,158.97,28.61,7761.11,card_credit,2026-01-20,UTR202601200001
STL0004031,pay0000000fbf,ORD0004031,payment,7808.61,156.17,28.11,7624.33,wallet,2026-01-28,UTR202601280001
STL0004032,pay0000000fc0,ORD0004032,payment,2206.66,44.13,7.94,2154.59,card_debit,2026-01-17,UTR202601170001
STL0004033,pay0000000fc1,ORD0004033,payment,8936.60,178.73,32.17,8725.70,card_credit,2026-01-12,UTR202601120001
STL0004034,pay0000000fc2,ORD0004034,payment,5.89,0.12,0.02,5.75,upi,2026-01-27,UTR202601270001
STL0004035,pay0000000fc3,ORD0004035,payment,5610.11,112.20,20.20,5477.71,card_credit,2026-01-15,UTR202601150001
STL0004036,pay0000000fc4,ORD0004036,payment,9683.40,193.67,34.86,9454.87,upi,2026-01-03,UTR202601030001
STL0004037,pay0000000fc5,ORD0004037,payment,6383.49,127.67,22.98,6232.84,wallet,2026-01-04,UTR202601040001
STL0004038,pay0000000fc6,ORD0004038,payment,3751.35,75.03,13.51,3662.81,card_debit,2026-01-04,UTR202601040001
STL0004039,pay0000000fc7,ORD0004039,payment,6223.99,124.48,22.41,6077.10,netbanking,2026-01-14,UTR202601140001
STL0004040,pay0000000fc8,ORD0004040,payment,2687.18,77.92,9.67,2599.59,wallet,2026-01-04,UTR202601040001
STL0004041,pay0000000fc9,ORD0004041,payment,7648.27,152.97,27.53,7467.77,card_credit,2026-01-26,UTR202601260001
STL0004042,pay0000000fca,ORD0004042,payment,8401.64,168.03,30.25,8203.36,card_debit,2026-01-22,UTR202601220001
STL0004043,pay0000000fcb,ORD0004043,payment,1182.40,23.65,4.26,1154.49,netbanking,2026-01-15,UTR202601150001
STL0004044,pay0000000fcc,ORD0004044,payment,9361.03,187.22,33.70,9140.11,card_credit,2026-01-29,UTR202601290001
STL0004045,pay0000000fcd,ORD0004045,payment,1234.24,24.68,4.44,1205.12,wallet,2026-01-19,UTR202601190001
STL0004046,pay0000000fce,ORD0004046,payment,7469.21,149.38,26.89,7292.94,wallet,2026-01-19,UTR202601190001
STL0004047,pay0000000fcf,ORD0004047,payment,4017.05,80.34,14.46,3922.25,upi,2026-01-16,UTR202601160001
STL0004048,pay0000000fd0,ORD0004048,payment,3903.04,78.06,14.05,3810.93,upi,2026-01-29,UTR202601290001
STL0004049,pay0000000fd1,ORD0004049,payment,5606.26,112.13,20.18,5473.95,card_credit,2026-01-20,UTR202601200001
STL0004050,pay0000000fd2,ORD0004050,payment,7322.11,146.44,26.36,7149.31,card_credit,2026-01-13,UTR202601130001
STL0004051,pay0000000fd3,ORD0004051,payment,7442.48,148.85,26.79,7266.84,card_debit,2026-01-21,UTR202601210001
STL0004052,pay0000000fd4,ORD0004052,payment,4383.05,87.66,15.78,4279.61,wallet,2026-01-06,UTR202601060001
STL0004053,pay0000000fd5,ORD0004053,payment,3150.52,63.01,11.34,3076.17,upi,2026-01-12,UTR202601120001
STL0004054,pay0000000fd6,ORD0004054,payment,8817.56,176.35,31.74,8609.47,wallet,2026-01-17,UTR202601170001
STL0004055,pay0000000fd7,ORD0004055,payment,451.27,9.03,1.63,440.61,upi,2026-01-23,UTR202601230001
STL0004056,pay0000000fd8,ORD0004056,payment,6455.14,129.10,23.24,6302.80,upi,2026-01-04,UTR202601040001
STL0004056X,,,refund,-100.19,0.00,0.00,-100.19,upi,2026-01-04,UTR202601040001
STL0004057,pay0000000fd9,ORD0004057,payment,8506.40,170.13,30.62,8305.65,card_credit,2026-01-14,UTR202601140001
STL0004058,pay0000000fda,ORD0004058,payment,5809.33,116.19,20.91,5672.23,netbanking,2026-01-12,UTR202601120001
STL0004059,,,payment,6906.09,138.12,24.86,6743.11,netbanking,2026-01-07,UTR202601070001
STL0004060,pay0000000fdc,ORD0004060,payment,8380.19,167.60,30.17,8182.42,card_credit,2026-01-23,UTR202601230001
STL0004061,pay0000000fdd,ORD0004061,payment,9494.44,189.89,34.18,9270.37,card_credit,2026-01-18,UTR202601180001
STL0004062,pay0000000fde,ORD0004062,payment,2925.45,58.51,10.53,2856.41,upi,2026-01-13,UTR202601130001
STL0004063,pay0000000fdf,ORD0004063,payment,7123.74,142.47,25.64,6955.63,card_debit,2026-01-25,UTR202601250001
STL0004063X,,,chargeback,-194.57,0.00,0.00,-194.57,card_debit,2026-01-25,UTR202601250001
STL0004064,pay0000000fe0,ORD0004064,payment,4098.65,81.97,14.75,4001.93,wallet,2026-01-27,UTR202601270001
STL0004065,pay0000000fe1,ORD0004065,payment,2562.27,51.25,9.23,2501.79,netbanking,2026-01-21,UTR202601210001
STL0004066,pay0000000fe2,ORD0004066,payment,1391.95,27.84,5.01,1359.10,wallet,2026-01-16,UTR202601160001
STL0004067A,pay0000000fe3,ORD0004067,payment,20.46,0.41,0.07,19.98,netbanking,2026-01-13,UTR202601130001
STL0004067B,pay0000000fe3,ORD0004067,payment,13.64,0.27,0.05,13.32,netbanking,2026-01-13,UTR202601130001
STL0004068,pay0000000fe4,ORD0004068,payment,177.42,3.55,0.64,173.23,netbanking,2026-01-08,UTR202601080001
STL0004068X,,,adjustment,343.77,0.00,0.00,343.77,netbanking,2026-01-08,UTR202601080001
STL0004069,pay0000000fe5,ORD0004069,payment,4212.77,84.26,15.17,4113.34,netbanking,2026-01-03,UTR202601030001
STL0004070,pay0000000fe6,ORD0004070,payment,4159.73,83.19,14.97,4061.57,card_credit,2026-01-14,UTR202601140001
STL0004070X,,,refund,-425.13,0.00,0.00,-425.13,card_credit,2026-01-14,UTR202601140001
STL0004071,pay0000000fe7,ORD0004071,payment,924.91,18.50,3.33,903.08,wallet,2026-01-22,UTR202601220001
STL0004073,pay0000000fe9,ORD0004073,payment,8451.21,169.02,30.42,8251.77,card_debit,2026-01-25,UTR202601250001
STL0004074,pay0000000fea,ORD0004074,payment,249.37,4.99,0.90,243.48,card_debit,2026-01-21,UTR202601210001
STL0004075,pay0000000feb,ORD0004075,payment,4829.16,96.58,17.38,4715.20,wallet,2026-01-27,UTR202601270001
STL0004076,pay0000000fec,ORD0004076,payment,8996.20,179.92,32.39,8783.89,upi,2026-01-05,UTR202601050001
STL0004077,pay0000000fed,ORD0004077,payment,5598.58,111.97,20.15,5466.46,card_credit,2026-01-16,UTR202601160001
STL0004078,pay0000000fee,ORD0004078,payment,9940.49,198.81,35.79,9705.89,card_credit,2026-01-18,UTR202601180001
STL0004079,pay0000000fef,ORD0004079,payment,6612.75,132.26,23.81,6456.68,card_credit,2026-01-21,UTR202601210001
STL0004080,pay0000000ff0,ORD0004080,payment,6348.62,126.97,22.85,6198.80,card_debit,2026-01-12,UTR202601120001
STL0004081,pay0000000ff1,ORD0004081,payment,1308.96,26.18,4.71,1278.07,upi,2026-01-21,UTR202601210001
STL0004082,pay0000000ff2,ORD0004082,payment,6246.57,124.93,22.49,6099.15,wallet,2026-01-15,UTR202601150001
STL0004083,pay0000000ff3,ORD0004083,payment,9298.68,185.97,33.47,9079.24,netbanking,2026-01-29,UTR202601290001
STL0004084,pay0000000ff4,ORD0004084,payment,1650.21,33.00,5.94,1611.27,netbanking,2026-01-07,UTR202601070001
STL0004085,pay0000000ff5,ORD0004085,payment,553.75,11.08,1.99,540.68,card_debit,2026-01-12,UTR202601120001
STL0004086,pay0000000ff6,ORD0004086,payment,4287.26,85.75,15.44,4186.07,card_credit,2026-01-05,UTR202601050001
STL0004087,pay0000000ff7,ORD0004087,payment,324.64,6.49,1.17,316.98,card_debit,2026-01-17,UTR202601170001
STL0004088,pay0000000ff8,ORD0004088,payment,9461.03,189.22,34.06,9237.75,card_credit,2026-01-14,UTR202601140001
STL0004089,pay0000000ff9,ORD0004089,payment,664.42,13.29,2.39,648.74,upi,2026-01-13,UTR202601130001
STL0004090,pay0000000ffa,ORD0004090,payment,2092.16,41.84,7.53,2042.79,card_debit,2026-01-24,UTR202601240001
STL0004091,pay0000000ffb,ORD0004091,payment,6661.44,133.23,23.98,6504.23,card_credit,2026-01-04,UTR202601040001
STL0004092,pay0000000ffc,ORD0004092,payment,3642.10,72.84,13.11,3556.15,card_credit,2026-01-18,UTR202601180001
STL0004093,pay0000000ffd,ORD0004093,payment,2685.79,53.72,9.67,2622.40,wallet,2026-01-11,UTR202601110001
STL0004094,pay0000000ffe,ORD0004094,payment,4643.24,92.86,16.71,4533.67,netbanking,2026-01-22,UTR202601220001
STL0004095,pay0000000fff,ORD0004095,payment,7679.76,153.60,27.65,7498.51,card_credit,2026-01-25,UTR202601250001
STL0004096,pay0000001000,ORD0004096,payment,9629.88,192.60,34.67,9402.61,netbanking,2026-01-18,UTR202601180001
STL0004097,pay0000001001,ORD0004097,payment,9794.25,195.89,35.26,9563.10,wallet,2026-01-27,UTR202601270001
STL0004098,pay0000001002,ORD0004098,payment,5578.36,111.57,20.08,5446.71,netbanking,2026-01-15,UTR202601150001
STL0004099,pay0000001003,ORD0004099,payment,4510.57,90.21,16.24,4404.12,wallet,2026-01-12,UTR202601120001
STL0004100,pay0000001004,ORD0004100,payment,9244.07,184.88,33.28,9025.91,wallet,2026-01-14,UTR202601140001
STL0004101,pay0000001005,ORD0004101,payment,5740.06,114.80,20.66,5604.60,upi,2026-01-03,UTR202601030001
STL0004102,pay0000001006,ORD0004102,payment,2551.85,51.04,9.19,2491.62,upi,2026-01-26,UTR202601260001
STL0004103,pay0000001007,ORD0004103,payment,2567.30,128.37,9.24,2429.69,card_debit,2026-01-02,UTR202601020001
STL0004104,pay0000001008,ORD0004104,payment,2541.45,50.83,9.15,2481.47,wallet,2026-01-08,UTR202601080001
STL0004105,pay0000001009,ORD0004105,payment,2235.33,44.71,8.05,2182.57,netbanking,2026-01-29,UTR202601290001
STL0004106,pay000000100a,ORD0004106,payment,423.57,8.47,1.52,413.58,card_debit,2026-01-07,UTR202601070001
STL0004107,pay000000100b,ORD0004107,payment,9806.78,196.14,35.31,9575.33,wallet,2026-01-29,UTR202601290001
STL0004108,pay000000100c,ORD0004108,payment,2713.33,54.27,9.77,2649.29,wallet,2026-01-07,UTR202601070001
STL0004109,pay000000100d,ORD0004109,payment,1676.99,33.54,6.04,1637.41,upi,2026-01-09,UTR202601090001
STL0004110,pay000000100e,ORD0004110,payment,7198.34,143.97,25.91,7028.46,card_credit,2026-01-07,UTR202601070001
STL0004111,pay000000100f,ORD0004111,payment,6.39,0.13,0.02,6.24,card_debit,2026-01-04,UTR202601040001
STL0004112,pay0000001010,ORD0004112,payment,1841.97,36.84,6.63,1798.50,card_debit,2026-01-18,UTR202601180001
STL0004113,pay0000001011,ORD0004113,payment,5191.71,103.83,18.69,5069.19,wallet,2026-01-25,UTR202601250001
STL0004114,pay0000001012,ORD0004114,payment,6381.47,127.63,22.97,6230.87,upi,2026-01-03,UTR202601030001
STL0004115,pay0000001013,ORD0004115,payment,2822.82,56.46,10.16,2756.20,upi,2026-01-25,UTR202601250001
STL0004116,pay0000001014,ORD0004116,payment,4645.63,92.91,16.72,4536.00,wallet,2026-01-14,UTR202601140001
STL0004117,pay0000001015,ORD0004117,payment,2120.39,42.41,7.63,2070.35,upi,2026-01-19,UTR202601190001
STL0004118,pay0000001016,ORD0004118,payment,4129.54,82.59,14.87,4032.08,card_debit,2026-01-27,UTR202601270001
STL0004119,pay0000001017,ORD0004119,payment,7957.06,159.14,28.65,7769.27,netbanking,2026-01-15,UTR202601150001
STL0004120,pay0000001018,ORD0004120,payment,4900.40,98.01,17.64,4784.75,wallet,2026-01-09,UTR202601090001
STL0004121,pay0000001019,ORD0004121,payment,359.10,7.18,1.29,350.63,netbanking,2026-01-15,UTR202601150001
STL0004121X,,,chargeback,-7.26,0.00,0.00,-7.26,netbanking,2026-01-15,UTR202601150001
STL0004122,pay000000101a,ORD0004122,payment,2179.06,43.58,7.84,2127.64,netbanking,2026-01-19,UTR202601190001
STL0004123,pay000000101b,ORD0004123,payment,3518.33,70.37,12.67,3435.29,wallet,2026-01-23,UTR202601230001
STL0004124,pay000000101c,ORD0004124,payment,1423.43,28.47,5.12,1389.84,upi,2026-01-24,UTR202601240001
STL0004125,pay000000101d,ORD0004125,payment,8300.13,166.00,29.88,8104.25,card_debit,2026-01-24,UTR202601240001
STL0004126,pay000000101e,ORD0004126,payment,2838.76,56.78,10.22,2771.76,wallet,2026-01-03,UTR202601030001
STL0004127,pay000000101f,ORD0004127,payment,4759.69,95.19,17.13,4647.37,upi,2026-01-17,UTR202601170001
STL0004128,pay0000001020,ORD0004128,payment,4510.73,90.21,16.24,4404.28,card_debit,2026-01-28,UTR202601280001
STL0004129,pay0000001021,ORD0004129,payment,2006.83,40.14,7.23,1959.46,netbanking,2026-01-28,UTR202601280001
STL0004130,pay0000001022,ORD0004130,payment,8346.03,166.92,30.05,8149.06,card_credit,2026-01-10,UTR202601100001
STL0004131,,,payment,2807.48,56.15,10.11,2741.22,card_debit,2026-01-14,UTR202601140001
STL0004132,pay0000001024,ORD0004132,payment,6160.92,123.22,22.18,6015.52,wallet,2026-01-26,UTR202601260001
STL0004133,pay0000001025,ORD0004133,payment,8835.20,176.70,31.81,8626.69,wallet,2026-01-23,UTR202601230001
STL0004134,pay0000001026,ORD0004134,payment,6184.02,123.68,22.26,6038.08,upi,2026-01-26,UTR202601260001
STL0004135,pay0000001027,ORD0004135,payment,6267.25,125.35,22.56,6119.34,netbanking,2026-01-25,UTR202601250001
STL0004137,pay0000001029,ORD0004137,payment,7540.07,150.80,27.14,7362.13,card_credit,2026-01-19,UTR202601190001
STL0004138,pay000000102a,ORD0004138,payment,5902.03,118.04,21.25,5762.74,upi,2026-01-12,UTR202601120001
STL0004139,pay000000102b,ORD0004139,payment,1918.15,38.36,6.90,1872.89,card_debit,2026-01-25,UTR202601250001
STL0004140,pay000000102c,ORD0004140,payment,2029.88,40.60,7.31,1981.97,netbanking,2026-01-29,UTR202601290001
STL0004141,pay000000102d,ORD0004141,payment,8673.69,173.47,31.22,8469.00,netbanking,2026-01-23,UTR202601230001
STL0004142,pay000000102e,ORD0004142,payment,7303.96,146.08,26.29,7131.59,wallet,2026-01-19,UTR202601190001
STL0004143,pay000000102f,ORD0004143,payment,9536.48,190.73,34.33,9311.42,wallet,2026-01-08,UTR202601080001
STL0004144,pay0000001030,ORD0004144,payment,611.16,12.22,2.20,596.74,wallet,2026-01-13,UTR202601130001
STL0004144X,,,refund,-484.25,0.00,0.00,-484.25,wallet,2026-01-13,UTR202601130001
STL0004145,pay0000001031,ORD0004145,payment,2101.40,42.03,7.57,2051.80,card_credit,2026-01-26,UTR202601260001
STL0004146,pay0000001032,ORD0004146,payment,4907.49,98.15,17.67,4791.67,card_credit,2026-01-25,UTR202601250001
STL0004147,pay0000001033,ORD0004147,payment,7205.55,144.11,25.94,7035.50,card_debit,2026-01-17,UTR202601170001
STL0004148,pay0000001034,ORD0004148,payment,5683.84,113.68,20.46,5549.70,netbanking,2026-01-11,UTR202601110001
STL0004149,pay0000001035,ORD0004149,payment,4146.57,82.93,14.93,4048.71,upi,2026-01-29,UTR202601290001
STL0004150,pay0000001036,ORD0004150,payment,1480.43,29.61,5.33,1445.49,card_debit,2026-01-16,UTR202601160001
STL0004151,pay0000001037,ORD0004151,payment,3741.37,74.83,13.47,3653.07,netbanking,2026-01-14,UTR202601140001
STL0004152,pay0000001038,ORD0004152,payment,3471.00,69.42,12.50,3389.08,card_credit,2026-01-18,UTR202601180001
STL0004153,pay0000001039,ORD0004153,payment,3763.87,75.28,13.55,3675.04,card_credit,2026-01-17,UTR202601170001
STL0004154,pay000000103a,ORD0004154,payment,2884.36,57.69,10.38,2816.29,wallet,2026-01-03,UTR202601030001
STL0004155,pay000000103b,ORD0004155,payment,5468.28,109.37,19.69,5339.22,card_debit,2026-01-29,UTR202601290001
STL0004156,pay000000103c,ORD0004156,payment,607.82,12.16,2.19,593.47,card_credit,2026-01-14,UTR202601140001
STL0004157,pay000000103d,ORD0004157,payment,1121.85,22.44,4.04,1095.37,card_credit,2026-01-07,UTR202601070001
STL0004158,pay000000103e,ORD0004158,payment,8077.35,161.55,29.08,7886.72,upi,2026-01-19,UTR202601190001
STL0004159,pay000000103f,ORD0004159,payment,8897.23,177.94,32.03,8687.26,netbanking,2026-01-30,UTR202601300001
STL0004160,pay0000001040,ORD0004160,payment,4469.84,89.40,16.09,4364.35,card_credit,2026-01-02,UTR202601020001
STL0004161,pay0000001041,ORD0004161,payment,9098.91,181.98,32.76,8884.17,card_debit,2026-01-03,UTR202601030001
STL0004162,pay0000001042,ORD0004162,payment,482.96,9.66,1.74,471.56,card_debit,2026-01-22,UTR202601220001
STL0004163,pay0000001043,ORD0004163,payment,5380.99,107.62,19.37,5254.00,upi,2026-01-22,UTR202601220001
STL0004164,pay0000001044,ORD0004164,payment,3494.49,69.89,12.58,3412.02,wallet,2026-01-27,UTR202601270001
STL0004165,pay0000001045,ORD0004165,payment,6387.82,127.76,23.00,6237.06,card_debit,2026-01-26,UTR202601260001
STL0004166,pay0000001046,ORD0004166,payment,6069.82,121.40,21.85,5926.57,wallet,2026-01-02,UTR202601020001
STL0004167,pay0000001047,ORD0004167,payment,5088.40,101.77,18.32,4968.31,card_credit,2026-01-29,UTR202601290001
STL0004168,pay0000001048,ORD0004168,payment,5827.09,116.54,20.98,5689.57,netbanking,2026-01-11,UTR202601110001
STL0004169,pay0000001049,ORD0004169,payment,5527.08,110.54,19.90,5396.64,netbanking,2026-01-02,UTR202601020001
STL0004170,pay000000104a,ORD0004170,payment,7906.13,158.12,28.46,7719.55,netbanking,2026-01-28,UTR202601280001
STL0004171,pay000000104b,ORD0004171,payment,5346.85,106.94,19.25,5220.66,card_debit,2026-01-04,UTR202601040001
STL0004172,pay000000104c,ORD0004172,payment,7102.08,142.04,25.57,6934.47,wallet,2026-02-02,
STL0004173,pay000000104d,ORD0004173,payment,16.42,0.33,0.06,16.03,upi,2026-01-07,UTR202601070001
STL0004174,pay000000104e,ORD0004174,payment,948.96,18.98,3.42,926.56,card_credit,2026-01-13,UTR202601130001
STL0004175,pay000000104f,ORD0004175,payment,6406.80,128.14,23.07,6255.59,card_credit,2026-01-28,UTR202601280001
STL0004176,pay0000001050,ORD0004176,payment,2389.01,47.78,8.60,2332.63,netbanking,2026-01-06,UTR202601060001
STL0004177,pay0000001051,ORD0004177,payment,4585.03,91.70,16.51,4476.82,upi,2026-01-17,UTR202601170001
STL0004178,pay0000001052,ORD0004178,payment,704.33,14.09,2.54,687.70,wallet,2026-01-19,UTR202601190001
STL0004179,pay0000001053,ORD0004179,payment,2117.53,42.35,7.62,2067.56,card_debit,2026-01-04,UTR202601040001
STL0004180,pay0000001054,ORD0004180,payment,3360.44,67.21,12.10,3281.13,wallet,2026-01-28,UTR202601280001
STL0004181,pay0000001055,ORD0004181,payment,2903.82,58.08,10.45,2835.29,card_debit,2026-01-05,UTR202601050001
STL0004182,pay0000001056,ORD0004182,payment,9353.05,187.06,33.67,9132.32,card_credit,2026-01-17,UTR202601170001
STL0004183,pay0000001057,ORD0004183,payment,3955.44,79.11,14.24,3862.09,netbanking,2026-01-25,UTR202601250001
STL0004184,pay0000001058,ORD0004184,payment,3072.45,61.45,11.06,2999.94,card_debit,2026-01-19,UTR202601190001
STL0004185,pay0000001059,ORD0004185,payment,4030.99,80.62,14.51,3935.86,card_debit,2026-01-16,UTR202601160001
STL0004186,pay000000105a,ORD0004186,payment,6739.39,134.79,24.26,6580.34,wallet,2026-01-23,UTR202601230001
STL0004187,pay000000105b,ORD0004187,payment,8375.03,167.50,30.15,8177.38,wallet,2026-01-28,UTR202601280001
STL0004188,pay000000105c,ORD0004188,payment,8172.77,163.46,29.42,7979.89,card_credit,2026-01-07,UTR202601070001
STL0004189,pay000000105d,ORD0004189,payment,4349.45,86.99,15.66,4246.80,card_debit,2026-01-22,UTR202601220001
STL0004190,pay000000105e,ORD0004190,payment,4830.21,96.60,17.39,4716.22,netbanking,2026-02-03,
STL0004191,pay000000105f,ORD0004191,payment,287.85,5.76,1.04,281.05,wallet,2026-01-07,UTR202601070001
STL0004191X,,,refund,-285.76,0.00,0.00,-285.76,wallet,2026-01-07,UTR202601070001
STL0004192,pay0000001060,ORD0004192,payment,3322.25,66.45,11.96,3243.84,wallet,2026-01-30,UTR202601300001
STL0004193,pay0000001061,ORD0004193,payment,4702.84,94.06,16.93,4591.85,netbanking,2026-01-04,UTR202601040001
STL0004194,pay0000001062,ORD0004194,payment,7379.28,147.59,26.57,7205.12,netbanking,2026-01-11,UTR202601110001
STL0004195,pay0000001063,ORD0004195,payment,3296.21,65.92,11.87,3218.42,wallet,2026-01-10,UTR202601100001
STL0004196,pay0000001064,ORD0004196,payment,422.24,8.44,1.52,412.28,netbanking,2026-01-28,UTR202601280001
STL0004197A,pay0000001065,ORD0004197,payment,2222.26,44.45,8.00,2169.81,wallet,2026-01-21,UTR202601210001
STL0004197B,pay0000001065,ORD0004197,payment,1481.51,29.63,5.33,1446.55,wallet,2026-01-21,UTR202601210001
STL0004198,pay0000001066,ORD0004198,payment,3880.47,77.61,13.97,3788.89,wallet,2026-01-19,UTR202601190001
STL0004199,pay0000001067,ORD0004199,payment,2768.77,55.38,9.97,2703.42,card_debit,2026-01-20,UTR202601200001
STL0004200,pay0000001068,ORD0004200,payment,9035.80,180.72,32.53,8822.55,netbanking,2026-01-07,UTR202601070001
STL0004201,pay0000001069,ORD0004201,payment,4190.37,83.81,15.09,4091.47,wallet,2026-01-23,UTR202601230001
STL0004201X,,,adjustment,488.80,0.00,0.00,488.80,wallet,2026-01-23,UTR202601230001
STL0004202,pay000000106a,ORD0004202,payment,930.00,18.60,3.35,908.05,wallet,2026-01-21,UTR202601210001
STL0004203,pay000000106b,ORD0004203,payment,4062.63,81.25,14.63,3966.75,upi,2026-01-22,UTR202601220001
STL0004205,pay000000106d,ORD0004205,payment,4772.68,95.45,17.18,4660.05,card_debit,2026-01-21,UTR202601210001
STL0004206,pay000000106e,ORD0004206,payment,1514.72,30.29,5.45,1478.98,wallet,2026-01-15,UTR202601150001
STL0004207,pay000000106f,ORD0004207,payment,8913.04,178.26,32.09,8702.69,upi,2026-01-16,UTR202601160001
STL0004208,pay0000001070,ORD0004208,payment,3320.41,66.41,11.95,3242.05,netbanking,2026-01-04,UTR202601040001
STL0004209,pay0000001071,ORD0004209,payment,4343.64,86.87,15.64,4241.13,card_credit,2026-01-19,UTR202601190001
STL0004210,pay0000001072,ORD0004210,payment,144.14,2.88,0.52,140.74,upi,2026-01-27,UTR202601270001
STL0004211,pay0000001073,ORD0004211,payment,8811.61,176.23,31.72,8603.66,card_credit,2026-01-28,UTR202601280001
STL0004212,pay0000001074,ORD0004212,payment,452.82,9.06,1.63,442.13,upi,2026-01-25,UTR202601250001
STL0004213,pay0000001075,ORD0004213,payment,6754.76,135.10,24.32,6595.34,wallet,2026-01-06,UTR202601060001
STL0004214,pay0000001076,ORD0004214,payment,7755.55,155.11,27.92,7572.52,card_credit,2026-01-11,UTR202601110001
STL0004215,pay0000001077,ORD0004215,payment,3267.95,65.36,11.76,3190.83,upi,2026-01-13,UTR202601130001
STL0004216,pay0000001078,ORD0004216,payment,3269.88,65.40,11.77,3192.71,upi,2026-01-05,UTR202601050001
STL0004217,pay0000001079,ORD0004217,payment,7361.39,147.23,26.50,7187.66,card_credit,2026-01-05,UTR202601050001
STL0004218,pay000000107a,ORD0004218,payment,2085.92,41.72,7.51,2036.69,netbanking,2026-01-15,UTR202601150001
STL0004219,pay000000107b,ORD0004219,payment,8146.60,162.93,29.33,7954.34,wallet,2026-01-19,UTR202601190001
STL0004220,pay000000107c,ORD0004220,payment,9215.07,184.30,33.17,8997.60,card_debit,2026-01-16,UTR202601160001
STL0004221,pay000000107d,ORD0004221,payment,3177.49,63.55,11.44,3102.50,wallet,2026-01-28,UTR202601280001
STL0004222,pay000000107e,ORD0004222,payment,4325.27,86.51,15.57,4223.19,netbanking,2026-01-17,UTR202601170001
STL0004223,pay000000107f,ORD0004223,payment,4485.28,89.71,16.15,4379.42,card_debit,2026-01-12,UTR202601120001
STL0004224,pay0000001080,ORD0004224,payment,6434.40,128.69,23.16,6282.55,wallet,2026-01-13,UTR202601130001
STL0004225,pay0000001081,ORD0004225,payment,9112.97,182.26,32.81,8897.90,card_credit,2026-01-06,UTR202601060001
STL0004226,pay0000001082,ORD0004226,payment,9620.40,515.66,34.63,9070.11,card_debit,2026-01-08,UTR202601080001
STL0004227,pay0000001083,ORD0004227,payment,8121.22,162.42,29.24,7929.56,card_debit,2026-01-25,UTR202601250001
STL0004228,pay0000001084,ORD0004228,payment,935.38,18.71,3.37,913.30,card_credit,2026-01-14,UTR202601140001
STL0004229,pay0000001085,ORD0004229,payment,8620.57,172.41,31.03,8417.13,upi,2026-01-10,UTR202601100001
STL0004230,pay0000001086,ORD0004230,payment,7726.58,154.53,27.82,7544.23,card_credit,2026-01-14,UTR202601140001
STL0004231,pay0000001087,ORD0004231,payment,6119.01,122.38,22.03,5974.60,card_debit,2026-01-16,UTR202601160001
STL0004232,pay0000001088,ORD0004232,payment,8338.12,166.76,30.02,8141.34,netbanking,2026-01-15,UTR202601150001
STL0004233,pay0000001089,ORD0004233,payment,1287.74,25.75,4.64,1257.35,upi,2026-01-14,UTR202601140001
STL0004234,pay000000108a,ORD0004234,payment,5112.15,102.24,18.40,4991.51,netbanking,2026-01-10,
STL0004235,pay000000108b,ORD0004235,payment,1699.09,33.98,6.12,1658.99,upi,2026-01-09,UTR202601090001
STL0004236,pay000000108c,ORD0004236,payment,5791.16,115.82,20.85,5654.49,card_debit,2026-01-04,UTR202601040001
STL0004237,pay000000108d,ORD0004237,payment,3149.17,62.98,11.34,3074.85,netbanking,2026-01-29,UTR202601290001
STL0004238,pay000000108e,ORD0004238,payment,619.18,12.38,2.23,604.57,card_debit,2026-01-26,UTR202601260001
STL0004239,pay000000108f,ORD0004239,payment,8507.49,170.15,30.63,8306.71,card_debit,2026-01-18,UTR202601180001
STL0004240,pay0000001090,ORD0004240,payment,7543.90,150.88,27.16,7365.86,card_debit,2026-01-08,UTR202601080001
STL0004241,pay0000001091,ORD0004241,payment,8085.85,161.72,29.11,7895.02,card_credit,2026-01-04,UTR202601040001
STL0004242,pay0000001092,ORD0004242,payment,7859.89,157.20,28.30,7674.39,upi,2026-01-02,UTR202601020001
STL0004243,pay0000001093,ORD0004243,payment,1982.69,39.65,7.14,1935.90,upi,2026-01-16,UTR202601160001
STL0004244,pay0000001094,ORD0004244,payment,3963.93,79.28,14.27,3870.38,upi,2026-01-15,UTR202601150001
STL0004245,pay0000001095,ORD0004245,payment,3291.73,65.83,11.85,3214.05,card_credit,2026-01-25,UTR202601250001
STL0004246,pay0000001096,ORD0004246,payment,9967.83,199.36,35.88,9732.59,card_debit,2026-01-03,UTR202601030001
STL0004247,pay0000001097,ORD0004247,payment,2313.75,46.28,8.33,2259.14,netbanking,2026-01-10,UTR202601100001
STL0004248,pay0000001098,ORD0004248,payment,5811.24,116.22,20.92,5674.10,wallet,2026-01-10,UTR202601100001
STL0004249,pay0000001099,ORD0004249,payment,988.43,19.77,3.56,965.10,card_credit,2026-01-17,UTR202601170001
STL0004251,pay000000109b,ORD0004251,payment,2577.29,51.55,9.28,2516.46,card_credit,2026-01-27,UTR202601270001
STL0004252,pay000000109c,ORD0004252,payment,9525.70,190.51,34.29,9300.90,card_debit,2026-01-14,UTR202601140001
STL0004253,pay000000109d,ORD0004253,payment,3957.02,79.14,14.25,3863.63,netbanking,2026-01-30,UTR202601300001
STL0004254,pay000000109e,ORD0004254,payment,7886.18,157.72,28.39,7700.07,wallet,2026-01-06,UTR202601060001
STL0004255,pay000000109f,ORD0004255,payment,7873.91,157.48,28.35,7688.08,card_credit,2026-01-15,UTR202601150001
STL0004256,pay00000010a0,ORD0004256,payment,7952.50,159.05,28.63,7764.82,netbanking,2026-01-09,UTR202601090001
STL0004257,,,payment,9240.84,184.82,33.27,9022.75,upi,2026-01-12,UTR202601120001
STL0004258,pay00000010a2,ORD0004258,payment,8318.24,166.36,29.94,8121.94,card_credit,2026-01-28,UTR202601280001
STL0004259,pay00000010a3,ORD0004259,payment,7645.00,152.90,27.52,7464.58,card_credit,2026-01-26,UTR202601260001
STL0004260,pay00000010a4,ORD0004260,payment,2687.44,53.75,9.68,2624.01,card_debit,2026-01-19,UTR202601190001
STL0004261,pay00000010a5,ORD0004261,payment,5624.77,112.50,20.25,5492.02,card_debit,2026-01-10,UTR202601100001
STL0004262,pay00000010a6,ORD0004262,payment,698.15,13.96,2.51,681.68,upi,2026-01-11,UTR202601110001
STL0004263,pay00000010a7,ORD0004263,payment,5061.25,101.23,18.22,4941.80,upi,2026-01-12,UTR202601120001
STL0004263X,,,refund,-390.58,0.00,0.00,-390.58,upi,2026-01-12,UTR202601120001
STL0004264,pay00000010a8,ORD0004264,payment,4807.35,96.15,17.31,4693.89,card_credit,2026-01-20,UTR202601200001
STL0004265,pay00000010a9,ORD0004265,payment,1410.22,28.20,5.08,1376.94,wallet,2026-01-24,UTR202601240001
STL0004266,pay00000010aa,ORD0004266,payment,2562.05,51.24,9.22,2501.59,netbanking,2026-01-17,UTR202601170001
STL0004267,pay00000010ab,ORD0004267,payment,7327.88,146.56,26.38,7154.94,upi,2026-01-18,UTR202601180001
STL0004267X,,,refund,-319.85,0.00,0.00,-319.85,upi,2026-01-18,UTR202601180001
STL0004268,pay00000010ac,ORD0004268,payment,2555.22,51.10,9.20,2494.92,upi,2026-01-06,UTR202601060001
STL0004269,pay00000010ad,ORD0004269,payment,9843.98,196.88,35.44,9611.66,netbanking,2026-01-05,UTR202601050001
STL0004270,pay00000010ae,ORD0004270,payment,1796.28,35.93,6.47,1753.88,netbanking,2026-01-22,UTR202601220001
STL0004271,pay00000010af,ORD0004271,payment,818.86,16.38,2.95,799.53,wallet,2026-01-19,UTR202601190001
STL0004272,pay00000010b0,ORD0004272,payment,6620.06,132.40,23.83,6463.83,card_debit,2026-01-19,UTR202601190001
STL0004273,pay00000010b1,ORD0004273,payment,4767.01,95.34,17.16,4654.51,wallet,2026-01-30,UTR202601300001
STL0004274,pay00000010b2,ORD0004274,payment,29.11,0.58,0.10,28.43,card_debit,2026-01-08,UTR202601080001
STL0004275,pay00000010b3,ORD0004275,payment,8484.15,169.68,30.54,8283.93,card_debit,2026-01-26,UTR202601260001
STL0004276,pay00000010b4,ORD0004276,payment,2062.05,41.24,7.42,2013.39,card_debit,2026-01-02,UTR202601020001
STL0004277,pay00000010b5,ORD0004277,payment,1945.06,38.90,7.00,1899.16,card_credit,2026-01-19,UTR202601190001
STL0004278,pay00000010b6,ORD0004278,payment,202.83,4.06,0.73,198.04,card_debit,2026-01-23,UTR202601230001
STL0004279,pay00000010b7,ORD0004279,payment,1007.19,20.14,3.63,983.42,upi,2026-01-05,UTR202601050001
STL0004280,pay00000010b8,ORD0004280,payment,5042.35,100.85,18.15,4923.35,card_credit,2026-01-03,UTR202601030001
STL0004281,pay00000010b9,ORD0004281,payment,6179.26,123.59,22.25,6033.42,netbanking,2026-01-20,UTR202601200001
STL0004282,pay00000010ba,ORD0004282,payment,2624.85,52.50,9.45,2562.90,card_debit,2026-01-08,UTR202601080001
STL0004283,pay00000010bb,ORD0004283,payment,2918.73,58.37,10.51,2849.85,wallet,2026-01-03,UTR202601030001
STL0004284,pay00000010bc,ORD0004284,payment,6976.34,139.53,25.12,6811.69,card_debit,2026-01-08,UTR202601080001
STL0004285,pay00000010bd,ORD0004285,payment,1007.49,20.15,3.63,983.71,upi,2026-01-23,UTR202601230001
STL0004286,pay00000010be,ORD0004286,payment,2689.62,53.79,9.68,2626.15,wallet,2026-01-19,UTR202601190001
STL0004287,pay00000010bf,ORD0004287,payment,1832.76,36.66,6.60,1789.50,upi,2026-01-14,UTR202601140001
STL0004288,pay00000010c0,ORD0004288,payment,1665.14,33.30,5.99,1625.85,card_credit,2026-01-10,UTR202601100001
STL0004289,pay00000010c1,ORD0004289,payment,2275.98,45.52,8.19,2222.27,card_credit,2026-01-12,UTR202601120001
STL0004290,pay00000010c2,ORD0004290,payment,3129.22,62.58,11.26,3055.38,card_debit,2026-01-21,UTR202601210001
STL0004291,pay00000010c3,ORD0004291,payment,5373.69,107.47,19.34,5246.88,card_debit,2026-01-16,UTR202601160001
STL0004292,pay00000010c4,ORD0004292,payment,7656.27,153.13,27.56,7475.58,netbanking,2026-01-28,UTR202601280001
STL0004293,pay00000010c5,ORD0004293,payment,4970.56,99.41,17.89,4853.26,wallet,2026-01-24,UTR202601240001
STL0004294,pay00000010c6,ORD0004294,payment,6559.50,131.19,23.61,6404.70,card_debit,2026-01-14,UTR202601140001
STL0004295,pay00000010c7,ORD0004295,payment,8758.92,175.18,31.53,8552.21,card_debit,2026-01-28,UTR202601280001
STL0004296,pay00000010c8,ORD0004296,payment,4244.22,84.88,15.28,4144.06,card_credit,2026-01-13,UTR202601130001
STL0004297,pay00000010c9,ORD0004297,payment,9413.09,188.26,33.89,9190.94,wallet,2026-01-14,UTR202601140001
STL0004297X,,,adjustment,277.95,0.00,0.00,277.95,wallet,2026-01-14,UTR202601140001
STL0004298,pay00000010ca,ORD0004298,payment,3152.26,63.05,11.35,3077.86,card_debit,2026-01-06,UTR202601060001
STL0004299,pay00000010cb,ORD0004299,payment,8907.36,178.15,32.07,8697.14,netbanking,2026-01-21,UTR202601210001
STL0004300,pay00000010cc,ORD0004300,payment,9955.69,199.11,35.84,9720.74,card_credit,2026-01-12,UTR202601120001
STL0004301,pay00000010cd,ORD0004301,payment,3549.85,71.00,12.78,3466.07,wallet,2026-01-10,UTR202601100001
STL0004302,pay00000010ce,ORD0004302,payment,3560.55,71.21,12.82,3476.52,card_debit,2026-01-26,UTR202601260001
STL0004303,pay00000010cf,ORD0004303,payment,7419.20,148.38,26.71,7244.11,card_debit,2026-01-28,UTR202601280001
STL0004304,pay00000010d0,ORD0004304,payment,3557.10,71.14,12.81,3473.15,netbanking,2026-01-19,UTR202601190001
STL0004305,pay00000010d1,ORD0004305,payment,7322.40,146.45,26.36,7149.59,wallet,2026-01-17,UTR202601170001
STL0004306,pay00000010d2,ORD0004306,payment,3402.19,68.04,12.25,3321.90,netbanking,2026-01-11,UTR202601110001
STL0004307,pay00000010d3,ORD0004307,payment,5250.09,105.00,18.90,5126.19,wallet,2026-01-27,UTR202601270001
STL0004307X,,,chargeback,-262.75,0.00,0.00,-262.75,wallet,2026-01-27,UTR202601270001
STL0004308,pay00000010d4,ORD0004308,payment,7667.24,153.34,27.60,7486.30,netbanking,2026-01-21,UTR202601210001
STL0004309,pay00000010d5,ORD0004309,payment,2483.45,49.67,8.94,2424.84,card_credit,2026-01-21,UTR202601210001
STL0004310,pay00000010d6,ORD0004310,payment,7070.41,141.41,25.45,6903.55,wallet,2026-01-19,UTR202601190001
STL0004311,pay00000010d7,ORD0004311,payment,7288.80,145.78,26.24,7116.78,upi,2026-01-16,UTR202601160001
STL0004312,pay00000010d8,ORD0004312,payment,2188.33,43.77,7.88,2136.68,netbanking,2026-01-17,UTR202601170001
STL0004313,pay00000010d9,ORD0004313,payment,8131.62,162.63,29.27,7939.72,wallet,2026-01-29,UTR202601290001
STL0004314,pay00000010da,ORD0004314,payment,8545.84,170.92,30.77,8344.15,netbanking,2026-01-17,UTR202601170001
STL0004315,pay00000010db,ORD0004315,payment,6022.15,120.44,21.68,5880.03,card_credit,2026-01-08,UTR202601080001
STL0004316,pay00000010dc,ORD0004316,payment,2065.02,41.30,7.43,2016.29,netbanking,2026-01-21,UTR202601210001
STL0004317,pay00000010dd,ORD0004317,payment,6741.51,134.83,24.27,6582.41,card_debit,2026-01-12,UTR202601120001
STL0004318,pay00000010de,ORD0004318,payment,7371.57,147.43,26.54,7197.60,card_debit,2026-01-12,UTR202601120001
STL0004319,pay00000010df,ORD0004319,payment,2010.45,40.21,7.24,1963.00,wallet,2026-01-21,UTR202601210001
STL0004320,pay00000010e0,ORD0004320,payment,6177.24,123.54,22.24,6031.46,netbanking,2026-01-22,UTR202601220001
STL0004321,pay00000010e1,ORD0004321,payment,2755.04,55.10,9.92,2690.02,card_debit,2026-01-18,UTR202601180001
STL0004322,pay00000010e2,ORD0004322,payment,7371.41,147.43,26.54,7197.44,upi,2026-01-15,UTR202601150001
STL0004323,pay00000010e3,ORD0004323,payment,4739.29,94.79,17.06,4627.44,wallet,2026-01-25,UTR202601250001
STL0004324,pay00000010e4,ORD0004324,payment,3451.00,187.04,12.42,3251.54,netbanking,2026-01-09,UTR202601090001
STL0004325,pay00000010e5,ORD0004325,payment,293.77,5.88,1.06,286.83,card_debit,2026-01-07,UTR202601070001
STL0004326,pay00000010e6,ORD0004326,payment,2858.26,57.17,10.29,2790.80,card_debit,2026-01-25,UTR202601250001
STL0004327,pay00000010e7,ORD0004327,payment,2858.96,57.18,10.29,2791.49,netbanking,2026-01-12,UTR202601120001
STL0004328,pay00000010e8,ORD0004328,payment,6891.95,137.84,24.81,6729.30,wallet,2026-01-28,UTR202601280001
STL0004329,pay00000010e9,ORD0004329,payment,2956.18,59.12,10.64,2886.42,upi,2026-01-05,UTR202601050001
STL0004330,pay00000010ea,ORD0004330,payment,9029.33,180.59,32.51,8816.23,upi,2026-01-15,UTR202601150001
STL0004331,pay00000010eb,ORD0004331,payment,1092.68,21.85,3.93,1066.90,wallet,2026-01-16,UTR202601160001
STL0004332,pay00000010ec,ORD0004332,payment,875.71,17.51,3.15,855.05,card_debit,2026-01-27,UTR202601270001
STL0004333,pay00000010ed,ORD0004333,payment,410.30,8.21,1.48,400.61,netbanking,2026-01-07,UTR202601070001
STL0004334,pay00000010ee,ORD0004334,payment,4243.32,84.87,15.28,4143.17,wallet,2026-01-19,UTR202601190001
STL0004335,pay00000010ef,ORD0004335,payment,2589.19,51.78,9.32,2528.09,card_credit,2026-01-11,UTR202601110001
STL0004336,pay00000010f0,ORD0004336,payment,7792.96,155.86,28.05,7609.05,card_debit,2026-01-13,UTR202601130001
STL0004337,pay00000010f1,ORD0004337,payment,2202.07,44.04,7.93,2150.10,upi,2026-01-13,UTR202601130001
STL0004338,pay00000010f2,ORD0004338,payment,5934.42,118.69,21.36,5794.37,upi,2026-01-25,UTR202601250001
STL0004339,pay00000010f3,ORD0004339,payment,5704.48,114.09,20.54,5569.85,netbanking,2026-01-15,UTR202601150001
STL0004339X,,,refund,-61.62,0.00,0.00,-61.62,netbanking,2026-01-15,UTR202601150001
STL0004340,pay00000010f4,ORD0004340,payment,8296.25,165.93,29.87,8100.45,upi,2026-01-17,UTR202601170001
STL0004341,pay00000010f5,ORD0004341,payment,3249.68,64.99,11.70,3172.99,netbanking,2026-01-29,UTR202601290001
STL0004342,pay00000010f6,ORD0004342,payment,50.17,1.00,0.18,48.99,upi,2026-01-09,UTR202601090001
STL0004343,pay00000010f7,ORD0004343,payment,1255.22,25.10,4.52,1225.60,card_credit,2026-01-08,UTR202601080001
STL0004344,pay00000010f8,ORD0004344,payment,9532.76,190.66,34.32,9307.78,card_debit,2026-01-19,UTR202601190001
STL0004345,pay00000010f9,ORD0004345,payment,5000.80,100.02,18.00,4882.78,card_credit,2026-01-19,UTR202601190001
STL0004346,pay00000010fa,ORD0004346,payment,1971.31,39.43,7.10,1924.78,upi,2026-02-02,
STL0004347,pay00000010fb,ORD0004347,payment,6450.24,129.00,23.22,6298.02,card_credit,2026-01-07,UTR202601070001
STL0004348,pay00000010fc,ORD0004348,payment,6730.72,134.61,24.23,6571.88,upi,2026-01-07,UTR202601070001
STL0004349,pay00000010fd,ORD0004349,payment,9652.75,193.06,34.75,9424.94,netbanking,2026-01-12,UTR202601120001
STL0004350,pay00000010fe,ORD0004350,payment,4548.92,90.98,16.38,4441.56,netbanking,2026-01-23,UTR202601230001
STL0004351,pay00000010ff,ORD0004351,payment,8541.96,170.84,30.75,8340.37,card_debit,2026-01-14,UTR202601140001
STL0004352,pay0000001100,ORD0004352,payment,5214.83,104.30,18.77,5091.76,upi,2026-01-25,UTR202601250001
STL0004353,pay0000001101,ORD0004353,payment,3814.31,76.29,13.73,3724.29,netbanking,2026-01-11,UTR202601110001
STL0004354,pay0000001102,ORD0004354,payment,6267.20,125.34,22.56,6119.30,card_credit,2026-01-26,UTR202601260001
STL0004355,pay0000001103,ORD0004355,payment,6343.73,126.87,22.84,6194.02,card_debit,2026-01-13,UTR202601130001
STL0004356,pay0000001104,ORD0004356,payment,326.13,6.52,1.17,318.44,card_credit,2026-01-15,UTR202601150001
STL0004357,pay0000001105,ORD0004357,payment,3652.66,73.05,13.15,3566.46,card_credit,2026-01-24,UTR202601240001
STL0004358,pay0000001106,ORD0004358,payment,3111.34,62.23,11.20,3037.91,upi,2026-01-08,UTR202601080001
STL0004359,pay0000001107,ORD0004359,payment,4091.47,81.83,14.73,3994.91,card_credit,2026-01-16,UTR202601160001
STL0004360,pay0000001108,ORD0004360,payment,276.47,5.53,1.00,269.94,netbanking,2026-01-10,
STL0004361,pay0000001109,ORD0004361,payment,3088.44,61.77,11.12,3015.55,upi,2026-01-22,UTR202601220001
STL0004362,pay000000110a,ORD0004362,payment,3969.38,79.39,14.29,3875.70,card_credit,2026-01-18,UTR202601180001
STL0004362X,,,refund,-296.68,0.00,0.00,-296.68,card_credit,2026-01-18,UTR202601180001
STL0004363,pay000000110b,ORD0004363,payment,8163.22,163.26,29.39,7970.57,upi,2026-01-27,UTR202601270001
STL0004364,pay000000110c,ORD0004364,payment,8527.10,170.54,30.70,8325.86,upi,2026-01-17,UTR202601170001
STL0004365,pay000000110d,ORD0004365,payment,8437.72,168.75,30.38,8238.59,wallet,2026-01-26,UTR202601260001
STL0004366,pay000000110e,ORD0004366,payment,4951.26,99.03,17.83,4834.40,upi,2026-01-17,UTR202601170001
STL0004367,pay000000110f,ORD0004367,payment,9129.51,182.59,32.87,8914.05,card_debit,2026-01-27,UTR202601270001
STL0004368,pay0000001110,ORD0004368,payment,1902.72,38.05,6.85,1857.82,wallet,2026-01-07,UTR202601070001
STL0004369,pay0000001111,ORD0004369,payment,3431.13,68.62,12.35,3350.16,wallet,2026-01-07,UTR202601070001
STL0004370,pay0000001112,ORD0004370,payment,3120.95,62.42,11.24,3047.29,upi,2026-01-03,UTR202601030001
STL0004371,pay0000001113,ORD0004371,payment,5816.67,116.33,20.94,5679.40,card_debit,2026-01-10,UTR202601100001
STL0004372,pay0000001114,ORD0004372,payment,8202.29,164.05,29.53,8008.71,card_credit,2026-01-05,UTR202601050001
STL0004373,pay0000001115,ORD0004373,payment,8666.68,173.33,31.20,8462.15,netbanking,2026-01-27,UTR202601270001
STL0004374,pay0000001116,ORD0004374,payment,1732.34,34.65,6.24,1691.45,upi,2026-01-26,UTR202601260001
STL0004375,pay0000001117,ORD0004375,payment,4583.92,91.68,16.50,4475.74,card_credit,2026-01-13,UTR202601130001
STL0004376,pay0000001118,ORD0004376,payment,5840.58,116.81,21.03,5702.74,upi,2026-01-03,UTR202601030001
STL0004377,pay0000001119,ORD0004377,payment,5672.02,113.44,20.42,5538.16,upi,2026-01-03,UTR202601030001
STL0004378,pay000000111a,ORD0004378,payment,9547.39,190.95,34.37,9322.07,upi,2026-01-25,UTR202601250001
STL0004379,pay000000111b,ORD0004379,payment,9144.25,182.89,32.92,8928.44,upi,2026-01-28,UTR202601280001
STL0004380,pay000000111c,ORD0004380,payment,2758.94,55.18,9.93,2693.83,netbanking,2026-01-12,UTR202601120001
STL0004381A,pay000000111d,ORD0004381,payment,5563.30,111.27,20.03,5432.00,card_debit,2026-01-22,UTR202601220001
STL0004381B,pay000000111d,ORD0004381,payment,3708.86,74.18,13.35,3621.33,card_debit,2026-01-22,UTR202601220001
STL0004382,pay000000111e,ORD0004382,payment,5829.47,116.59,20.99,5691.89,card_debit,2026-01-22,UTR202601220001
STL0004383,pay000000111f,ORD0004383,payment,5223.99,104.48,18.81,5100.70,netbanking,2026-01-19,UTR202601190001
STL0004384,pay0000001120,ORD0004384,payment,8111.63,162.23,29.20,7920.20,wallet,2026-01-05,UTR202601050001
STL0004385,pay0000001121,ORD0004385,payment,7541.37,150.83,27.15,7363.39,netbanking,2026-01-16,UTR202601160001
STL0004386,pay0000001122,ORD0004386,payment,149.08,2.98,0.54,145.56,card_credit,2026-01-13,UTR202601130001
STL0004387,pay0000001123,ORD0004387,payment,8228.43,164.57,29.62,8034.24,wallet,2026-01-13,UTR202601130001
STL0004388,pay0000001124,ORD0004388,payment,1961.35,39.23,7.06,1915.06,wallet,2026-01-21,UTR202601210001
STL0004389,pay0000001125,ORD0004389,payment,5944.54,118.89,21.40,5804.25,card_credit,2026-01-23,UTR202601230001
STL0004390,pay0000001126,ORD0004390,payment,5455.72,109.11,19.64,5326.97,upi,2026-01-22,UTR202601220001
STL0004391,pay0000001127,ORD0004391,payment,4078.79,81.58,14.68,3982.53,card_debit,2026-01-12,UTR202601120001
STL0004392,pay0000001128,ORD0004392,payment,2871.47,57.43,10.34,2803.70,upi,2026-01-13,UTR202601130001
STL0004393,pay0000001129,ORD0004393,payment,1513.91,30.28,5.45,1478.18,netbanking,2026-01-16,UTR202601160001
STL0004394,pay000000112a,ORD0004394,payment,729.69,14.59,2.63,712.47,card_debit,2026-01-12,UTR202601120001
STL0004395,pay000000112b,ORD0004395,payment,5374.00,107.48,19.35,5247.17,netbanking,2026-01-12,UTR202601120001
STL0004396,pay000000112c,ORD0004396,payment,1690.36,33.81,6.09,1650.46,card_credit,2026-01-23,UTR202601230001
STL0004397,pay000000112d,ORD0004397,payment,8785.39,175.71,31.63,8578.05,wallet,2026-01-17,UTR202601170001
STL0004398,pay000000112e,ORD0004398,payment,1936.32,38.73,6.97,1890.62,card_debit,2026-01-10,UTR202601100001
STL0004399,pay000000112f,ORD0004399,payment,5376.68,107.53,19.36,5249.79,netbanking,2026-01-02,UTR202601020001
STL0004400,pay0000001130,ORD0004400,payment,3232.66,64.65,11.64,3156.37,netbanking,2026-01-05,UTR202601050001
STL0004401,pay0000001131,ORD0004401,payment,3440.43,68.81,12.39,3359.23,card_credit,2026-01-20,UTR202601200001
STL0004402,pay0000001132,ORD0004402,payment,6138.74,122.77,22.10,5993.87,wallet,2026-01-03,UTR202601030001
STL0004403,,,payment,161.72,3.23,0.58,157.91,netbanking,2026-01-08,UTR202601080001
STL0004404,pay0000001134,ORD0004404,payment,2237.36,44.75,8.06,2184.55,wallet,2026-01-10,UTR202601100001
STL0004405,pay0000001135,ORD0004405,payment,1905.89,38.12,6.86,1860.91,wallet,2026-01-11,UTR202601110001
STL0004406,pay0000001136,ORD0004406,payment,1465.66,29.31,5.28,1431.07,card_credit,2026-01-18,UTR202601180001
STL0004406X,,,chargeback,-401.55,0.00,0.00,-401.55,card_credit,2026-01-18,UTR202601180001
STL0004407,pay0000001137,ORD0004407,payment,4567.17,91.34,16.44,4459.39,wallet,2026-01-16,UTR202601160001
STL0004408,pay0000001138,ORD0004408,payment,4646.22,92.92,16.73,4536.57,card_debit,2026-01-08,UTR202601080001
STL0004409,pay0000001139,ORD0004409,payment,8700.00,174.00,31.32,8494.68,netbanking,2026-01-06,UTR202601060001
STL0004410,pay000000113a,ORD0004410,payment,9731.70,194.63,35.03,9502.04,card_credit,2026-01-26,UTR202601260001
STL0004411,pay000000113b,ORD0004411,payment,6195.16,123.90,22.30,6048.96,card_debit,2026-01-09,UTR202601090001
STL0004412,pay000000113c,ORD0004412,payment,8752.35,175.05,31.51,8545.79,card_credit,2026-01-02,UTR202601020001
STL0004413A,pay000000113d,ORD0004413,payment,1358.48,27.17,4.89,1326.42,wallet,2026-01-05,UTR202601050001
STL0004413B,pay000000113d,ORD0004413,payment,905.66,18.11,3.26,884.29,wallet,2026-01-05,UTR202601050001
STL0004415,pay000000113f,ORD0004415,payment,6139.57,122.79,22.10,5994.68,card_debit,2026-01-03,UTR202601030001
STL0004416,pay0000001140,ORD0004416,payment,6495.63,129.91,23.38,6342.34,upi,2026-01-10,UTR202601100001
STL0004417,pay0000001141,ORD0004417,payment,26.61,0.53,0.10,25.98,wallet,2026-01-05,UTR202601050001
STL0004418,pay0000001142,ORD0004418,payment,4516.88,90.34,16.26,4410.28,card_credit,2026-01-05,UTR202601050001
STL0004419,pay0000001143,ORD0004419,payment,7533.16,150.66,27.12,7355.38,upi,2026-01-24,UTR202601240001
STL0004420,pay0000001144,ORD0004420,payment,3868.64,77.37,13.93,3777.34,netbanking,2026-01-15,UTR202601150001
STL0004421,pay0000001145,ORD0004421,payment,6523.46,130.47,23.48,6369.51,card_credit,2026-01-27,UTR202601270001
STL0004422,pay0000001146,ORD0004422,payment,3613.45,206.33,13.01,3394.11,card_debit,2026-01-27,UTR202601270001
STL0004423,pay0000001147,ORD0004423,payment,4919.91,98.40,17.71,4803.80,netbanking,2026-01-17,UTR202601170001
STL0004424,pay0000001148,ORD0004424,payment,7700.67,154.01,27.72,7518.94,upi,2026-01-11,UTR202601110001
STL0004425,pay0000001149,ORD0004425,payment,9913.84,198.28,35.69,9679.87,wallet,2026-01-28,UTR202601280001
STL0004426,pay000000114a,ORD0004426,payment,1099.81,22.00,3.96,1073.85,netbanking,2026-01-05,UTR202601050001
STL0004427,pay000000114b,ORD0004427,payment,3569.96,71.40,12.85,3485.71,netbanking,2026-01-05,UTR202601050001
STL0004428,pay000000114c,ORD0004428,payment,7970.67,159.41,28.69,7782.57,wallet,2026-01-15,UTR202601150001
STL0004429,pay000000114d,ORD0004429,payment,912.44,18.25,3.29,890.90,upi,2026-01-30,UTR202601300001
STL0004431,pay000000114f,ORD0004431,payment,5022.02,100.44,18.08,4903.50,netbanking,2026-01-23,UTR202601230001
STL0004432,pay0000001150,ORD0004432,payment,2149.31,42.99,7.74,2098.58,card_debit,2026-01-12,UTR202601120001
STL0004433,pay0000001151,ORD0004433,payment,1295.84,25.92,4.67,1265.25,upi,2026-01-19,UTR202601190001
STL0004434,pay0000001152,ORD0004434,payment,3974.39,79.49,14.31,3880.59,wallet,2026-01-29,UTR202601290001
STL0004435,pay0000001153,ORD0004435,payment,2318.89,46.38,8.35,2264.16,card_debit,2026-01-18,UTR202601180001
STL0004436,pay0000001154,ORD0004436,payment,2024.19,40.48,7.29,1976.42,card_debit,2026-01-04,UTR202601040001
STL0004437,pay0000001155,ORD0004437,payment,3535.05,70.70,12.73,3451.62,wallet,2026-01-28,UTR202601280001
STL0004438,pay0000001156,ORD0004438,payment,1562.16,31.24,5.62,1525.30,card_credit,2026-01-09,UTR202601090001
STL0004439,pay0000001157,ORD0004439,payment,6290.56,125.81,22.65,6142.10,netbanking,2026-01-24,UTR202601240001
STL0004440,pay0000001158,ORD0004440,payment,1334.69,26.69,4.80,1303.20,wallet,2026-01-18,UTR202601180001
STL0004441,pay0000001159,ORD0004441,payment,7166.89,143.34,25.80,6997.75,upi,2026-01-19,UTR202601190001
STL0004442,pay000000115a,ORD0004442,payment,3582.31,71.65,12.90,3497.76,upi,2026-01-08,UTR202601080001
STL0004443,pay000000115b,ORD0004443,payment,8433.75,168.68,30.36,8234.71,netbanking,2026-01-14,UTR202601140001
STL0004444,pay000000115c,ORD0004444,payment,4525.22,90.50,16.29,4418.43,upi,2026-01-17,UTR202601170001
STL0004445,pay000000115d,ORD0004445,payment,5120.49,102.41,18.43,4999.65,card_debit,2026-01-08,UTR202601080001
STL0004446,pay000000115e,ORD0004446,payment,9542.71,190.85,34.35,9317.51,netbanking,2026-01-10,UTR202601100001
STL0004447,pay000000115f,ORD0004447,payment,7883.69,157.67,28.38,7697.64,wallet,2026-01-15,UTR202601150001
STL0004448,pay0000001160,ORD0004448,payment,3082.62,61.65,11.10,3009.87,card_credit,2026-01-20,UTR202601200001
STL0004449,pay0000001161,ORD0004449,payment,6063.21,121.26,21.83,5920.12,upi,2026-01-11,UTR202601110001
STL0004450,pay0000001162,ORD0004450,payment,6563.57,131.27,23.63,6408.67,wallet,2026-01-07,UTR202601070001
STL0004451,pay0000001163,ORD0004451,payment,5955.48,119.11,21.44,5814.93,card_credit,2026-01-17,UTR202601170001
STL0004452,pay0000001164,ORD0004452,payment,1504.40,30.09,5.42,1468.89,card_debit,2026-01-29,UTR202601290001
STL0004453,pay0000001165,ORD0004453,payment,9188.59,183.77,33.08,8971.74,card_debit,2026-01-17,UTR202601170001
STL0004454,pay0000001166,ORD0004454,payment,7367.61,147.35,26.52,7193.74,card_credit,2026-01-02,UTR202601020001
STL0004455,pay0000001167,ORD0004455,payment,2828.71,56.57,10.18,2761.96,upi,2026-01-08,UTR202601080001
STL0004456,pay0000001168,ORD0004456,payment,9113.73,182.27,32.81,8898.65,card_debit,2026-01-27,UTR202601270001
STL0004457,pay0000001169,ORD0004457,payment,2058.98,41.18,7.41,2010.39,upi,2026-01-13,UTR202601130001
STL0004458A,pay000000116a,ORD0004458,payment,2172.85,43.46,7.82,2121.57,card_credit,2026-01-17,UTR202601170001
STL0004458B,pay000000116a,ORD0004458,payment,1448.57,28.97,5.21,1414.39,card_credit,2026-01-17,UTR202601170001
STL0004459,pay000000116b,ORD0004459,payment,7325.26,146.51,26.37,7152.38,card_debit,2026-01-22,UTR202601220001
STL0004460,pay000000116c,ORD0004460,payment,6411.42,128.23,23.08,6260.11,netbanking,2026-01-19,UTR202601190001
STL0004461,pay000000116d,ORD0004461,payment,8822.22,176.44,31.76,8614.02,card_debit,2026-01-07,UTR202601070001
STL0004462,pay000000116e,ORD0004462,payment,9719.68,194.39,34.99,9490.30,netbanking,2026-01-20,UTR202601200001
STL0004463,pay000000116f,ORD0004463,payment,8036.43,160.73,28.93,7846.77,card_debit,2026-01-26,UTR202601260001
STL0004464,pay0000001170,ORD0004464,payment,2308.82,46.18,8.31,2254.33,netbanking,2026-01-25,UTR202601250001
STL0004465,pay0000001171,ORD0004465,payment,1188.04,23.76,4.28,1160.00,upi,2026-01-04,UTR202601040001
STL0004466,pay0000001172,ORD0004466,payment,8823.64,176.47,31.76,8615.41,card_credit,2026-01-05,UTR202601050001
STL0004467,pay0000001173,ORD0004467,payment,8572.98,171.46,30.86,8370.66,netbanking,2026-01-10,UTR202601100001
STL0004468,pay0000001174,ORD0004468,payment,7090.17,141.80,25.52,6922.85,card_debit,2026-01-22,UTR202601220001
STL0004469,pay0000001175,ORD0004469,payment,7254.20,145.08,26.11,7083.01,upi,2026-01-21,UTR202601210001
STL0004470,pay0000001176,ORD0004470,payment,4002.07,80.04,14.41,3907.62,card_credit,2026-01-04,UTR202601040001
STL0004471,pay0000001177,ORD0004471,payment,3004.34,60.09,10.82,2933.43,card_credit,2026-01-17,UTR202601170001
STL0004472,pay0000001178,ORD0004472,payment,2940.29,58.81,10.59,2870.89,card_debit,2026-01-20,UTR202601200001
STL0004473,pay0000001179,ORD0004473,payment,3880.44,77.61,13.97,3788.86,card_debit,2026-01-28,UTR202601280001
STL0004474,pay000000117a,ORD0004474,payment,8654.39,173.09,31.16,8450.14,card_credit,2026-01-22,UTR202601220001
STL0004475,pay000000117b,ORD0004475,payment,1155.54,23.11,4.16,1128.27,upi,2026-01-19,UTR202601190001
STL0004476,pay000000117c,ORD0004476,payment,516.57,10.33,1.86,504.38,wallet,2026-01-10,UTR202601100001
STL0004477,pay000000117d,ORD0004477,payment,7641.28,152.83,27.51,7460.94,upi,2026-01-26,
STL0004478,pay000000117e,ORD0004478,payment,2542.45,50.85,9.15,2482.45,wallet,2026-01-05,UTR202601050001
STL0004479,pay000000117f,ORD0004479,payment,7209.80,144.20,25.96,7039.64,upi,2026-01-10,UTR202601100001
STL0004480,pay0000001180,ORD0004480,payment,6775.93,135.52,24.39,6616.02,card_credit,2026-01-09,UTR202601090001
STL0004481,pay0000001181,ORD0004481,payment,528.64,21.78,1.90,504.96,upi,2026-01-10,UTR202601100001
STL0004482,pay0000001182,ORD0004482,payment,4004.61,80.09,14.42,3910.10,netbanking,2026-01-12,UTR202601120001
STL0004483,pay0000001183,ORD0004483,payment,383.44,7.67,1.38,374.39,upi,2026-01-05,UTR202601050001
STL0004484,pay0000001184,ORD0004484,payment,6362.61,127.25,22.91,6212.45,upi,2026-01-20,UTR202601200001
STL0004485,pay0000001185,ORD0004485,payment,1123.86,22.48,4.05,1097.33,netbanking,2026-01-14,UTR202601140001
STL0004486,pay0000001186,ORD0004486,payment,5429.90,108.60,19.55,5301.75,wallet,2026-01-17,UTR202601170001
STL0004487,pay0000001187,ORD0004487,payment,8725.00,174.50,31.41,8519.09,wallet,2026-01-16,UTR202601160001
STL0004488,pay0000001188,ORD0004488,payment,2093.82,41.88,7.54,2044.40,upi,2026-01-08,UTR202601080001
STL0004489,pay0000001189,ORD0004489,payment,9073.47,181.47,32.66,8859.34,card_credit,2026-01-02,UTR202601020001
STL0004490,pay000000118a,ORD0004490,payment,3743.56,74.87,13.48,3655.21,netbanking,2026-01-23,UTR202601230001
STL0004491,pay000000118b,ORD0004491,payment,7403.63,148.07,26.65,7228.91,card_debit,2026-01-07,UTR202601070001
STL0004492,pay000000118c,ORD0004492,payment,6071.03,121.42,21.86,5927.75,card_debit,2026-01-23,UTR202601230001
STL0004493,pay000000118d,ORD0004493,payment,6919.91,138.40,24.91,6756.60,netbanking,2026-01-08,UTR202601080001
STL0004494,pay000000118e,ORD0004494,payment,459.18,9.18,1.65,448.35,netbanking,2026-01-05,UTR202601050001
STL0004495,pay000000118f,ORD0004495,payment,5089.30,101.79,18.32,4969.19,upi,2026-01-21,UTR202601210001
STL0004496,pay0000001190,ORD0004496,payment,5409.76,108.20,19.48,5282.08,card_debit,2026-01-13,UTR202601130001
STL0004497,pay0000001191,ORD0004497,payment,4034.13,80.68,14.52,3938.93,upi,2026-01-16,UTR202601160001
STL0004498,pay0000001192,ORD0004498,payment,8509.01,170.18,30.63,8308.20,card_debit,2026-01-26,UTR202601260001
STL0004499,pay0000001193,ORD0004499,payment,3891.19,77.82,14.01,3799.36,upi,2026-01-11,UTR202601110001
STL0004500,pay0000001194,ORD0004500,payment,4903.06,98.06,17.65,4787.35,wallet,2026-01-28,UTR202601280001
STL0004501,pay0000001195,ORD0004501,payment,9692.35,193.85,34.89,9463.61,upi,2026-01-19,UTR202601190001
STL0004502,pay0000001196,ORD0004502,payment,8032.11,160.64,28.92,7842.55,card_debit,2026-01-30,UTR202601300001
STL0004503,pay0000001197,ORD0004503,payment,8323.96,166.48,29.97,8127.51,upi,2026-01-19,UTR202601190001
STL0004504,pay0000001198,ORD0004504,payment,7973.71,159.47,28.70,7785.54,card_debit,2026-01-19,UTR202601190001
STL0004505,pay0000001199,ORD0004505,payment,5045.83,100.92,18.17,4926.74,card_debit,2026-02-01,
STL0004506,pay000000119a,ORD0004506,payment,4645.84,92.92,16.73,4536.19,card_debit,2026-01-04,UTR202601040001
STL0004507,pay000000119b,ORD0004507,payment,2926.94,58.54,10.54,2857.86,card_credit,2026-01-08,UTR202601080001
STL0004508,pay000000119c,ORD0004508,payment,9321.05,186.42,33.56,9101.07,netbanking,2026-01-25,UTR202601250001
STL0004509,pay000000119d,ORD0004509,payment,7258.41,145.17,26.13,7087.11,wallet,2026-01-23,UTR202601230001
STL0004510,pay000000119e,ORD0004510,payment,8222.72,164.45,29.60,8028.67,wallet,2026-01-24,UTR202601240001
STL0004511,pay000000119f,ORD0004511,payment,4982.97,99.66,17.94,4865.37,wallet,2026-01-07,UTR202601070001
STL0004512,pay00000011a0,ORD0004512,payment,8098.75,161.98,29.16,7907.61,netbanking,2026-01-15,UTR202601150001
STL0004513,pay00000011a1,ORD0004513,payment,6372.53,127.45,22.94,6222.14,card_debit,2026-01-21,UTR202601210001
STL0004514,pay00000011a2,ORD0004514,payment,2794.36,55.89,10.06,2728.41,card_credit,2026-01-04,UTR202601040001
STL0004515,pay00000011a3,ORD0004515,payment,9821.44,196.43,35.36,9589.65,netbanking,2026-01-30,UTR202601300001
STL0004516,pay00000011a4,ORD0004516,payment,3827.36,76.55,13.78,3737.03,card_debit,2026-01-08,UTR202601080001
STL0004517,pay00000011a5,ORD0004517,payment,930.30,18.61,3.35,908.34,card_debit,2026-01-21,UTR202601210001
STL0004518,pay00000011a6,ORD0004518,payment,7380.89,147.62,26.57,7206.70,card_credit,2026-01-03,UTR202601030001
STL0004519,pay00000011a7,ORD0004519,payment,2555.62,51.11,9.20,2495.31,card_credit,2026-01-15,UTR202601150001
STL0004520,pay00000011a8,ORD0004520,payment,6721.54,134.43,24.20,6562.91,upi,2026-01-21,UTR202601210001
STL0004521,pay00000011a9,ORD0004521,payment,1013.54,20.27,3.65,989.62,card_debit,2026-01-05,UTR202601050001
STL0004522,pay00000011aa,ORD0004522,payment,327.22,6.54,1.18,319.50,card_credit,2026-01-19,UTR202601190001
STL0004523,pay00000011ab,ORD0004523,payment,7531.34,150.63,27.11,7353.60,card_credit,2026-01-09,UTR202601090001
STL0004524,pay00000011ac,ORD0004524,payment,9059.63,181.19,32.61,8845.83,card_credit,2026-01-20,UTR202601200001
STL0004525,pay00000011ad,ORD0004525,payment,7489.00,149.78,26.96,7312.26,wallet,2026-01-08,UTR202601080001
STL0004526,pay00000011ae,ORD0004526,payment,2979.68,59.59,10.73,2909.36,upi,2026-01-22,UTR202601220001
STL0004527,pay00000011af,ORD0004527,payment,4035.76,80.72,14.53,3940.51,netbanking,2026-01-10,UTR202601100001
STL0004528,pay00000011b0,ORD0004528,payment,7122.51,142.45,25.64,6954.42,upi,2026-01-28,UTR202601280001
STL0004529,pay00000011b1,ORD0004529,payment,965.69,19.31,3.48,942.90,netbanking,2026-01-19,UTR202601190001
STL0004530,pay00000011b2,ORD0004530,payment,1538.57,30.77,5.54,1502.26,netbanking,2026-01-27,UTR202601270001
STL0004531,pay00000011b3,ORD0004531,payment,2771.87,55.44,9.98,2706.45,card_debit,2026-01-21,UTR202601210001
STL0004532,pay00000011b4,ORD0004532,payment,418.11,11.50,1.50,405.11,card_debit,2026-01-29,UTR202601290001
STL0004533,pay00000011b5,ORD0004533,payment,910.55,18.21,3.28,889.06,card_credit,2026-01-11,
STL0004534,pay00000011b6,ORD0004534,payment,8033.84,160.68,28.92,7844.24,netbanking,2026-01-12,UTR202601120001
STL0004535,pay00000011b7,ORD0004535,payment,4206.06,84.12,15.14,4106.80,card_debit,2026-01-22,UTR202601220001
STL0004536,pay00000011b8,ORD0004536,payment,3363.25,67.27,12.11,3283.87,card_debit,2026-01-17,UTR202601170001
STL0004537,pay00000011b9,ORD0004537,payment,942.52,18.85,3.39,920.28,wallet,2026-01-03,UTR202601030001
STL0004537X,,,chargeback,-390.77,0.00,0.00,-390.77,wallet,2026-01-03,UTR202601030001
STL0004538,pay00000011ba,ORD0004538,payment,2467.01,49.34,8.88,2408.79,upi,2026-01-04,UTR202601040001
STL0004539,pay00000011bb,ORD0004539,payment,3252.67,65.05,11.71,3175.91,card_debit,2026-01-30,UTR202601300001
STL0004540,pay00000011bc,ORD0004540,payment,9985.75,199.72,35.95,9750.08,wallet,2026-01-12,UTR202601120001
STL0004541,pay00000011bd,ORD0004541,payment,6577.59,131.55,23.68,6422.36,card_debit,2026-01-25,UTR202601250001
STL0004542,pay00000011be,ORD0004542,payment,4379.22,87.58,15.76,4275.88,netbanking,2026-01-16,UTR202601160001
STL0004543,pay00000011bf,ORD0004543,payment,9611.94,192.24,34.60,9385.10,card_debit,2026-01-22,UTR202601220001
STL0004544,pay00000011c0,ORD0004544,payment,7076.37,141.53,25.48,6909.36,card_credit,2026-01-22,UTR202601220001
STL0004545,pay00000011c1,ORD0004545,payment,9077.45,181.55,32.68,8863.22,card_credit,2026-01-27,UTR202601270001
STL0004546,pay00000011c2,ORD0004546,payment,8884.38,177.69,31.98,8674.71,card_debit,2026-01-04,UTR202601040001
STL0004546X,,,chargeback,-62.85,0.00,0.00,-62.85,card_debit,2026-01-04,UTR202601040001
STL0004547,pay00000011c3,ORD0004547,payment,386.00,7.72,1.39,376.89,card_debit,2026-02-02,
STL0004548,pay00000011c4,ORD0004548,payment,9755.37,195.11,35.12,9525.14,card_credit,2026-01-10,UTR202601100001
STL0004549,pay00000011c5,ORD0004549,payment,997.62,19.95,3.59,974.08,card_debit,2026-01-20,UTR202601200001
STL0004550,pay00000011c6,ORD0004550,payment,6363.60,127.27,22.91,6213.42,card_credit,2026-01-11,UTR202601110001
STL0004551,pay00000011c7,ORD0004551,payment,7947.62,158.95,28.61,7760.06,netbanking,2026-01-26,UTR202601260001
STL0004552,pay00000011c8,ORD0004552,payment,9093.78,181.88,32.74,8879.16,netbanking,2026-01-06,UTR202601060001
STL0004553,pay00000011c9,ORD0004553,payment,1318.50,26.37,4.75,1287.38,netbanking,2026-01-23,UTR202601230001
STL0004554,pay00000011ca,ORD0004554,payment,4539.48,90.79,16.34,4432.35,card_credit,2026-01-21,UTR202601210001
STL0004554X,,,refund,-264.85,0.00,0.00,-264.85,card_credit,2026-01-21,UTR202601210001
STL0004555,pay00000011cb,ORD0004555,payment,9223.00,184.46,33.20,9005.34,card_debit,2026-01-27,UTR202601270001
STL0004556,pay00000011cc,ORD0004556,payment,1935.17,38.70,6.97,1889.50,wallet,2026-01-16,UTR202601160001
STL0004557,pay00000011cd,ORD0004557,payment,5403.89,224.80,19.45,5159.64,netbanking,2026-01-04,UTR202601040001
STL0004558,pay00000011ce,ORD0004558,payment,1777.17,35.54,6.40,1735.23,wallet,2026-01-08,UTR202601080001
STL0004559,pay00000011cf,ORD0004559,payment,8481.93,169.64,30.54,8281.75,card_credit,2026-01-13,UTR202601130001
STL0004560,pay00000011d0,ORD0004560,payment,5041.01,100.82,18.15,4922.04,wallet,2026-01-17,UTR202601170001
STL0004561,pay00000011d1,ORD0004561,payment,3991.49,79.83,14.37,3897.29,wallet,2026-01-11,UTR202601110001
STL0004562,pay00000011d2,ORD0004562,payment,7785.97,155.72,28.03,7602.22,upi,2026-01-19,UTR202601190001
STL0004563,pay00000011d3,ORD0004563,payment,9874.09,197.48,35.55,9641.06,upi,2026-01-12,UTR202601120001
STL0004564,pay00000011d4,ORD0004564,payment,8191.32,163.83,29.49,7998.00,wallet,2026-01-16,UTR202601160001
STL0004565,pay00000011d5,ORD0004565,payment,738.69,14.77,2.66,721.26,netbanking,2026-01-29,UTR202601290001
STL0004566,pay00000011d6,ORD0004566,payment,978.21,19.56,3.52,955.13,upi,2026-01-21,UTR202601210001
STL0004567,pay00000011d7,ORD0004567,payment,3238.49,64.77,11.66,3162.06,card_credit,2026-01-18,UTR202601180001
STL0004568,pay00000011d8,ORD0004568,payment,50.74,1.01,0.18,49.55,wallet,2026-01-25,UTR202601250001
STL0004569,pay00000011d9,ORD0004569,payment,1902.36,38.05,6.85,1857.46,card_credit,2026-01-19,UTR202601190001
STL0004570,pay00000011da,ORD0004570,payment,527.08,10.54,1.90,514.64,card_debit,2026-01-22,UTR202601220001
STL0004571,pay00000011db,ORD0004571,payment,193.93,3.88,0.70,189.35,card_credit,2026-01-05,UTR202601050001
STL0004572,pay00000011dc,ORD0004572,payment,674.07,13.48,2.43,658.16,upi,2026-01-24,UTR202601240001
STL0004573,pay00000011dd,ORD0004573,payment,1797.17,35.94,6.47,1754.76,wallet,2026-01-22,UTR202601220001
STL0004574,pay00000011de,ORD0004574,payment,1904.58,38.09,6.86,1859.63,netbanking,2026-01-07,UTR202601070001
STL0004575,,,payment,8612.12,172.24,31.00,8408.88,upi,2026-01-05,UTR202601050001
STL0004576,pay00000011e0,ORD0004576,payment,6704.75,134.10,24.14,6546.51,card_debit,2026-01-09,UTR202601090001
STL0004577,pay00000011e1,ORD0004577,payment,6833.41,136.67,24.60,6672.14,wallet,2026-01-25,UTR202601250001
STL0004578,pay00000011e2,ORD0004578,payment,2513.38,50.27,9.05,2454.06,card_credit,2026-01-19,UTR202601190001
STL0004579,pay00000011e3,ORD0004579,payment,8203.75,164.08,29.53,8010.14,card_credit,2026-01-26,UTR202601260001
STL0004580,pay00000011e4,ORD0004580,payment,9924.91,198.50,35.73,9690.68,netbanking,2026-01-24,UTR202601240001
STL0004581,pay00000011e5,ORD0004581,payment,7558.53,151.17,27.21,7380.15,card_credit,2026-01-14,UTR202601140001
STL0004582,pay00000011e6,ORD0004582,payment,2659.49,53.19,9.57,2596.73,upi,2026-01-14,UTR202601140001
STL0004583,pay00000011e7,ORD0004583,payment,6876.49,137.53,24.76,6714.20,card_debit,2026-01-17,UTR202601170001
STL0004584,pay00000011e8,ORD0004584,payment,9154.67,183.09,32.96,8938.62,wallet,2026-01-11,UTR202601110001
STL0004585,pay00000011e9,ORD0004585,payment,2402.47,48.05,8.65,2345.77,netbanking,2026-01-25,UTR202601250001
STL0004586,pay00000011ea,ORD0004586,payment,8966.92,179.34,32.28,8755.30,netbanking,2026-01-16,UTR202601160001
STL0004587,pay00000011eb,ORD0004587,payment,5432.27,108.65,19.56,5304.06,netbanking,2026-01-12,UTR202601120001
STL0004588,pay00000011ec,ORD0004588,payment,5505.04,110.10,19.82,5375.12,wallet,2026-01-19,UTR202601190001
STL0004589,pay00000011ed,ORD0004589,payment,1672.94,33.46,6.02,1633.46,wallet,2026-01-28,UTR202601280001
STL0004590,pay00000011ee,ORD0004590,payment,8698.96,173.98,31.32,8493.66,netbanking,2026-01-22,UTR202601220001
STL0004591,pay00000011ef,ORD0004591,payment,7245.50,144.91,26.08,7074.51,card_credit,2026-01-12,UTR202601120001
STL0004592,pay00000011f0,ORD0004592,payment,629.67,12.59,2.27,614.81,wallet,2026-01-13,UTR202601130001
STL0004593,pay00000011f1,ORD0004593,payment,4864.95,97.30,17.51,4750.14,card_debit,2026-01-08,UTR202601080001
STL0004594,pay00000011f2,ORD0004594,payment,9628.47,192.57,34.66,9401.24,netbanking,2026-01-26,UTR202601260001
STL0004595,pay00000011f3,ORD0004595,payment,9596.09,191.92,34.55,9369.62,wallet,2026-01-25,UTR202601250001
STL0004596,pay00000011f4,ORD0004596,payment,6662.78,133.26,23.99,6505.53,upi,2026-01-29,UTR202601290001
STL0004597,pay00000011f5,ORD0004597,payment,9708.27,194.17,34.95,9479.15,card_credit,2026-01-02,UTR202601020001
STL0004598,pay00000011f6,ORD0004598,payment,3687.22,73.74,13.27,3600.21,card_debit,2026-01-07,UTR202601070001
STL0004599,pay00000011f7,ORD0004599,payment,6674.21,133.48,24.03,6516.70,card_debit,2026-01-02,UTR202601020001
STL0004600,pay00000011f8,ORD0004600,payment,992.89,19.86,3.57,969.46,upi,2026-01-11,UTR202601110001
STL0004601,pay00000011f9,ORD0004601,payment,4870.34,97.41,17.53,4755.40,card_debit,2026-01-23,UTR202601230001
STL0004602,pay00000011fa,ORD0004602,payment,7875.57,157.51,28.35,7689.71,upi,2026-01-17,UTR202601170001
STL0004603,pay00000011fb,ORD0004603,payment,3702.20,74.04,13.33,3614.83,netbanking,2026-01-20,UTR202601200001
STL0004604,pay00000011fc,ORD0004604,payment,9284.05,185.68,33.42,9064.95,netbanking,2026-01-18,UTR202601180001
STL0004605,pay00000011fd,ORD0004605,payment,3992.77,79.86,14.37,3898.54,upi,2026-01-09,UTR202601090001
STL0004606,pay00000011fe,ORD0004606,payment,5204.99,104.10,18.74,5082.15,card_credit,2026-01-11,UTR202601110001
STL0004607,pay00000011ff,ORD0004607,payment,3593.45,71.87,12.94,3508.64,upi,2026-01-05,UTR202601050001
STL0004608,pay0000001200,ORD0004608,payment,8643.13,172.86,31.11,8439.16,card_credit,2026-01-22,UTR202601220001
STL0004609,pay0000001201,ORD0004609,payment,9461.86,189.24,34.06,9238.56,card_credit,2026-01-12,UTR202601120001
STL0004610,pay0000001202,ORD0004610,payment,2311.02,46.22,8.32,2256.48,netbanking,2026-01-24,UTR202601240001
STL0004611,pay0000001203,ORD0004611,payment,1960.35,39.21,7.06,1914.08,card_debit,2026-01-20,UTR202601200001
STL0004612,pay0000001204,ORD0004612,payment,2628.32,52.57,9.46,2566.29,upi,2026-01-14,UTR202601140001
STL0004613,pay0000001205,ORD0004613,payment,8712.95,174.26,31.37,8507.32,card_debit,2026-01-19,UTR202601190001
STL0004614,pay0000001206,ORD0004614,payment,2703.28,54.07,9.73,2639.48,upi,2026-01-06,UTR202601060001
STL0004615,pay0000001207,ORD0004615,payment,5517.56,110.35,19.86,5387.35,netbanking,2026-01-07,UTR202601070001
STL0004616,pay0000001208,ORD0004616,payment,153.01,3.06,0.55,149.40,card_debit,2026-01-22,UTR202601220001
STL0004616X,,,chargeback,-162.61,0.00,0.00,-162.61,card_debit,2026-01-22,UTR202601220001
STL0004617,pay0000001209,ORD0004617,payment,216.57,4.33,0.78,211.46,wallet,2026-01-29,UTR202601290001
STL0004618,pay000000120a,ORD0004618,payment,729.02,14.58,2.62,711.82,card_credit,2026-01-16,UTR202601160001
STL0004619,pay000000120b,ORD0004619,payment,9627.62,192.55,34.66,9400.41,netbanking,2026-01-30,UTR202601300001
STL0004620,pay000000120c,ORD0004620,payment,7100.70,142.01,25.56,6933.13,card_credit,2026-01-27,UTR202601270001
STL0004621,pay000000120d,ORD0004621,payment,8684.95,173.70,31.27,8479.98,wallet,2026-01-28,UTR202601280001
STL0004622,pay000000120e,ORD0004622,payment,3240.65,64.81,11.67,3164.17,card_credit,2026-01-18,UTR202601180001
STL0004623,pay000000120f,ORD0004623,payment,604.62,12.09,2.18,590.35,netbanking,2026-01-06,UTR202601060001
STL0004624,pay0000001210,ORD0004624,payment,529.03,10.58,1.90,516.55,card_debit,2026-01-23,UTR202601230001
STL0004625,pay0000001211,ORD0004625,payment,8048.71,160.97,28.97,7858.77,card_debit,2026-01-14,UTR202601140001
STL0004626,pay0000001212,ORD0004626,payment,675.28,13.51,2.43,659.34,upi,2026-01-07,UTR202601070001
STL0004627,pay0000001213,ORD0004627,payment,6597.51,131.95,23.75,6441.81,wallet,2026-01-10,UTR202601100001
STL0004628,pay0000001214,ORD0004628,payment,2134.90,42.70,7.69,2084.51,wallet,2026-01-23,UTR202601230001
STL0004629,pay0000001215,ORD0004629,payment,9603.15,192.06,34.57,9376.52,card_debit,2026-01-27,UTR202601270001
STL0004630,pay0000001216,ORD0004630,payment,6141.85,122.84,22.11,5996.90,upi,2026-01-19,UTR202601190001
STL0004631,pay0000001217,ORD0004631,payment,4283.19,85.66,15.42,4182.11,wallet,2026-01-07,UTR202601070001
STL0004632,pay0000001218,ORD0004632,payment,9476.26,189.53,34.12,9252.61,netbanking,2026-01-27,UTR202601270001
STL0004633,pay0000001219,ORD0004633,payment,1700.79,34.02,6.12,1660.65,card_debit,2026-01-19,UTR202601190001
STL0004634,pay000000121a,ORD0004634,payment,879.31,17.59,3.17,858.55,netbanking,2026-01-27,UTR202601270001
STL0004635,pay000000121b,ORD0004635,payment,6490.99,129.82,23.37,6337.80,wallet,2026-01-08,UTR202601080001
STL0004636,pay000000121c,ORD0004636,payment,5952.52,119.05,21.43,5812.04,netbanking,2026-01-04,UTR202601040001
STL0004637,pay000000121d,ORD0004637,payment,5080.59,101.61,18.29,4960.69,wallet,2026-01-05,UTR202601050001
STL0004638,pay000000121e,ORD0004638,payment,4736.39,94.73,17.05,4624.61,card_credit,2026-01-19,UTR202601190001
STL0004639,pay000000121f,ORD0004639,payment,6242.52,124.85,22.47,6095.20,upi,2026-01-25,UTR202601250001
STL0004640,pay0000001220,ORD0004640,payment,3337.33,66.75,12.02,3258.56,upi,2026-01-03,UTR202601030001
STL0004641,pay0000001221,ORD0004641,payment,6780.91,135.62,24.41,6620.88,netbanking,2026-01-16,UTR202601160001
STL0004642,pay0000001222,ORD0004642,payment,363.77,7.28,1.31,355.18,upi,2026-01-09,UTR202601090001
STL0004643,pay0000001223,ORD0004643,payment,3320.68,66.41,11.95,3242.32,upi,2026-01-19,UTR202601190001
STL0004644,pay0000001224,ORD0004644,payment,8174.57,163.49,29.43,7981.65,card_debit,2026-01-05,UTR202601050001
STL0004645,pay0000001225,ORD0004645,payment,7186.11,143.72,25.87,7016.52,card_credit,2026-01-25,UTR202601250001
STL0004646,pay0000001226,ORD0004646,payment,5630.29,112.61,20.27,5497.41,wallet,2026-01-25,UTR202601250001
STL0004647,pay0000001227,ORD0004647,payment,473.22,9.46,1.70,462.06,card_debit,2026-01-06,UTR202601060001
STL0004648,pay0000001228,ORD0004648,payment,756.52,15.13,2.72,738.67,card_debit,2026-01-03,UTR202601030001
STL0004649A,pay0000001229,ORD0004649,payment,381.16,7.62,1.37,372.17,upi,2026-01-05,UTR202601050001
STL0004649B,pay0000001229,ORD0004649,payment,254.10,5.08,0.91,248.11,upi,2026-01-05,UTR202601050001
STL0004650A,pay000000122a,ORD0004650,payment,3443.83,68.88,12.40,3362.55,card_debit,2026-01-07,UTR202601070001
STL0004650B,pay000000122a,ORD0004650,payment,2295.88,45.92,8.27,2241.69,card_debit,2026-01-07,UTR202601070001
STL0004651,pay000000122b,ORD0004651,payment,2070.55,41.41,7.45,2021.69,netbanking,2026-01-25,UTR202601250001
STL0004652,pay000000122c,ORD0004652,payment,7593.17,151.86,27.33,7413.98,upi,2026-01-27,UTR202601270001
STL0004653,pay000000122d,ORD0004653,payment,5933.02,118.66,21.36,5793.00,netbanking,2026-01-25,UTR202601250001
STL0004654,pay000000122e,ORD0004654,payment,7746.42,154.93,27.89,7563.60,wallet,2026-01-16,UTR202601160001
STL0004655,pay000000122f,ORD0004655,payment,3216.33,64.33,11.58,3140.42,card_debit,2026-01-23,
STL0004656,pay0000001230,ORD0004656,payment,1361.87,27.24,4.90,1329.73,upi,2026-01-06,UTR202601060001
STL0004657,pay0000001231,ORD0004657,payment,4974.08,99.48,17.91,4856.69,card_debit,2026-01-03,UTR202601030001
STL0004658,pay0000001232,ORD0004658,payment,3834.23,76.68,13.80,3743.75,wallet,2026-01-29,UTR202601290001
STL0004659,pay0000001233,ORD0004659,payment,3367.16,67.34,12.12,3287.70,upi,2026-01-06,UTR202601060001
STL0004660,pay0000001234,ORD0004660,payment,853.58,17.07,3.07,833.44,upi,2026-01-28,UTR202601280001
STL0004661,pay0000001235,ORD0004661,payment,8378.37,167.57,30.16,8180.64,card_credit,2026-01-23,UTR202601230001
STL0004662,pay0000001236,ORD0004662,payment,4960.68,99.21,17.86,4843.61,netbanking,2026-01-07,UTR202601070001
STL0004663,pay0000001237,ORD0004663,payment,6296.87,125.94,22.67,6148.26,upi,2026-01-08,UTR202601080001
STL0004664,pay0000001238,ORD0004664,payment,4683.19,93.66,16.86,4572.67,wallet,2026-01-27,UTR202601270001
STL0004665,pay0000001239,ORD0004665,payment,7870.19,157.40,28.33,7684.46,card_credit,2026-01-08,UTR202601080001
STL0004666,pay000000123a,ORD0004666,payment,1415.04,28.30,5.09,1381.65,netbanking,2026-01-26,UTR202601260001
STL0004667,pay000000123b,ORD0004667,payment,9861.14,197.22,35.50,9628.42,card_debit,2026-01-03,UTR202601030001
STL0004668,pay000000123c,ORD0004668,payment,2055.98,41.12,7.40,2007.46,card_credit,2026-01-21,UTR202601210001
STL0004669,pay000000123d,ORD0004669,payment,492.98,9.86,1.77,481.35,card_credit,2026-01-09,UTR202601090001
STL0004670,pay000000123e,ORD0004670,payment,726.91,14.54,2.62,709.75,netbanking,2026-01-12,UTR202601120001
STL0004671,pay000000123f,ORD0004671,payment,4453.71,89.07,16.03,4348.61,upi,2026-01-09,UTR202601090001
STL0004672,pay0000001240,ORD0004672,payment,8174.82,163.50,29.43,7981.89,upi,2026-01-07,UTR202601070001
STL0004673,pay0000001241,ORD0004673,payment,3103.76,62.08,11.17,3030.51,netbanking,2026-01-20,UTR202601200001
STL0004674,pay0000001242,ORD0004674,payment,7734.28,154.69,27.84,7551.75,card_credit,2026-01-16,UTR202601160001
STL0004675,pay0000001243,ORD0004675,payment,8831.06,176.62,31.79,8622.65,wallet,2026-01-11,UTR202601110001
STL0004676,pay0000001244,ORD0004676,payment,4068.22,81.36,14.64,3972.22,upi,2026-01-21,UTR202601210001
STL0004677,pay0000001245,ORD0004677,payment,5784.81,115.70,20.83,5648.28,card_credit,2026-01-19,UTR202601190001
STL0004678,pay0000001246,ORD0004678,payment,5105.49,102.11,18.38,4985.00,card_debit,2026-01-25,UTR202601250001
STL0004679,pay0000001247,ORD0004679,payment,830.83,16.62,2.99,811.22,card_debit,2026-01-26,UTR202601260001
STL0004680,pay0000001248,ORD0004680,payment,7417.87,148.36,26.70,7242.81,card_debit,2026-01-23,UTR202601230001
STL0004681,pay0000001249,ORD0004681,payment,609.51,12.19,2.19,595.13,card_credit,2026-01-14,UTR202601140001
STL0004681X,,,adjustment,37.68,0.00,0.00,37.68,card_credit,2026-01-14,UTR202601140001
STL0004682,pay000000124a,ORD0004682,payment,3959.39,79.19,14.25,3865.95,upi,2026-01-25,UTR202601250001
STL0004683,pay000000124b,ORD0004683,payment,1791.13,35.82,6.45,1748.86,netbanking,2026-01-07,UTR202601070001
STL0004684,pay000000124c,ORD0004684,payment,2024.34,40.49,7.29,1976.56,netbanking,2026-01-02,UTR202601020001
STL0004685,pay000000124d,ORD0004685,payment,8107.10,162.14,29.19,7915.77,card_credit,2026-01-15,UTR202601150001
STL0004686,pay000000124e,ORD0004686,payment,5518.62,110.37,19.87,5388.38,wallet,2026-01-22,UTR202601220001
STL0004687,pay000000124f,ORD0004687,payment,2991.96,59.84,10.77,2921.35,upi,2026-01-22,UTR202601220001
STL0004688,pay0000001250,ORD0004688,payment,9755.27,195.11,35.12,9525.04,upi,2026-01-06,UTR202601060001
STL0004689,pay0000001251,ORD0004689,payment,8956.35,179.13,32.24,8744.98,wallet,2026-01-16,UTR202601160001
STL0004690,pay0000001252,ORD0004690,payment,5802.49,116.05,20.89,5665.55,netbanking,2026-01-21,UTR202601210001
STL0004691,pay0000001253,ORD0004691,payment,8401.87,168.04,30.25,8203.58,upi,2026-01-23,UTR202601230001
STL0004692,pay0000001254,ORD0004692,payment,2103.37,42.07,7.57,2053.73,netbanking,2026-01-30,UTR202601300001
STL0004693,pay0000001255,ORD0004693,payment,3848.27,76.97,13.85,3757.45,netbanking,2026-02-03,
STL0004694A,pay0000001256,ORD0004694,payment,2585.77,51.72,9.31,2524.74,wallet,2026-01-10,UTR202601100001
STL0004694B,pay0000001256,ORD0004694,payment,1723.85,34.48,6.21,1683.16,wallet,2026-01-10,UTR202601100001
STL0004695,pay0000001257,ORD0004695,payment,9354.49,187.09,33.68,9133.72,wallet,2026-01-10,UTR202601100001
STL0004696,pay0000001258,ORD0004696,payment,9306.49,186.13,33.50,9086.86,card_debit,2026-01-22,UTR202601220001
STL0004697,,,payment,1198.57,23.97,4.31,1170.29,netbanking,2026-01-26,UTR202601260001
STL0004698,pay000000125a,ORD0004698,payment,3654.66,73.09,13.16,3568.41,card_debit,2026-01-09,UTR202601090001
STL0004699,pay000000125b,ORD0004699,payment,7251.21,145.02,26.10,7080.09,card_debit,2026-02-03,
STL0004700,pay000000125c,ORD0004700,payment,3459.24,69.18,12.45,3377.61,card_credit,2026-01-10,UTR202601100001
STL0004701,pay000000125d,ORD0004701,payment,8758.44,175.17,31.53,8551.74,card_debit,2026-01-05,UTR202601050001
STL0004702,pay000000125e,ORD0004702,payment,7866.54,157.33,28.32,7680.89,wallet,2026-01-12,UTR202601120001
STL0004703,pay000000125f,ORD0004703,payment,7290.97,145.82,26.25,7118.90,wallet,2026-01-17,UTR202601170001
STL0004704,pay0000001260,ORD0004704,payment,8717.25,174.35,31.38,8511.52,card_debit,2026-01-06,UTR202601060001
STL0004705,pay0000001261,ORD0004705,payment,1621.14,32.42,5.84,1582.88,upi,2026-01-07,UTR202601070001
STL0004706,pay0000001262,ORD0004706,payment,2860.57,57.21,10.30,2793.06,upi,2026-01-06,UTR202601060001
STL0004707,pay0000001263,ORD0004707,payment,8844.94,176.90,31.84,8636.20,netbanking,2026-01-29,UTR202601290001
STL0004708,pay0000001264,ORD0004708,payment,9490.45,189.81,34.17,9266.47,netbanking,2026-01-05,UTR202601050001
STL0004709,pay0000001265,ORD0004709,payment,1279.16,25.58,4.60,1248.98,wallet,2026-01-26,UTR202601260001
STL0004710,pay0000001266,ORD0004710,payment,2712.50,54.25,9.77,2648.48,card_credit,2026-01-07,UTR202601070001
STL0004711,pay0000001267,ORD0004711,payment,988.73,19.77,3.56,965.40,wallet,2026-01-12,UTR202601120001
STL0004712,pay0000001268,ORD0004712,payment,9387.19,187.74,33.79,9165.66,wallet,2026-01-27,UTR202601270001
STL0004713,pay0000001269,ORD0004713,payment,3545.77,70.92,12.77,3462.08,netbanking,2026-01-28,UTR202601280001
STL0004714,pay000000126a,ORD0004714,payment,3212.11,64.24,11.56,3136.31,card_credit,2026-01-15,UTR202601150001
STL0004715,pay000000126b,ORD0004715,payment,341.70,6.83,1.23,333.64,netbanking,2026-01-19,UTR202601190001
STL0004716,pay000000126c,ORD0004716,payment,8146.14,162.92,29.33,7953.89,netbanking,2026-01-08,UTR202601080001
STL0004717,pay000000126d,ORD0004717,payment,679.98,13.60,2.45,663.93,netbanking,2026-01-06,UTR202601060001
STL0004718,pay000000126e,ORD0004718,payment,4501.21,90.02,16.20,4394.99,card_debit,2026-01-18,UTR202601180001
STL0004719,pay000000126f,ORD0004719,payment,6892.70,137.85,24.81,6730.04,card_debit,2026-01-11,UTR202601110001
STL0004720,pay0000001270,ORD0004720,payment,6825.52,136.51,24.57,6664.44,upi,2026-01-08,UTR202601080001
STL0004721,pay0000001271,ORD0004721,payment,5512.23,110.24,19.84,5382.15,netbanking,2026-01-27,UTR202601270001
STL0004722,pay0000001272,ORD0004722,payment,2580.65,51.61,9.29,2519.75,card_credit,2026-01-08,UTR202601080001
STL0004723,pay0000001273,ORD0004723,payment,992.17,19.84,3.57,968.76,card_credit,2026-01-20,UTR202601200001
STL0004724,pay0000001274,ORD0004724,payment,3114.35,62.29,11.21,3040.85,upi,2026-01-28,UTR202601280001
STL0004725,pay0000001275,ORD0004725,payment,2935.88,58.72,10.57,2866.59,wallet,2026-01-11,UTR202601110001
STL0004726,pay0000001276,ORD0004726,payment,4318.34,86.37,15.55,4216.42,wallet,2026-01-15,UTR202601150001
STL0004727,pay0000001277,ORD0004727,payment,687.89,13.76,2.48,671.65,wallet,2026-01-12,UTR202601120001
STL0004728,pay0000001278,ORD0004728,payment,2993.51,59.87,10.78,2922.86,card_debit,2026-01-06,UTR202601060001
STL0004729,pay0000001279,ORD0004729,payment,6518.59,130.37,23.47,6364.75,netbanking,2026-01-24,UTR202601240001
STL0004730,pay000000127a,ORD0004730,payment,8800.14,176.00,31.68,8592.46,wallet,2026-01-14,UTR202601140001
STL0004730X,,,adjustment,122.36,0.00,0.00,122.36,wallet,2026-01-14,UTR202601140001
STL0004731,pay000000127b,ORD0004731,payment,4047.71,80.95,14.57,3952.19,card_debit,2026-01-06,UTR202601060001
STL0004732,pay000000127c,ORD0004732,payment,3355.46,67.11,12.08,3276.27,wallet,2026-01-23,UTR202601230001
STL0004733,pay000000127d,ORD0004733,payment,1844.50,36.89,6.64,1800.97,netbanking,2026-01-04,UTR202601040001
STL0004734,pay000000127e,ORD0004734,payment,4543.05,90.86,16.35,4435.84,card_debit,2026-01-20,UTR202601200001
STL0004735,pay000000127f,ORD0004735,payment,2455.81,49.12,8.84,2397.85,card_credit,2026-01-11,
STL0004736,pay0000001280,ORD0004736,payment,8631.84,172.64,31.08,8428.12,upi,2026-01-21,UTR202601210001
STL0004737,pay0000001281,ORD0004737,payment,8320.72,166.41,29.95,8124.36,card_debit,2026-01-10,UTR202601100001
STL0004738,pay0000001282,ORD0004738,payment,3974.34,79.49,14.31,3880.54,card_debit,2026-01-17,UTR202601170001
STL0004739,pay0000001283,ORD0004739,payment,2011.08,40.22,7.24,1963.62,wallet,2026-01-10,UTR202601100001
STL0004740,,,payment,9990.29,199.81,35.97,9754.51,card_credit,2026-01-10,UTR202601100001
STL0004741,pay0000001285,ORD0004741,payment,5529.00,110.58,19.90,5398.52,card_credit,2026-01-16,UTR202601160001
STL0004742,pay0000001286,ORD0004742,payment,5328.93,106.58,19.18,5203.17,card_debit,2026-01-16,UTR202601160001
STL0004743,pay0000001287,ORD0004743,payment,7632.95,152.66,27.48,7452.81,card_debit,2026-01-21,UTR202601210001
STL0004744,pay0000001288,ORD0004744,payment,3607.12,72.14,12.99,3521.99,card_credit,2026-01-02,UTR202601020001
STL0004745,pay0000001289,ORD0004745,payment,232.63,4.65,0.84,227.14,wallet,2026-01-22,UTR202601220001
STL0004746,pay000000128a,ORD0004746,payment,3918.47,78.37,14.11,3825.99,upi,2026-01-22,UTR202601220001
STL0004747,pay000000128b,ORD0004747,payment,4481.58,89.63,16.13,4375.82,card_debit,2026-01-28,UTR202601280001
STL0004748,pay000000128c,ORD0004748,payment,1012.95,20.26,3.65,989.04,upi,2026-01-29,UTR202601290001
STL0004749,pay000000128d,ORD0004749,payment,1311.53,26.23,4.72,1280.58,upi,2026-01-27,UTR202601270001
STL0004750,pay000000128e,ORD0004750,payment,8374.41,167.49,30.15,8176.77,wallet,2026-01-20,UTR202601200001
STL0004751,pay000000128f,ORD0004751,payment,4779.47,95.59,17.21,4666.67,wallet,2026-01-10,UTR202601100001
STL0004752,pay0000001290,ORD0004752,payment,6998.60,139.97,25.19,6833.44,netbanking,2026-01-15,UTR202601150001
STL0004753,pay0000001291,ORD0004753,payment,6414.84,128.30,23.09,6263.45,netbanking,2026-01-20,UTR202601200001
STL0004754,pay0000001292,ORD0004754,payment,4803.03,96.06,17.29,4689.68,wallet,2026-01-25,UTR202601250001
STL0004754X,,,adjustment,412.12,0.00,0.00,412.12,wallet,2026-01-25,UTR202601250001
STL0004755,pay0000001293,ORD0004755,payment,4622.03,92.44,16.64,4512.95,wallet,2026-01-04,UTR202601040001
STL0004756,pay0000001294,ORD0004756,payment,9981.12,199.62,35.93,9745.57,netbanking,2026-01-25,UTR202601250001
STL0004757,pay0000001295,ORD0004757,payment,3764.10,75.28,13.55,3675.27,upi,2026-01-16,UTR202601160001
STL0004758,pay0000001296,ORD0004758,payment,807.93,16.16,2.91,788.86,upi,2026-01-19,UTR202601190001
STL0004759,pay0000001297,ORD0004759,payment,6948.52,138.97,25.01,6784.54,card_debit,2026-01-13,UTR202601130001
STL0004760,pay0000001298,ORD0004760,payment,7285.20,145.70,26.23,7113.27,netbanking,2026-01-10,UTR202601100001
STL0004761,pay0000001299,ORD0004761,payment,3440.82,68.82,12.39,3359.61,card_credit,2026-01-02,UTR202601020001
STL0004762,pay000000129a,ORD0004762,payment,4288.73,85.77,15.44,4187.52,card_credit,2026-01-25,UTR202601250001
STL0004762X,,,chargeback,-496.12,0.00,0.00,-496.12,card_credit,2026-01-25,UTR202601250001
STL0004763,pay000000129b,ORD0004763,payment,9454.77,189.10,34.04,9231.63,netbanking,2026-01-12,UTR202601120001
STL0004763X,,,chargeback,-356.96,0.00,0.00,-356.96,netbanking,2026-01-12,UTR202601120001
STL0004764,pay000000129c,ORD0004764,payment,6168.81,123.38,22.21,6023.22,upi,2026-01-08,UTR202601080001
STL0004765,pay000000129d,ORD0004765,payment,354.09,7.08,1.27,345.74,card_debit,2026-01-08,UTR202601080001
STL0004766,pay000000129e,ORD0004766,payment,9141.17,182.82,32.91,8925.44,card_debit,2026-01-26,UTR202601260001
STL0004767,pay000000129f,ORD0004767,payment,9175.26,183.51,33.03,8958.72,netbanking,2026-01-28,UTR202601280001
STL0004768,pay00000012a0,ORD0004768,payment,2619.81,52.40,9.43,2557.98,netbanking,2026-01-18,UTR202601180001
STL0004769,pay00000012a1,ORD0004769,payment,9108.44,182.17,32.79,8893.48,wallet,2026-01-04,UTR202601040001
STL0004770,pay00000012a2,ORD0004770,payment,203.65,4.07,0.73,198.85,card_debit,2026-01-25,UTR202601250001
STL0004771,pay00000012a3,ORD0004771,payment,6109.13,122.18,21.99,5964.96,card_debit,2026-01-16,UTR202601160001
STL0004772,pay00000012a4,ORD0004772,payment,1550.91,31.02,5.58,1514.31,wallet,2026-01-25,UTR202601250001
STL0004773,pay00000012a5,ORD0004773,payment,4984.14,99.68,17.94,4866.52,netbanking,2026-01-04,UTR202601040001
STL0004774,pay00000012a6,ORD0004774,payment,9917.76,198.36,35.70,9683.70,card_credit,2026-01-09,UTR202601090001
STL0004775,pay00000012a7,ORD0004775,payment,2220.48,44.41,7.99,2168.08,wallet,2026-01-24,UTR202601240001
STL0004776,,,payment,7751.35,155.03,27.91,7568.41,wallet,2026-01-24,UTR202601240001
STL0004777,pay00000012a9,ORD0004777,payment,2062.05,41.24,7.42,2013.39,netbanking,2026-01-11,UTR202601110001
STL0004777X,,,refund,-491.79,0.00,0.00,-491.79,netbanking,2026-01-11,UTR202601110001
STL0004778,pay00000012aa,ORD0004778,payment,9465.00,189.30,34.07,9241.63,upi,2026-01-03,UTR202601030001
STL0004779,pay00000012ab,ORD0004779,payment,3165.96,63.32,11.40,3091.24,netbanking,2026-01-11,UTR202601110001
STL0004780,pay00000012ac,ORD0004780,payment,4340.61,86.81,15.63,4238.17,netbanking,2026-01-07,UTR202601070001
STL0004781,pay00000012ad,ORD0004781,payment,7309.59,146.19,26.31,7137.09,wallet,2026-01-05,UTR202601050001
STL0004782,pay00000012ae,ORD0004782,payment,5204.86,104.10,18.74,5082.02,wallet,2026-01-11,UTR202601110001
STL0004783,pay00000012af,ORD0004783,payment,3012.88,60.26,10.85,2941.77,card_credit,2026-01-24,UTR202601240001
STL0004784,pay00000012b0,ORD0004784,payment,3718.44,74.37,13.39,3630.68,card_credit,2026-01-09,UTR202601090001
STL0004785,pay00000012b1,ORD0004785,payment,9119.35,182.39,32.83,8904.13,netbanking,2026-01-03,UTR202601030001
STL0004786,pay00000012b2,ORD0004786,payment,4989.08,99.78,17.96,4871.34,upi,2026-01-11,UTR202601110001
STL0004787,pay00000012b3,ORD0004787,payment,5038.35,100.77,18.14,4919.44,card_credit,2026-01-15,UTR202601150001
STL0004788,pay00000012b4,ORD0004788,payment,3682.69,73.65,13.26,3595.78,card_credit,2026-01-08,UTR202601080001
STL0004789,pay00000012b5,ORD0004789,payment,8042.65,160.85,28.95,7852.85,wallet,2026-01-10,
STL0004790,pay00000012b6,ORD0004790,payment,7529.86,150.60,27.11,7352.15,netbanking,2026-01-03,UTR202601030001
STL0004791,pay00000012b7,ORD0004791,payment,3749.13,74.98,13.50,3660.65,card_credit,2026-01-25,UTR202601250001
STL0004792,pay00000012b8,ORD0004792,payment,3605.86,72.12,12.98,3520.76,netbanking,2026-01-10,UTR202601100001
STL0004793,pay00000012b9,ORD0004793,payment,3590.67,71.81,12.93,3505.93,card_debit,2026-01-09,UTR202601090001
STL0004794,pay00000012ba,ORD0004794,payment,4512.17,90.24,16.24,4405.69,card_credit,2026-01-03,UTR202601030001
STL0004795,pay00000012bb,ORD0004795,payment,8975.22,179.50,32.31,8763.41,card_debit,2026-01-20,UTR202601200001
STL0004796,pay00000012bc,ORD0004796,payment,6138.27,122.77,22.10,5993.40,upi,2026-01-27,UTR202601270001
STL0004796X,,,refund,-396.80,0.00,0.00,-396.80,upi,2026-01-27,UTR202601270001
STL0004798,pay00000012be,ORD0004798,payment,9303.05,186.06,33.49,9083.50,netbanking,2026-01-14,UTR202601140001
STL0004799,pay00000012bf,ORD0004799,payment,2906.21,58.12,10.46,2837.63,card_credit,2026-01-15,UTR202601150001
STL0004800,pay00000012c0,ORD0004800,payment,4461.97,89.24,16.06,4356.67,netbanking,2026-01-06,UTR202601060001
STL0004801,pay00000012c1,ORD0004801,payment,7019.23,140.38,25.27,6853.58,wallet,2026-01-03,UTR202601030001
STL0004802,pay00000012c2,ORD0004802,payment,7043.19,223.97,25.35,6793.87,wallet,2026-01-22,UTR202601220001
STL0004803,pay00000012c3,ORD0004803,payment,3872.77,77.46,13.94,3781.37,card_credit,2026-02-01,
STL0004804,pay00000012c4,ORD0004804,payment,2901.44,58.03,10.45,2832.96,card_debit,2026-01-24,UTR202601240001
STL0004805,pay00000012c5,ORD0004805,payment,7390.87,147.82,26.61,7216.44,upi,2026-01-08,UTR202601080001
STL0004806,pay00000012c6,ORD0004806,payment,8793.91,175.88,31.66,8586.37,netbanking,2026-01-19,UTR202601190001
STL0004807,pay00000012c7,ORD0004807,payment,1636.22,32.72,5.89,1597.61,upi,2026-01-05,UTR202601050001
STL0004808,pay00000012c8,ORD0004808,payment,930.25,18.61,3.35,908.29,card_credit,2026-01-19,UTR202601190001
STL0004809,pay00000012c9,ORD0004809,payment,4734.78,94.70,17.05,4623.03,upi,2026-01-11,UTR202601110001
STL0004810,pay00000012ca,ORD0004810,payment,7693.49,153.87,27.70,7511.92,card_credit,2026-01-25,UTR202601250001
STL0004811,pay00000012cb,ORD0004811,payment,9072.49,181.45,32.66,8858.38,card_credit,2026-01-11,UTR202601110001
STL0004812,pay00000012cc,ORD0004812,payment,2962.25,59.25,10.67,2892.33,card_debit,2026-01-07,UTR202601070001
STL0004813,pay00000012cd,ORD0004813,payment,2374.04,47.48,8.55,2318.01,card_debit,2026-01-29,UTR202601290001
STL0004814,pay00000012ce,ORD0004814,payment,865.74,17.31,3.12,845.31,netbanking,2026-01-20,UTR202601200001
STL0004815,pay00000012cf,ORD0004815,payment,1006.51,20.13,3.62,982.76,upi,2026-01-09,UTR202601090001
STL0004816,pay00000012d0,ORD0004816,payment,1975.25,39.51,7.11,1928.63,card_credit,2026-01-04,UTR202601040001
STL0004817,pay00000012d1,ORD0004817,payment,9449.54,188.99,34.02,9226.53,card_credit,2026-01-15,UTR202601150001
STL0004818,pay00000012d2,ORD0004818,payment,6527.15,130.54,23.50,6373.11,upi,2026-01-18,UTR202601180001
STL0004819A,pay00000012d3,ORD0004819,payment,3792.45,75.85,13.65,3702.95,wallet,2026-01-14,UTR202601140001
STL0004819B,pay00000012d3,ORD0004819,payment,2528.30,50.57,9.10,2468.63,wallet,2026-01-14,UTR202601140001
STL0004820,pay00000012d4,ORD0004820,payment,3188.35,63.77,11.48,3113.10,wallet,2026-01-24,UTR202601240001
STL0004821,pay00000012d5,ORD0004821,payment,3468.36,69.37,12.49,3386.50,netbanking,2026-01-13,UTR202601130001
STL0004822,pay00000012d6,ORD0004822,payment,7952.14,159.04,28.63,7764.47,card_debit,2026-01-23,UTR202601230001
STL0004823,pay00000012d7,ORD0004823,payment,1023.17,20.46,3.68,999.03,wallet,2026-01-22,UTR202601220001
STL0004823X,,,adjustment,31.90,0.00,0.00,31.90,wallet,2026-01-22,UTR202601220001
STL0004824,pay00000012d8,ORD0004824,payment,7684.13,153.68,27.66,7502.79,card_credit,2026-01-03,UTR202601030001
STL0004825,pay00000012d9,ORD0004825,payment,1987.63,39.75,7.16,1940.72,card_debit,2026-01-12,UTR202601120001
STL0004826,pay00000012da,ORD0004826,payment,1651.11,33.02,5.94,1612.15,card_debit,2026-01-06,UTR202601060001
STL0004827,pay00000012db,ORD0004827,payment,8886.35,177.73,31.99,8676.63,wallet,2026-01-03,UTR202601030001
STL0004828,pay00000012dc,ORD0004828,payment,4956.18,99.12,17.84,4839.22,card_credit,2026-01-08,UTR202601080001
STL0004829,pay00000012dd,ORD0004829,payment,929.01,18.58,3.34,907.09,card_credit,2026-01-09,UTR202601090001
STL0004830,pay00000012de,ORD0004830,payment,8907.14,178.14,32.07,8696.93,upi,2026-01-03,UTR202601030001
STL0004831,pay00000012df,ORD0004831,payment,8482.39,169.65,30.54,8282.20,netbanking,2026-01-12,UTR202601120001
STL0004832,pay00000012e0,ORD0004832,payment,7048.48,140.97,25.37,6882.14,wallet,2026-01-24,UTR202601240001
STL0004833,pay00000012e1,ORD0004833,payment,7768.67,155.37,27.97,7585.33,card_credit,2026-01-17,UTR202601170001
STL0004834,pay00000012e2,ORD0004834,payment,3285.59,65.71,11.83,3208.05,netbanking,2026-01-14,UTR202601140001
STL0004835,pay00000012e3,ORD0004835,payment,8395.91,167.92,30.23,8197.76,upi,2026-01-12,UTR202601120001
STL0004836,pay00000012e4,ORD0004836,payment,7785.25,155.71,28.03,7601.51,wallet,2026-01-08,UTR202601080001
STL0004837,pay00000012e5,ORD0004837,payment,6274.97,125.50,22.59,6126.88,netbanking,2026-01-10,UTR202601100001
STL0004838,pay00000012e6,ORD0004838,payment,865.18,17.30,3.11,844.77,upi,2026-01-22,UTR202601220001
STL0004839,pay00000012e7,ORD0004839,payment,7850.58,157.01,28.26,7665.31,upi,2026-01-16,UTR202601160001
STL0004839X,,,adjustment,465.27,0.00,0.00,465.27,upi,2026-01-16,UTR202601160001
STL0004840,pay00000012e8,ORD0004840,payment,7625.10,152.50,27.45,7445.15,card_credit,2026-01-20,UTR202601200001
STL0004841,pay00000012e9,ORD0004841,payment,7765.02,155.30,27.95,7581.77,netbanking,2026-01-05,UTR202601050001
STL0004842,pay00000012ea,ORD0004842,payment,9704.90,194.10,34.94,9475.86,netbanking,2026-01-06,UTR202601060001
STL0004843,pay00000012eb,ORD0004843,payment,6695.29,133.91,24.10,6537.28,wallet,2026-01-15,UTR202601150001
STL0004844,pay00000012ec,ORD0004844,payment,4004.88,80.10,14.42,3910.36,card_credit,2026-01-06,UTR202601060001
STL0004845,pay00000012ed,ORD0004845,payment,8389.73,167.79,30.20,8191.74,upi,2026-01-24,UTR202601240001
STL0004846,pay00000012ee,ORD0004846,payment,2420.86,48.42,8.72,2363.72,card_debit,2026-01-06,UTR202601060001
STL0004847,pay00000012ef,ORD0004847,payment,4785.09,95.70,17.23,4672.16,upi,2026-02-02,
STL0004848,pay00000012f0,ORD0004848,payment,9577.12,191.54,34.48,9351.10,card_debit,2026-01-11,UTR202601110001
STL0004849,pay00000012f1,ORD0004849,payment,2011.70,40.23,7.24,1964.23,wallet,2026-01-19,UTR202601190001
STL0004850,pay00000012f2,ORD0004850,payment,3100.83,62.02,11.16,3027.65,upi,2026-01-14,UTR202601140001
STL0004851,pay00000012f3,ORD0004851,payment,5370.76,107.42,19.34,5244.00,wallet,2026-01-27,UTR202601270001
STL0004852,pay00000012f4,ORD0004852,payment,8456.66,169.13,30.44,8257.09,upi,2026-01-16,UTR202601160001
STL0004853,pay00000012f5,ORD0004853,payment,9812.36,196.25,35.33,9580.78,netbanking,2026-01-28,UTR202601280001
STL0004854,pay00000012f6,ORD0004854,payment,8888.51,177.77,32.00,8678.74,netbanking,2026-01-12,UTR202601120001
STL0004855,pay00000012f7,ORD0004855,payment,6369.72,127.39,22.93,6219.40,upi,2026-01-14,UTR202601140001
STL0004856,pay00000012f8,ORD0004856,payment,879.84,17.60,3.17,859.07,wallet,2026-01-24,UTR202601240001
STL0004857,pay00000012f9,ORD0004857,payment,4116.91,82.34,14.82,4019.75,upi,2026-01-24,UTR202601240001
STL0004858,pay00000012fa,ORD0004858,payment,3457.21,69.14,12.45,3375.62,card_debit,2026-01-22,UTR202601220001
STL0004859,pay00000012fb,ORD0004859,payment,5165.43,103.31,18.60,5043.52,netbanking,2026-01-20,UTR202601200001
STL0004860,pay00000012fc,ORD0004860,payment,3999.20,79.98,14.40,3904.82,wallet,2026-01-15,UTR202601150001
STL0004861,pay00000012fd,ORD0004861,payment,781.66,15.63,2.81,763.22,netbanking,2026-01-08,UTR202601080001
STL0004862,pay00000012fe,ORD0004862,payment,9285.41,185.71,33.43,9066.27,upi,2026-01-06,UTR202601060001
STL0004863,pay00000012ff,ORD0004863,payment,9108.06,182.16,32.79,8893.11,netbanking,2026-01-09,UTR202601090001
STL0004864,pay0000001300,ORD0004864,payment,2910.54,58.21,10.48,2841.85,wallet,2026-01-23,UTR202601230001
STL0004865,pay0000001301,ORD0004865,payment,2252.29,45.05,8.11,2199.13,upi,2026-01-19,UTR202601190001
STL0004866,pay0000001302,ORD0004866,payment,7662.50,153.25,27.59,7481.66,card_debit,2026-01-11,UTR202601110001
STL0004867,pay0000001303,ORD0004867,payment,9974.21,199.48,35.91,9738.82,wallet,2026-01-24,UTR202601240001
STL0004868,pay0000001304,ORD0004868,payment,1284.63,25.69,4.62,1254.32,upi,2026-01-12,UTR202601120001
STL0004869,pay0000001305,ORD0004869,payment,2451.94,49.04,8.83,2394.07,card_debit,2026-01-13,UTR202601130001
STL0004870,pay0000001306,ORD0004870,payment,9260.83,185.22,33.34,9042.27,upi,2026-01-04,UTR202601040001
STL0004871,pay0000001307,ORD0004871,payment,3479.78,69.60,12.53,3397.65,netbanking,2026-01-27,UTR202601270001
STL0004872,pay0000001308,ORD0004872,payment,8475.69,169.51,30.51,8275.67,wallet,2026-01-21,UTR202601210001
STL0004873,pay0000001309,ORD0004873,payment,6577.36,131.55,23.68,6422.13,netbanking,2026-01-19,UTR202601190001
STL0004874,pay000000130a,ORD0004874,payment,1569.99,31.40,5.65,1532.94,wallet,2026-01-22,UTR202601220001
STL0004875,pay000000130b,ORD0004875,payment,9155.26,183.11,32.96,8939.19,wallet,2026-01-07,UTR202601070001
STL0004876,pay000000130c,ORD0004876,payment,7975.60,159.51,28.71,7787.38,card_debit,2026-01-26,UTR202601260001
STL0004877,pay000000130d,ORD0004877,payment,2203.53,44.07,7.93,2151.53,wallet,2026-01-05,UTR202601050001
STL0004878,pay000000130e,ORD0004878,payment,5616.74,112.33,20.22,5484.19,netbanking,2026-01-26,UTR202601260001
STL0004879,pay000000130f,ORD0004879,payment,6706.85,134.14,24.15,6548.56,netbanking,2026-01-19,UTR202601190001
STL0004880,pay0000001310,ORD0004880,payment,8411.54,168.23,30.28,8213.03,card_credit,2026-01-20,UTR202601200001
STL0004881,pay0000001311,ORD0004881,payment,8718.15,174.36,31.38,8512.41,upi,2026-01-20,UTR202601200001
STL0004882,pay0000001312,ORD0004882,payment,6675.81,133.52,24.03,6518.26,card_credit,2026-01-09,UTR202601090001
STL0004883,pay0000001313,ORD0004883,payment,7440.65,148.81,26.79,7265.05,wallet,2026-01-14,UTR202601140001
STL0004884,pay0000001314,ORD0004884,payment,5640.56,112.81,20.31,5507.44,upi,2026-01-24,UTR202601240001
STL0004885,pay0000001315,ORD0004885,payment,3057.74,61.15,11.01,2985.58,netbanking,2026-01-18,UTR202601180001
STL0004886,pay0000001316,ORD0004886,payment,7980.60,159.61,28.73,7792.26,wallet,2026-01-07,UTR202601070001
STL0004887,pay0000001317,ORD0004887,payment,2701.64,54.03,9.73,2637.88,netbanking,2026-01-14,UTR202601140001
STL0004888,pay0000001318,ORD0004888,payment,3342.54,66.85,12.03,3263.66,netbanking,2026-01-06,UTR202601060001
STL0004889,pay0000001319,ORD0004889,payment,1175.13,23.50,4.23,1147.40,wallet,2026-01-23,UTR202601230001
STL0004890,pay000000131a,ORD0004890,payment,9813.01,196.26,35.33,9581.42,wallet,2026-01-25,UTR202601250001
STL0004891,pay000000131b,ORD0004891,payment,3685.10,73.70,13.27,3598.13,upi,2026-01-25,UTR202601250001
STL0004892,pay000000131c,ORD0004892,payment,4157.38,83.15,14.97,4059.26,upi,2026-01-27,UTR202601270001
STL0004893,pay000000131d,ORD0004893,payment,3436.79,68.74,12.37,3355.68,card_debit,2026-01-22,UTR202601220001
STL0004894,pay000000131e,ORD0004894,payment,2949.21,58.98,10.62,2879.61,wallet,2026-01-07,UTR202601070001
STL0004895,pay000000131f,ORD0004895,payment,2259.08,45.18,8.13,2205.77,netbanking,2026-01-12,UTR202601120001
STL0004896,pay0000001320,ORD0004896,payment,5958.03,119.16,21.45,5817.42,netbanking,2026-01-23,UTR202601230001
STL0004897,pay0000001321,ORD0004897,payment,522.10,10.44,1.88,509.78,upi,2026-01-05,UTR202601050001
STL0004898,pay0000001322,ORD0004898,payment,2065.81,41.32,7.44,2017.05,card_debit,2026-01-12,UTR202601120001
STL0004899,pay0000001323,ORD0004899,payment,2542.66,97.38,9.15,2436.13,netbanking,2026-01-14,UTR202601140001
STL0004900,pay0000001324,ORD0004900,payment,2863.05,57.26,10.31,2795.48,wallet,2026-01-15,UTR202601150001
STL0004901,pay0000001325,ORD0004901,payment,4125.38,82.51,14.85,4028.02,netbanking,2026-01-04,UTR202601040001
STL0004902,pay0000001326,ORD0004902,payment,1449.79,29.00,5.22,1415.57,card_credit,2026-01-19,UTR202601190001
STL0004903,pay0000001327,ORD0004903,payment,4147.79,82.96,14.93,4049.90,upi,2026-01-26,UTR202601260001
STL0004903X,,,refund,-470.69,0.00,0.00,-470.69,upi,2026-01-26,UTR202601260001
STL0004904,pay0000001328,ORD0004904,payment,5569.95,111.40,20.05,5438.50,card_debit,2026-01-29,UTR202601290001
STL0004905,pay0000001329,ORD0004905,payment,3826.33,76.53,13.78,3736.02,card_credit,2026-01-25,UTR202601250001
STL0004906,pay000000132a,ORD0004906,payment,7582.58,151.65,27.30,7403.63,upi,2026-01-27,UTR202601270001
STL0004907,pay000000132b,ORD0004907,payment,4765.41,95.31,17.16,4652.94,upi,2026-01-12,UTR202601120001
STL0004908,pay000000132c,ORD0004908,payment,4055.41,81.11,14.60,3959.70,wallet,2026-01-07,UTR202601070001
STL0004909A,pay000000132d,ORD0004909,payment,3008.38,60.17,10.83,2937.38,netbanking,2026-01-23,UTR202601230001
STL0004909B,pay000000132d,ORD0004909,payment,2005.58,40.11,7.22,1958.25,netbanking,2026-01-23,UTR202601230001
STL0004910,pay000000132e,ORD0004910,payment,8149.93,163.00,29.34,7957.59,card_credit,2026-01-29,UTR202601290001
STL0004910X,,,chargeback,-373.69,0.00,0.00,-373.69,card_credit,2026-01-29,UTR202601290001
STL0004911,pay000000132f,ORD0004911,payment,7313.23,146.26,26.33,7140.64,upi,2026-01-22,UTR202601220001
STL0004912,pay0000001330,ORD0004912,payment,3933.43,78.67,14.16,3840.60,card_credit,2026-01-15,UTR202601150001
STL0004913,pay0000001331,ORD0004913,payment,8325.08,166.50,29.97,8128.61,upi,2026-01-11,UTR202601110001
STL0004914,pay0000001332,ORD0004914,payment,2894.79,57.90,10.42,2826.47,card_debit,2026-01-23,UTR202601230001
STL0004915,pay0000001333,ORD0004915,payment,6758.80,135.18,24.33,6599.29,netbanking,2026-01-13,UTR202601130001
STL0004916,pay0000001334,ORD0004916,payment,3959.00,79.18,14.25,3865.57,netbanking,2026-01-26,UTR202601260001
STL0004917,pay0000001335,ORD0004917,payment,6701.69,134.03,24.13,6543.53,wallet,2026-01-29,UTR202601290001
STL0004918,pay0000001336,ORD0004918,payment,5170.59,103.41,18.61,5048.57,wallet,2026-01-06,UTR202601060001
STL0004919,pay0000001337,ORD0004919,payment,1482.06,29.64,5.34,1447.08,card_credit,2026-01-27,UTR202601270001
STL0004920,pay0000001338,ORD0004920,payment,9008.02,180.16,32.43,8795.43,card_debit,2026-01-05,UTR202601050001
STL0004921,pay0000001339,ORD0004921,payment,1185.20,23.70,4.27,1157.23,netbanking,2026-01-15,UTR202601150001
STL0004922,pay000000133a,ORD0004922,payment,539.28,10.79,1.94,526.55,card_credit,2026-01-23,UTR202601230001
STL0004923,pay000000133b,ORD0004923,payment,4853.02,97.06,17.47,4738.49,wallet,2026-01-17,UTR202601170001
STL0004924,pay000000133c,ORD0004924,payment,2525.69,50.51,9.09,2466.09,card_credit,2026-01-25,UTR202601250001
STL0004925,pay000000133d,ORD0004925,payment,5077.55,101.55,18.28,4957.72,netbanking,2026-01-07,UTR202601070001
STL0004926,pay000000133e,ORD0004926,payment,3536.25,70.73,12.73,3452.79,card_credit,2026-01-14,UTR202601140001
STL0004927,pay000000133f,ORD0004927,payment,7672.49,153.45,27.62,7491.42,netbanking,2026-01-22,UTR202601220001
STL0004928,pay0000001340,ORD0004928,payment,9185.66,183.71,33.07,8968.88,wallet,2026-01-22,UTR202601220001
STL0004929,pay0000001341,ORD0004929,payment,1595.15,31.90,5.74,1557.51,card_credit,2026-01-10,UTR202601100001
STL0004930,pay0000001342,ORD0004930,payment,190.10,3.80,0.68,185.62,wallet,2026-01-30,UTR202601300001
STL0004931,pay0000001343,ORD0004931,payment,5119.94,102.40,18.43,4999.11,netbanking,2026-01-15,UTR202601150001
STL0004932,pay0000001344,ORD0004932,payment,1634.31,32.69,5.88,1595.74,upi,2026-01-28,UTR202601280001
STL0004933,pay0000001345,ORD0004933,payment,4309.87,86.20,15.52,4208.15,card_credit,2026-01-09,UTR202601090001
STL0004934,pay0000001346,ORD0004934,payment,3156.84,63.14,11.37,3082.33,netbanking,2026-01-03,UTR202601030001
STL0004935,pay0000001347,ORD0004935,payment,4666.84,93.34,16.80,4556.70,netbanking,2026-01-24,UTR202601240001
STL0004936,pay0000001348,ORD0004936,payment,5134.00,102.68,18.48,5012.84,wallet,2026-01-25,UTR202601250001
STL0004937,pay0000001349,ORD0004937,payment,3353.54,67.07,12.07,3274.40,card_debit,2026-01-22,UTR202601220001
STL0004938,pay000000134a,ORD0004938,payment,2976.67,59.53,10.72,2906.42,netbanking,2026-02-02,
STL0004939,pay000000134b,ORD0004939,payment,1061.68,21.23,3.82,1036.63,wallet,2026-01-03,UTR202601030001
STL0004940,pay000000134c,ORD0004940,payment,6915.67,138.31,24.90,6752.46,upi,2026-01-05,UTR202601050001
STL0004941,pay000000134d,ORD0004941,payment,4828.57,96.57,17.38,4714.62,netbanking,2026-01-20,UTR202601200001
STL0004942,pay000000134e,ORD0004942,payment,7352.67,147.05,26.47,7179.15,card_credit,2026-01-22,UTR202601220001
STL0004943,pay000000134f,ORD0004943,payment,4176.95,83.54,15.04,4078.37,card_credit,2026-01-26,UTR202601260001
STL0004944,pay0000001350,ORD0004944,payment,8190.11,163.80,29.48,7996.83,card_debit,2026-01-10,UTR202601100001
STL0004945,pay0000001351,ORD0004945,payment,2080.57,41.61,7.49,2031.47,card_credit,2026-01-27,UTR202601270001
STL0004946,pay0000001352,ORD0004946,payment,8347.29,166.95,30.05,8150.29,upi,2026-01-14,UTR202601140001
STL0004947,pay0000001353,ORD0004947,payment,4770.30,95.41,17.17,4657.72,card_debit,2026-01-08,UTR202601080001
STL0004948,pay0000001354,ORD0004948,payment,900.21,18.00,3.24,878.97,upi,2026-01-09,UTR202601090001
STL0004949,pay0000001355,ORD0004949,payment,6423.24,128.46,23.12,6271.66,upi,2026-01-02,UTR202601020001
STL0004950,pay0000001356,ORD0004950,payment,9555.17,191.10,34.40,9329.67,card_credit,2026-01-13,UTR202601130001
STL0004951,pay0000001357,ORD0004951,payment,2382.23,47.64,8.58,2326.01,card_debit,2026-01-17,UTR202601170001
STL0004952,pay0000001358,ORD0004952,payment,7473.66,149.47,26.90,7297.29,card_credit,2026-01-26,UTR202601260001
STL0004953,pay0000001359,ORD0004953,payment,239.32,4.79,0.86,233.67,netbanking,2026-01-08,UTR202601080001
STL0004954,pay000000135a,ORD0004954,payment,2399.18,47.98,8.64,2342.56,netbanking,2026-01-29,UTR202601290001
STL0004955,pay000000135b,ORD0004955,payment,5884.57,117.69,21.18,5745.70,wallet,2026-01-28,UTR202601280001
STL0004956,pay000000135c,ORD0004956,payment,8915.80,178.32,32.10,8705.38,card_debit,2026-01-13,UTR202601130001
STL0004957,pay000000135d,ORD0004957,payment,4942.48,98.85,17.79,4825.84,card_debit,2026-01-27,UTR202601270001
STL0004958,pay000000135e,ORD0004958,payment,9064.52,181.29,32.63,8850.60,wallet,2026-01-27,UTR202601270001
STL0004958X,,,chargeback,-445.54,0.00,0.00,-445.54,wallet,2026-01-27,UTR202601270001
STL0004959,pay000000135f,ORD0004959,payment,1351.60,27.03,4.87,1319.70,card_debit,2026-01-09,UTR202601090001
STL0004960,pay0000001360,ORD0004960,payment,1672.93,33.46,6.02,1633.45,wallet,2026-01-27,UTR202601270001
STL0004961,pay0000001361,ORD0004961,payment,6735.92,134.72,24.25,6576.95,wallet,2026-01-20,UTR202601200001
STL0004962,pay0000001362,ORD0004962,payment,4139.68,82.79,14.90,4041.99,card_credit,2026-01-27,UTR202601270001
STL0004963,pay0000001363,ORD0004963,payment,3908.86,78.18,14.07,3816.61,card_credit,2026-01-25,UTR202601250001
STL0004964,pay0000001364,ORD0004964,payment,9699.44,193.99,34.92,9470.53,wallet,2026-01-04,UTR202601040001
STL0004965,pay0000001365,ORD0004965,payment,8021.51,160.43,28.88,7832.20,netbanking,2026-01-24,UTR202601240001
STL0004966A,pay0000001366,ORD0004966,payment,1183.15,23.66,4.26,1155.23,card_debit,2026-01-19,UTR202601190001
STL0004966B,pay0000001366,ORD0004966,payment,788.77,15.78,2.84,770.15,card_debit,2026-01-19,UTR202601190001
STL0004967,pay0000001367,ORD0004967,payment,6800.48,136.01,24.48,6639.99,card_debit,2026-01-24,UTR202601240001
STL0004968,pay0000001368,ORD0004968,payment,9979.26,199.59,35.93,9743.74,upi,2026-01-26,UTR202601260001
STL0004969,pay0000001369,ORD0004969,payment,9419.20,188.38,33.91,9196.91,netbanking,2026-01-11,UTR202601110001
STL0004970,pay000000136a,ORD0004970,payment,1743.67,34.87,6.28,1702.52,wallet,2026-01-04,UTR202601040001
STL0004971,pay000000136b,ORD0004971,payment,2552.34,51.05,9.19,2492.10,upi,2026-01-12,UTR202601120001
STL0004972,pay000000136c,ORD0004972,payment,1776.92,35.54,6.40,1734.98,upi,2026-01-20,UTR202601200001
STL0004973,pay000000136d,ORD0004973,payment,5333.42,106.67,19.20,5207.55,netbanking,2026-01-18,UTR202601180001
STL0004974,pay000000136e,ORD0004974,payment,489.54,9.79,1.76,477.99,netbanking,2026-01-27,UTR202601270001
STL0004975,pay000000136f,ORD0004975,payment,5703.62,114.07,20.53,5569.02,wallet,2026-01-09,UTR202601090001
STL0004976,pay0000001370,ORD0004976,payment,5071.53,101.43,18.26,4951.84,netbanking,2026-01-15,UTR202601150001
STL0004977,pay0000001371,ORD0004977,payment,988.66,19.77,3.56,965.33,wallet,2026-01-18,UTR202601180001
STL0004978,pay0000001372,ORD0004978,payment,5417.17,108.34,19.50,5289.33,upi,2026-01-15,UTR202601150001
STL0004979,pay0000001373,ORD0004979,payment,8539.59,170.79,30.74,8338.06,card_debit,2026-01-20,UTR202601200001
STL0004980,pay0000001374,ORD0004980,payment,3123.18,62.46,11.24,3049.48,card_credit,2026-01-23,UTR202601230001
STL0004981,pay0000001375,ORD0004981,payment,4904.66,98.09,17.66,4788.91,upi,2026-01-13,UTR202601130001
STL0004982,pay0000001376,ORD0004982,payment,3390.86,67.82,12.21,3310.83,upi,2026-01-26,UTR202601260001
STL0004983,pay0000001377,ORD0004983,payment,9565.10,191.30,34.43,9339.37,netbanking,2026-01-12,UTR202601120001
STL0004984,pay0000001378,ORD0004984,payment,2411.14,48.22,8.68,2354.24,upi,2026-01-13,UTR202601130001
STL0004985,pay0000001379,ORD0004985,payment,6256.43,125.13,22.52,6108.78,upi,2026-01-18,UTR202601180001
STL0004986,pay000000137a,ORD0004986,payment,3924.19,78.48,14.13,3831.58,wallet,2026-01-20,UTR202601200001
STL0004987,pay000000137b,ORD0004987,payment,4086.45,81.73,14.71,3990.01,card_debit,2026-01-17,UTR202601170001
STL0004988,pay000000137c,ORD0004988,payment,6279.27,125.59,22.61,6131.07,card_credit,2026-01-09,UTR202601090001
STL0004989,pay000000137d,ORD0004989,payment,4215.33,84.31,15.18,4115.84,upi,2026-01-27,UTR202601270001
STL0004990,pay000000137e,ORD0004990,payment,7711.72,154.23,27.76,7529.73,wallet,2026-01-28,UTR202601280001
STL0004991,pay000000137f,ORD0004991,payment,8316.71,166.33,29.94,8120.44,wallet,2026-01-10,UTR202601100001
STL0004992,pay0000001380,ORD0004992,payment,8107.37,162.15,29.19,7916.03,card_credit,2026-01-15,UTR202601150001
STL0004993,pay0000001381,ORD0004993,payment,8804.60,176.09,31.70,8596.81,card_credit,2026-01-22,UTR202601220001
STL0004994,pay0000001382,ORD0004994,payment,9288.98,185.78,33.44,9069.76,netbanking,2026-01-27,UTR202601270001
STL0004995,pay0000001383,ORD0004995,payment,9633.82,192.68,34.68,9406.46,card_credit,2026-01-10,UTR202601100001
STL0004996,pay0000001384,ORD0004996,payment,9191.38,183.83,33.09,8974.46,upi,2026-01-07,UTR202601070001
STL0004997,pay0000001385,ORD0004997,payment,5699.60,113.99,20.52,5565.09,card_credit,2026-01-11,UTR202601110001
STL0004998,pay0000001386,ORD0004998,payment,9982.33,199.65,35.94,9746.74,upi,2026-01-24,UTR202601240001
STL0004999,pay0000001387,ORD0004999,payment,3558.35,71.17,12.81,3474.37,netbanking,2026-01-28,UTR202601280001
