order_id,invoice_no,customer_ref,gross,currency,payment_id,order_status,created_at
ORD0000000,INV0000000,cust_0000,6709.87,INR,pay0000000000,paid,2026-01-04T06:47:00Z
ORD0000001,INV0000001,cust_0001,7727.46,INR,pay0000000001,paid,2026-01-04T08:37:00Z
ORD0000002,INV0000002,cust_0002,5304.03,INR,pay0000000002,paid,2026-01-20T06:35:00Z
ORD0000003,INV0000003,cust_0003,4715.29,INR,pay0000000003,paid,2026-01-19T14:51:00Z
ORD0000004,INV0000004,cust_0004,3572.78,INR,pay0000000004,paid,2026-01-09T10:13:00Z
ORD0000005,INV0000005,cust_0005,8891.62,INR,pay0000000005,paid,2026-01-12T14:51:00Z
ORD0000006,INV0000006,cust_0006,9675.96,INR,pay0000000006,paid,2026-01-13T08:35:00Z
ORD0000007,INV0000007,cust_0007,3797.01,INR,pay0000000007,paid,2026-01-19T12:45:00Z
ORD0000008,INV0000008,cust_0008,8111.20,INR,pay0000000008,paid,2026-01-10T08:54:00Z
ORD0000009,INV0000009,cust_0009,4759.35,INR,pay0000000009,paid,2026-01-21T17:10:00Z
ORD0000010,INV0000010,cust_0010,2804.46,INR,pay000000000a,paid,2026-01-23T08:38:00Z
ORD0000011,INV0000011,cust_0011,2572.02,INR,pay000000000b,paid,2026-01-06T20:24:00Z
ORD0000012,INV0000012,cust_0012,3405.35,INR,pay000000000c,paid,2026-01-27T07:14:00Z
ORD0000013,INV0000013,cust_0013,699.03,INR,pay000000000d,paid,2026-01-07T16:13:00Z
ORD0000014,INV0000014,cust_0014,9594.72,INR,pay000000000e,paid,2026-01-21T20:09:00Z
ORD0000015,INV0000015,cust_0015,5891.37,INR,pay000000000f,paid,2026-01-18T14:47:00Z
ORD0000016,INV0000016,cust_0016,4193.01,INR,pay0000000010,paid,2026-01-12T13:08:00Z
ORD0000017,INV0000017,cust_0017,1154.75,INR,pay0000000011,paid,2026-01-05T11:50:00Z
ORD0000018,INV0000018,cust_0018,4039.57,INR,pay0000000012,paid,2026-01-13T20:33:00Z
ORD0000019,INV0000019,cust_0019,125.38,INR,pay0000000013,paid,2026-01-22T09:43:00Z
ORD0000020,INV0000020,cust_0020,3571.99,INR,pay0000000014,paid,2026-01-04T15:27:00Z
ORD0000021,INV0000021,cust_0021,2766.83,INR,pay0000000015,paid,2026-01-17T11:32:00Z
ORD0000022,INV0000022,cust_0022,5328.23,INR,pay0000000016,paid,2026-01-20T12:09:00Z
ORD0000023,INV0000023,cust_0023,8169.49,INR,pay0000000017,paid,2026-01-17T06:38:00Z
ORD0000024,INV0000024,cust_0024,9219.06,INR,pay0000000018,paid,2026-01-27T15:15:00Z
ORD0000025,INV0000025,cust_0025,9934.48,INR,pay0000000019,paid,2026-01-03T08:46:00Z
ORD0000026,INV0000026,cust_0026,5590.82,INR,pay000000001a,paid,2026-01-25T10:08:00Z
ORD0000027,INV0000027,cust_0027,1736.48,INR,pay000000001b,paid,2026-01-09T22:55:00Z
ORD0000028,INV0000028,cust_0028,9745.36,INR,pay000000001c,paid,2026-01-18T12:45:00Z
ORD0000029,INV0000029,cust_0029,6819.46,INR,pay000000001d,paid,2026-01-12T20:57:00Z
ORD0000030,INV0000030,cust_0030,2361.12,INR,pay000000001e,paid,2026-01-03T16:01:00Z
ORD0000031,INV0000031,cust_0031,2314.14,INR,pay000000001f,paid,2026-01-01T08:45:00Z
ORD0000032,INV0000032,cust_0032,9499.01,INR,pay0000000020,paid,2026-01-02T16:04:00Z
ORD0000033,INV0000033,cust_0033,5094.93,INR,pay0000000021,paid,2026-01-07T10:46:00Z
ORD0000034,INV0000034,cust_0034,8232.33,INR,pay0000000022,paid,2026-01-16T19:12:00Z
ORD0000035,INV0000035,cust_0035,3720.07,INR,pay0000000023,paid,2026-01-14T19:29:00Z
ORD0000036,INV0000036,cust_0036,6780.68,INR,pay0000000024,paid,2026-01-04T07:25:00Z
ORD0000037,INV0000037,cust_0037,1150.76,INR,pay0000000025,paid,2026-01-08T12:12:00Z
ORD0000038,INV0000038,cust_0038,1929.01,INR,pay0000000026,paid,2026-01-09T20:15:00Z
ORD0000039,INV0000039,cust_0039,8980.46,INR,pay0000000027,paid,2026-01-18T09:03:00Z
ORD0000040,INV0000040,cust_0040,982.93,INR,pay0000000028,paid,2026-01-25T13:10:00Z
ORD0000041,INV0000041,cust_0041,9071.51,INR,pay0000000029,paid,2026-01-13T07:10:00Z
ORD0000042,INV0000042,cust_0042,2785.85,INR,pay000000002a,paid,2026-01-26T20:18:00Z
ORD0000043,INV0000043,cust_0043,5108.11,INR,pay000000002b,paid,2026-01-05T12:18:00Z
ORD0000044,INV0000044,cust_0044,5690.32,INR,pay000000002c,paid,2026-01-02T16:03:00Z
ORD0000045,INV0000045,cust_0045,9645.47,INR,pay000000002d,paid,2026-01-17T11:03:00Z
ORD0000046,INV0000046,cust_0046,723.49,INR,pay000000002e,paid,2026-01-20T08:43:00Z
ORD0000047,INV0000047,cust_0047,6075.40,INR,pay000000002f,paid,2026-01-20T07:39:00Z
ORD0000048,INV0000048,cust_0048,5931.83,INR,pay0000000030,paid,2026-01-17T16:59:00Z
ORD0000049,INV0000049,cust_0049,3299.45,INR,pay0000000031,paid,2026-01-08T14:25:00Z
ORD0000050,INV0000050,cust_0050,9746.46,INR,pay0000000032,paid,2026-01-25T08:00:00Z
ORD0000051,INV0000051,cust_0051,1053.37,INR,pay0000000033,paid,2026-01-03T12:32:00Z
ORD0000052,INV0000052,cust_0052,9241.53,INR,pay0000000034,paid,2026-01-03T13:23:00Z
ORD0000053,INV0000053,cust_0053,5701.05,INR,pay0000000035,paid,2026-01-23T15:39:00Z
ORD0000054,INV0000054,cust_0054,9775.17,INR,pay0000000036,paid,2026-01-22T09:56:00Z
ORD0000055,INV0000055,cust_0055,5805.97,INR,pay0000000037,paid,2026-01-05T14:18:00Z
ORD0000056,INV0000056,cust_0056,2139.87,INR,pay0000000038,paid,2026-01-22T14:32:00Z
ORD0000057,INV0000057,cust_0057,8877.04,INR,pay0000000039,paid,2026-01-02T08:40:00Z
ORD0000058,INV0000058,cust_0058,6685.61,INR,pay000000003a,paid,2026-01-09T11:47:00Z
ORD0000059,INV0000059,cust_0059,5886.53,INR,pay000000003b,paid,2026-01-01T09:04:00Z
ORD0000060,INV0000060,cust_0060,8756.36,INR,pay000000003c,paid,2026-01-12T10:27:00Z
ORD0000061,INV0000061,cust_0061,9431.50,INR,pay000000003d,paid,2026-01-26T07:57:00Z
ORD0000062,INV0000062,cust_0062,6998.30,INR,pay000000003e,paid,2026-01-04T17:49:00Z
ORD0000063,INV0000063,cust_0063,7863.84,INR,pay000000003f,paid,2026-01-05T13:55:00Z
ORD0000064,INV0000064,cust_0064,264.90,INR,pay0000000040,paid,2026-01-06T16:50:00Z
ORD0000065,INV0000065,cust_0065,8261.22,INR,pay0000000041,paid,2026-01-23T09:24:00Z
ORD0000066,INV0000066,cust_0066,8567.53,INR,pay0000000042,paid,2026-01-15T17:19:00Z
ORD0000067,INV0000067,cust_0067,3447.07,INR,pay0000000043,paid,2026-01-09T08:49:00Z
ORD0000068,INV0000068,cust_0068,4195.93,INR,pay0000000044,paid,2026-01-22T16:01:00Z
ORD0000069,INV0000069,cust_0069,2788.61,INR,pay0000000045,paid,2026-01-02T09:38:00Z
ORD0000070,INV0000070,cust_0070,3294.14,INR,pay0000000046,paid,2026-01-14T22:07:00Z
ORD0000071,INV0000071,cust_0071,470.42,INR,pay0000000047,paid,2026-01-23T19:00:00Z
ORD0000072,INV0000072,cust_0072,9864.37,INR,pay0000000048,paid,2026-01-24T12:23:00Z
ORD0000073,INV0000073,cust_0073,9659.98,INR,pay0000000049,paid,2026-01-11T16:42:00Z
ORD0000074,INV0000074,cust_0074,6997.87,INR,pay000000004a,paid,2026-01-14T16:25:00Z
ORD0000075,INV0000075,cust_0075,2016.58,INR,pay000000004b,paid,2026-01-14T18:43:00Z
ORD0000076,INV0000076,cust_0076,3160.68,INR,pay000000004c,paid,2026-01-13T06:19:00Z
ORD0000077,INV0000077,cust_0077,6086.58,INR,pay000000004d,paid,2026-01-20T16:29:00Z
ORD0000078,INV0000078,cust_0078,5365.04,INR,pay000000004e,paid,2026-01-16T11:42:00Z
ORD0000079,INV0000079,cust_0079,6641.86,INR,pay000000004f,paid,2026-01-20T16:05:00Z
ORD0000080,INV0000080,cust_0080,2093.02,INR,pay0000000050,paid,2026-01-05T06:02:00Z
ORD0000081,INV0000081,cust_0081,8063.19,INR,pay0000000051,paid,2026-01-03T20:26:00Z
ORD0000082,INV0000082,cust_0082,7306.80,INR,pay0000000052,paid,2026-01-13T21:25:00Z
ORD0000083,INV0000083,cust_0083,63.14,INR,pay0000000053,paid,2026-01-25T09:49:00Z
ORD0000084,INV0000084,cust_0084,7302.16,INR,pay0000000054,paid,2026-01-17T20:03:00Z
ORD0000085,INV0000085,cust_0085,1277.53,INR,pay0000000055,paid,2026-01-15T10:51:00Z
ORD0000086,INV0000086,cust_0086,6248.77,INR,pay0000000056,paid,2026-01-11T20:39:00Z
ORD0000087,INV0000087,cust_0087,9514.06,INR,pay0000000057,paid,2026-01-18T20:57:00Z
ORD0000088,INV0000088,cust_0088,7887.95,INR,pay0000000058,paid,2026-01-08T14:49:00Z
ORD0000089,INV0000089,cust_0089,2884.36,INR,pay0000000059,paid,2026-01-15T08:45:00Z
ORD0000090,INV0000090,cust_0090,3357.39,INR,pay000000005a,paid,2026-01-18T08:08:00Z
ORD0000091,INV0000091,cust_0091,1607.27,INR,pay000000005b,paid,2026-01-23T12:04:00Z
ORD0000092,INV0000092,cust_0092,4890.57,INR,pay000000005c,paid,2026-01-14T07:13:00Z
ORD0000093,INV0000093,cust_0093,6129.51,INR,pay000000005d,paid,2026-01-23T06:54:00Z
ORD0000094,INV0000094,cust_0094,9890.36,INR,pay000000005e,paid,2026-01-12T15:48:00Z
ORD0000095,INV0000095,cust_0095,7708.19,INR,pay000000005f,paid,2026-01-18T13:31:00Z
ORD0000096,INV0000096,cust_0096,309.34,INR,pay0000000060,paid,2026-01-13T16:42:00Z
ORD0000097,INV0000097,cust_0097,8818.34,INR,pay0000000061,paid,2026-01-15T10:39:00Z
ORD0000098,INV0000098,cust_0098,6211.44,INR,pay0000000062,paid,2026-01-19T06:05:00Z
ORD0000099,INV0000099,cust_0099,4846.25,INR,pay0000000063,paid,2026-01-06T07:16:00Z
ORD0000100,INV0000100,cust_0100,3432.22,INR,pay0000000064,paid,2026-01-11T18:17:00Z
ORD0000101,INV0000101,cust_0101,4936.52,INR,pay0000000065,paid,2026-01-01T07:22:00Z
ORD0000102,INV0000102,cust_0102,6839.14,INR,pay0000000066,paid,2026-01-02T06:15:00Z
ORD0000103,INV0000103,cust_0103,2506.32,INR,pay0000000067,paid,2026-01-05T21:42:00Z
ORD0000104,INV0000104,cust_0104,4881.23,INR,pay0000000068,paid,2026-01-23T14:49:00Z
ORD0000105,INV0000105,cust_0105,7847.56,INR,pay0000000069,paid,2026-01-23T09:49:00Z
ORD0000106,INV0000106,cust_0106,3276.10,INR,pay000000006a,paid,2026-01-19T18:25:00Z
ORD0000107,INV0000107,cust_0107,2551.46,INR,pay000000006b,paid,2026-01-04T15:54:00Z
ORD0000108,INV0000108,cust_0108,8354.04,INR,pay000000006c,paid,2026-01-19T07:22:00Z
ORD0000109,INV0000109,cust_0109,728.06,INR,pay000000006d,paid,2026-01-17T16:00:00Z
ORD0000110,INV0000110,cust_0110,6669.59,INR,pay000000006e,paid,2026-01-27T20:45:00Z
ORD0000111,INV0000111,cust_0111,5475.91,INR,pay000000006f,paid,2026-01-21T14:39:00Z
ORD0000112,INV0000112,cust_0112,8663.45,INR,pay0000000070,paid,2026-01-24T14:20:00Z
ORD0000113,INV0000113,cust_0113,4732.00,INR,pay0000000071,paid,2026-01-08T20:36:00Z
ORD0000114,INV0000114,cust_0114,5188.17,INR,pay0000000072,paid,2026-01-11T11:31:00Z
ORD0000115,INV0000115,cust_0115,3573.71,INR,pay0000000073,paid,2026-01-09T14:35:00Z
ORD0000116,INV0000116,cust_0116,902.71,INR,pay0000000074,paid,2026-01-08T19:31:00Z
ORD0000117,INV0000117,cust_0117,6777.78,INR,pay0000000075,paid,2026-01-23T21:28:00Z
ORD0000118,INV0000118,cust_0118,4245.45,INR,pay0000000076,paid,2026-01-23T13:19:00Z
ORD0000119,INV0000119,cust_0119,5808.58,INR,pay0000000077,paid,2026-01-17T17:27:00Z
ORD0000120,INV0000120,cust_0120,7374.96,INR,pay0000000078,paid,2026-01-15T14:19:00Z
ORD0000121,INV0000121,cust_0121,2024.39,INR,pay0000000079,paid,2026-01-11T09:47:00Z
ORD0000122,INV0000122,cust_0122,7749.83,INR,pay000000007a,paid,2026-01-16T14:46:00Z
ORD0000123,INV0000123,cust_0123,1059.09,INR,pay000000007b,paid,2026-01-27T12:18:00Z
ORD0000124,INV0000124,cust_0124,153.35,INR,pay000000007c,paid,2026-01-23T10:17:00Z
ORD0000125,INV0000125,cust_0125,7317.95,INR,pay000000007d,paid,2026-01-05T21:06:00Z
ORD0000126,INV0000126,cust_0126,5024.68,INR,pay000000007e,paid,2026-01-15T16:11:00Z
ORD0000127,INV0000127,cust_0127,5014.35,INR,pay000000007f,paid,2026-01-04T08:25:00Z
ORD0000128,INV0000128,cust_0128,7202.96,INR,pay0000000080,paid,2026-01-02T10:09:00Z
ORD0000129,INV0000129,cust_0129,5856.81,INR,pay0000000081,paid,2026-01-25T19:38:00Z
ORD0000130,INV0000130,cust_0130,5484.57,INR,pay0000000082,paid,2026-01-13T20:58:00Z
ORD0000131,INV0000131,cust_0131,4501.60,INR,pay0000000083,paid,2026-01-10T07:39:00Z
ORD0000132,INV0000132,cust_0132,2183.81,INR,pay0000000084,paid,2026-01-21T12:16:00Z
ORD0000133,INV0000133,cust_0133,1827.56,INR,pay0000000085,paid,2026-01-18T08:10:00Z
ORD0000134,INV0000134,cust_0134,6231.56,INR,pay0000000086,paid,2026-01-16T15:02:00Z
ORD0000135,INV0000135,cust_0135,7376.35,INR,pay0000000087,paid,2026-01-15T08:43:00Z
ORD0000136,INV0000136,cust_0136,6559.20,INR,pay0000000088,paid,2026-01-19T12:27:00Z
ORD0000137,INV0000137,cust_0137,1567.26,INR,pay0000000089,paid,2026-01-09T10:04:00Z
ORD0000138,INV0000138,cust_0138,6244.48,INR,pay000000008a,paid,2026-01-24T15:28:00Z
ORD0000139,INV0000139,cust_0139,7342.23,INR,pay000000008b,paid,2026-01-13T14:32:00Z
ORD0000140,INV0000140,cust_0140,6275.86,INR,pay000000008c,paid,2026-01-02T19:47:00Z
ORD0000141,INV0000141,cust_0141,962.63,INR,pay000000008d,paid,2026-01-08T06:48:00Z
ORD0000142,INV0000142,cust_0142,8006.77,INR,pay000000008e,paid,2026-01-25T11:30:00Z
ORD0000143,INV0000143,cust_0143,1908.05,INR,pay000000008f,paid,2026-01-19T19:40:00Z
ORD0000144,INV0000144,cust_0144,4286.84,INR,pay0000000090,paid,2026-01-11T16:42:00Z
ORD0000145,INV0000145,cust_0145,7278.69,INR,pay0000000091,paid,2026-01-16T15:42:00Z
ORD0000146,INV0000146,cust_0146,2651.59,INR,pay0000000092,paid,2026-01-11T09:49:00Z
ORD0000147,INV0000147,cust_0147,17.06,INR,pay0000000093,paid,2026-01-22T20:26:00Z
ORD0000148,INV0000148,cust_0148,6533.78,INR,pay0000000094,paid,2026-01-25T21:40:00Z
ORD0000149,INV0000149,cust_0149,5763.98,INR,pay0000000095,paid,2026-01-05T15:28:00Z
ORD0000150,INV0000150,cust_0150,6611.26,INR,pay0000000096,paid,2026-01-20T13:45:00Z
ORD0000151,INV0000151,cust_0151,5795.77,INR,pay0000000097,paid,2026-01-14T08:14:00Z
ORD0000152,INV0000152,cust_0152,6796.72,INR,pay0000000098,paid,2026-01-27T10:31:00Z
ORD0000153,INV0000153,cust_0153,2872.06,INR,pay0000000099,paid,2026-01-14T21:30:00Z
ORD0000154,INV0000154,cust_0154,4027.19,INR,pay000000009a,paid,2026-01-07T22:47:00Z
ORD0000155,INV0000155,cust_0155,8288.81,INR,pay000000009b,paid,2026-01-14T16:59:00Z
ORD0000156,INV0000156,cust_0156,2970.78,INR,pay000000009c,paid,2026-01-24T15:53:00Z
ORD0000157,INV0000157,cust_0157,5139.25,INR,pay000000009d,paid,2026-01-05T20:34:00Z
ORD0000158,INV0000158,cust_0158,8004.29,INR,pay000000009e,paid,2026-01-18T18:29:00Z
ORD0000159,INV0000159,cust_0159,2509.05,INR,pay000000009f,paid,2026-01-19T18:14:00Z
ORD0000160,INV0000160,cust_0160,4964.51,INR,pay00000000a0,paid,2026-01-23T18:24:00Z
ORD0000161,INV0000161,cust_0161,393.17,INR,pay00000000a1,paid,2026-01-05T22:37:00Z
ORD0000162,INV0000162,cust_0162,4621.94,INR,pay00000000a2,paid,2026-01-04T22:58:00Z
ORD0000163,INV0000163,cust_0163,4303.93,INR,pay00000000a3,paid,2026-01-21T10:04:00Z
ORD0000164,INV0000164,cust_0164,7268.53,INR,pay00000000a4,paid,2026-01-13T08:54:00Z
ORD0000165,INV0000165,cust_0165,3325.43,INR,pay00000000a5,paid,2026-01-21T21:55:00Z
ORD0000166,INV0000166,cust_0166,2466.74,INR,pay00000000a6,paid,2026-01-21T15:14:00Z
ORD0000167,INV0000167,cust_0167,1037.25,INR,pay00000000a7,paid,2026-01-25T09:28:00Z
ORD0000168,INV0000168,cust_0168,487.25,INR,pay00000000a8,paid,2026-01-11T07:18:00Z
ORD0000169,INV0000169,cust_0169,2565.59,INR,pay00000000a9,paid,2026-01-17T19:36:00Z
ORD0000170,INV0000170,cust_0170,833.04,INR,pay00000000aa,paid,2026-01-20T18:39:00Z
ORD0000171,INV0000171,cust_0171,6119.84,INR,pay00000000ab,paid,2026-01-05T13:29:00Z
ORD0000172,INV0000172,cust_0172,6997.33,INR,pay00000000ac,paid,2026-01-01T20:57:00Z
ORD0000173,INV0000173,cust_0173,4636.87,INR,pay00000000ad,paid,2026-01-12T15:40:00Z
ORD0000174,INV0000174,cust_0174,3172.97,INR,pay00000000ae,paid,2026-01-07T18:54:00Z
ORD0000175,INV0000175,cust_0175,6002.04,INR,pay00000000af,paid,2026-01-12T15:44:00Z
ORD0000176,INV0000176,cust_0176,6907.03,INR,pay00000000b0,paid,2026-01-13T14:00:00Z
ORD0000177,INV0000177,cust_0177,7818.69,INR,pay00000000b1,paid,2026-01-16T15:49:00Z
ORD0000178,INV0000178,cust_0178,2301.42,INR,pay00000000b2,paid,2026-01-21T12:39:00Z
ORD0000179,INV0000179,cust_0179,9477.87,INR,pay00000000b3,paid,2026-01-21T07:19:00Z
ORD0000180,INV0000180,cust_0180,7684.34,INR,pay00000000b4,paid,2026-01-05T08:58:00Z
ORD0000181,INV0000181,cust_0181,1846.71,INR,pay00000000b5,paid,2026-01-07T10:50:00Z
ORD0000182,INV0000182,cust_0182,9583.60,INR,pay00000000b6,paid,2026-01-09T11:16:00Z
ORD0000183,INV0000183,cust_0183,3556.68,INR,pay00000000b7,paid,2026-01-26T09:29:00Z
ORD0000184,INV0000184,cust_0184,2370.74,INR,pay00000000b8,paid,2026-01-22T18:54:00Z
ORD0000185,INV0000185,cust_0185,5631.36,INR,pay00000000b9,paid,2026-01-04T20:23:00Z
ORD0000186,INV0000186,cust_0186,8628.67,INR,pay00000000ba,paid,2026-01-21T17:06:00Z
ORD0000187,INV0000187,cust_0187,6501.41,INR,pay00000000bb,paid,2026-01-18T16:58:00Z
ORD0000188,INV0000188,cust_0188,6667.69,INR,pay00000000bc,paid,2026-01-27T20:58:00Z
ORD0000189,INV0000189,cust_0189,1228.43,INR,pay00000000bd,paid,2026-01-05T07:02:00Z
ORD0000190,INV0000190,cust_0190,5641.58,INR,pay00000000be,paid,2026-01-05T18:29:00Z
ORD0000191,INV0000191,cust_0191,7788.25,INR,pay00000000bf,paid,2026-01-24T10:56:00Z
ORD0000192,INV0000192,cust_0192,6460.58,INR,pay00000000c0,paid,2026-01-14T14:02:00Z
ORD0000193,INV0000193,cust_0193,4667.97,INR,pay00000000c1,paid,2026-01-08T17:06:00Z
ORD0000194,INV0000194,cust_0194,6766.49,INR,pay00000000c2,paid,2026-01-12T07:25:00Z
ORD0000195,INV0000195,cust_0195,9956.09,INR,pay00000000c3,paid,2026-01-27T20:05:00Z
ORD0000196,INV0000196,cust_0196,6266.52,INR,pay00000000c4,paid,2026-01-01T07:50:00Z
ORD0000197,INV0000197,cust_0197,8257.06,INR,pay00000000c5,paid,2026-01-19T12:04:00Z
ORD0000198,INV0000198,cust_0198,8530.47,INR,pay00000000c6,paid,2026-01-08T16:49:00Z
ORD0000199,INV0000199,cust_0199,1368.06,INR,pay00000000c7,paid,2026-01-18T14:51:00Z
ORD0000200,INV0000200,cust_0200,275.32,INR,pay00000000c8,paid,2026-01-05T06:22:00Z
ORD0000201,INV0000201,cust_0201,1832.10,INR,pay00000000c9,paid,2026-01-09T07:08:00Z
ORD0000202,INV0000202,cust_0202,7823.86,INR,pay00000000ca,paid,2026-01-03T21:28:00Z
ORD0000203,INV0000203,cust_0203,4744.62,INR,pay00000000cb,paid,2026-01-17T13:39:00Z
ORD0000204,INV0000204,cust_0204,6750.91,INR,pay00000000cc,paid,2026-01-01T07:30:00Z
ORD0000205,INV0000205,cust_0205,5145.84,INR,pay00000000cd,paid,2026-01-23T20:04:00Z
ORD0000206,INV0000206,cust_0206,693.72,INR,pay00000000ce,paid,2026-01-05T14:39:00Z
ORD0000207,INV0000207,cust_0207,3414.81,INR,pay00000000cf,paid,2026-01-13T22:18:00Z
ORD0000208,INV0000208,cust_0208,1044.96,INR,pay00000000d0,paid,2026-01-26T09:54:00Z
ORD0000209,INV0000209,cust_0209,2259.68,INR,pay00000000d1,paid,2026-01-14T20:56:00Z
ORD0000210,INV0000210,cust_0210,4760.28,INR,pay00000000d2,paid,2026-01-13T19:46:00Z
ORD0000211,INV0000211,cust_0211,6979.16,INR,pay00000000d3,paid,2026-01-09T17:09:00Z
ORD0000212,INV0000212,cust_0212,4533.55,INR,pay00000000d4,paid,2026-01-04T17:51:00Z
ORD0000213,INV0000213,cust_0213,5894.67,INR,pay00000000d5,paid,2026-01-11T09:26:00Z
ORD0000214,INV0000214,cust_0214,7565.86,INR,pay00000000d6,paid,2026-01-02T15:38:00Z
ORD0000215,INV0000215,cust_0215,1627.46,INR,pay00000000d7,paid,2026-01-22T21:14:00Z
ORD0000216,INV0000216,cust_0216,3859.15,INR,pay00000000d8,paid,2026-01-04T14:36:00Z
ORD0000217,INV0000217,cust_0217,8052.11,INR,pay00000000d9,paid,2026-01-27T06:38:00Z
ORD0000218,INV0000218,cust_0218,3685.74,INR,pay00000000da,paid,2026-01-01T11:55:00Z
ORD0000219,INV0000219,cust_0219,734.65,INR,pay00000000db,paid,2026-01-05T06:05:00Z
ORD0000220,INV0000220,cust_0220,4407.26,INR,pay00000000dc,paid,2026-01-15T16:10:00Z
ORD0000221,INV0000221,cust_0221,8150.71,INR,pay00000000dd,paid,2026-01-19T08:56:00Z
ORD0000222,INV0000222,cust_0222,6483.50,INR,pay00000000de,paid,2026-01-02T08:17:00Z
ORD0000223,INV0000223,cust_0223,4640.16,INR,pay00000000df,paid,2026-01-14T14:13:00Z
ORD0000224,INV0000224,cust_0224,1167.76,INR,pay00000000e0,paid,2026-01-10T21:33:00Z
ORD0000225,INV0000225,cust_0225,579.43,INR,pay00000000e1,paid,2026-01-01T12:19:00Z
ORD0000226,INV0000226,cust_0226,3040.07,INR,pay00000000e2,paid,2026-01-11T09:00:00Z
ORD0000227,INV0000227,cust_0227,3991.76,INR,pay00000000e3,paid,2026-01-18T13:32:00Z
ORD0000228,INV0000228,cust_0228,4579.09,INR,pay00000000e4,paid,2026-01-01T20:58:00Z
ORD0000229,INV0000229,cust_0229,6017.53,INR,pay00000000e5,paid,2026-01-13T19:18:00Z
ORD0000230,INV0000230,cust_0230,929.10,INR,pay00000000e6,paid,2026-01-14T09:15:00Z
ORD0000231,INV0000231,cust_0231,829.67,INR,pay00000000e7,paid,2026-01-13T15:47:00Z
ORD0000232,INV0000232,cust_0232,1767.99,INR,pay00000000e8,paid,2026-01-03T22:40:00Z
ORD0000233,INV0000233,cust_0233,9504.28,INR,pay00000000e9,paid,2026-01-25T17:22:00Z
ORD0000234,INV0000234,cust_0234,1540.57,INR,pay00000000ea,paid,2026-01-09T12:11:00Z
ORD0000235,INV0000235,cust_0235,6878.51,INR,pay00000000eb,paid,2026-01-03T11:49:00Z
ORD0000236,INV0000236,cust_0236,5916.19,INR,pay00000000ec,paid,2026-01-25T20:43:00Z
ORD0000237,INV0000237,cust_0237,6581.85,INR,pay00000000ed,paid,2026-01-11T10:28:00Z
ORD0000238,INV0000238,cust_0238,3180.30,INR,pay00000000ee,paid,2026-01-26T14:37:00Z
ORD0000239,INV0000239,cust_0239,3259.86,INR,pay00000000ef,paid,2026-01-15T20:02:00Z
ORD0000240,INV0000240,cust_0240,809.58,INR,pay00000000f0,paid,2026-01-21T08:39:00Z
ORD0000241,INV0000241,cust_0241,6090.19,INR,pay00000000f1,paid,2026-01-18T07:28:00Z
ORD0000242,INV0000242,cust_0242,4992.33,INR,pay00000000f2,paid,2026-01-17T10:03:00Z
ORD0000243,INV0000243,cust_0243,8785.53,INR,pay00000000f3,paid,2026-01-11T08:32:00Z
ORD0000244,INV0000244,cust_0244,5500.25,INR,pay00000000f4,paid,2026-01-17T11:23:00Z
ORD0000245,INV0000245,cust_0245,8125.85,INR,pay00000000f5,paid,2026-01-11T07:50:00Z
ORD0000246,INV0000246,cust_0246,7118.32,INR,pay00000000f6,paid,2026-01-13T15:16:00Z
ORD0000247,INV0000247,cust_0247,3500.55,INR,pay00000000f7,paid,2026-01-03T10:58:00Z
ORD0000248,INV0000248,cust_0248,7329.09,INR,pay00000000f8,paid,2026-01-22T18:08:00Z
ORD0000249,INV0000249,cust_0249,3954.76,INR,pay00000000f9,paid,2026-01-21T16:52:00Z
ORD0000250,INV0000250,cust_0250,3799.04,INR,pay00000000fa,paid,2026-01-01T17:19:00Z
ORD0000251,INV0000251,cust_0251,8038.73,INR,pay00000000fb,paid,2026-01-16T12:14:00Z
ORD0000252,INV0000252,cust_0252,5328.51,INR,pay00000000fc,paid,2026-01-25T22:02:00Z
ORD0000253,INV0000253,cust_0253,6485.52,INR,pay00000000fd,paid,2026-01-05T18:09:00Z
ORD0000254,INV0000254,cust_0254,8090.54,INR,pay00000000fe,paid,2026-01-20T11:46:00Z
ORD0000255,INV0000255,cust_0255,7097.17,INR,pay00000000ff,paid,2026-01-24T13:28:00Z
ORD0000256,INV0000256,cust_0256,8223.74,INR,pay0000000100,paid,2026-01-15T13:34:00Z
ORD0000257,INV0000257,cust_0257,8229.71,INR,pay0000000101,paid,2026-01-16T12:23:00Z
ORD0000258,INV0000258,cust_0258,4846.06,INR,pay0000000102,paid,2026-01-25T15:49:00Z
ORD0000259,INV0000259,cust_0259,1704.30,INR,pay0000000103,paid,2026-01-27T12:51:00Z
ORD0000260,INV0000260,cust_0260,552.14,INR,pay0000000104,paid,2026-01-21T21:55:00Z
ORD0000261,INV0000261,cust_0261,7464.57,INR,pay0000000105,paid,2026-01-17T09:18:00Z
ORD0000262,INV0000262,cust_0262,9497.82,INR,pay0000000106,paid,2026-01-17T10:53:00Z
ORD0000263,INV0000263,cust_0263,2333.23,INR,pay0000000107,paid,2026-01-27T20:56:00Z
ORD0000264,INV0000264,cust_0264,4162.12,INR,pay0000000108,paid,2026-01-17T17:15:00Z
ORD0000265,INV0000265,cust_0265,300.56,INR,pay0000000109,paid,2026-01-11T09:53:00Z
ORD0000266,INV0000266,cust_0266,1447.83,INR,pay000000010a,paid,2026-01-02T15:58:00Z
ORD0000267,INV0000267,cust_0267,4923.97,INR,pay000000010b,paid,2026-01-15T06:57:00Z
ORD0000268,INV0000268,cust_0268,8760.22,INR,pay000000010c,paid,2026-01-05T22:27:00Z
ORD0000269,INV0000269,cust_0269,1282.67,INR,pay000000010d,paid,2026-01-02T13:26:00Z
ORD0000270,INV0000270,cust_0270,1167.42,INR,pay000000010e,paid,2026-01-27T21:38:00Z
ORD0000271,INV0000271,cust_0271,6034.80,INR,pay000000010f,paid,2026-01-08T10:18:00Z
ORD0000272,INV0000272,cust_0272,2527.49,INR,pay0000000110,paid,2026-01-19T19:11:00Z
ORD0000273,INV0000273,cust_0273,3786.20,INR,pay0000000111,paid,2026-01-03T22:34:00Z
ORD0000274,INV0000274,cust_0274,4099.20,INR,pay0000000112,paid,2026-01-16T07:40:00Z
ORD0000275,INV0000275,cust_0275,175.31,INR,pay0000000113,paid,2026-01-12T08:22:00Z
ORD0000276,INV0000276,cust_0276,7713.99,INR,pay0000000114,paid,2026-01-25T16:08:00Z
ORD0000277,INV0000277,cust_0277,8535.25,INR,pay0000000115,paid,2026-01-21T11:53:00Z
ORD0000278,INV0000278,cust_0278,5022.76,INR,pay0000000116,paid,2026-01-21T11:51:00Z
ORD0000279,INV0000279,cust_0279,9899.41,INR,pay0000000117,paid,2026-01-15T07:18:00Z
ORD0000280,INV0000280,cust_0280,9293.18,INR,pay0000000118,paid,2026-01-02T16:59:00Z
ORD0000281,INV0000281,cust_0281,8555.15,INR,pay0000000119,paid,2026-01-18T21:16:00Z
ORD0000282,INV0000282,cust_0282,9045.17,INR,pay000000011a,paid,2026-01-25T07:55:00Z
ORD0000283,INV0000283,cust_0283,8386.71,INR,pay000000011b,paid,2026-01-12T19:56:00Z
ORD0000284,INV0000284,cust_0284,4059.26,INR,pay000000011c,paid,2026-01-11T11:31:00Z
ORD0000285,INV0000285,cust_0285,8365.20,INR,pay000000011d,paid,2026-01-17T14:51:00Z
ORD0000286,INV0000286,cust_0286,5724.71,INR,pay000000011e,paid,2026-01-10T16:06:00Z
ORD0000287,INV0000287,cust_0287,3218.84,INR,pay000000011f,paid,2026-01-15T19:10:00Z
ORD0000288,INV0000288,cust_0288,449.12,INR,pay0000000120,paid,2026-01-24T17:39:00Z
ORD0000289,INV0000289,cust_0289,8304.24,INR,pay0000000121,paid,2026-01-02T08:42:00Z
ORD0000290,INV0000290,cust_0290,8405.10,INR,pay0000000122,paid,2026-01-24T11:01:00Z
ORD0000291,INV0000291,cust_0291,4599.57,INR,pay0000000123,paid,2026-01-02T10:04:00Z
ORD0000292,INV0000292,cust_0292,9960.88,INR,pay0000000124,paid,2026-01-19T07:38:00Z
ORD0000293,INV0000293,cust_0293,3905.84,INR,pay0000000125,paid,2026-01-15T08:36:00Z
ORD0000294,INV0000294,cust_0294,3301.57,INR,pay0000000126,paid,2026-01-21T14:15:00Z
ORD0000295,INV0000295,cust_0295,5237.85,INR,pay0000000127,paid,2026-01-17T18:58:00Z
ORD0000296,INV0000296,cust_0296,2734.33,INR,pay0000000128,paid,2026-01-23T20:13:00Z
ORD0000297,INV0000297,cust_0297,5155.60,INR,pay0000000129,paid,2026-01-07T09:08:00Z
ORD0000298,INV0000298,cust_0298,7485.22,INR,pay000000012a,paid,2026-01-15T08:51:00Z
ORD0000299,INV0000299,cust_0299,7445.07,INR,pay000000012b,paid,2026-01-03T15:57:00Z
ORD0000300,INV0000300,cust_0300,9728.70,INR,pay000000012c,paid,2026-01-23T11:50:00Z
ORD0000301,INV0000301,cust_0301,2112.43,INR,pay000000012d,paid,2026-01-26T10:15:00Z
ORD0000302,INV0000302,cust_0302,6005.76,INR,pay000000012e,paid,2026-01-12T20:51:00Z
ORD0000303,INV0000303,cust_0303,909.03,INR,pay000000012f,paid,2026-01-03T15:25:00Z
ORD0000304,INV0000304,cust_0304,8070.27,INR,pay0000000130,paid,2026-01-14T08:08:00Z
ORD0000305,INV0000305,cust_0305,7136.45,INR,pay0000000131,paid,2026-01-17T17:08:00Z
ORD0000306,INV0000306,cust_0306,1358.00,INR,pay0000000132,paid,2026-01-14T22:58:00Z
ORD0000307,INV0000307,cust_0307,3193.97,INR,pay0000000133,paid,2026-01-06T11:20:00Z
ORD0000308,INV0000308,cust_0308,9871.09,INR,pay0000000134,paid,2026-01-17T15:54:00Z
ORD0000309,INV0000309,cust_0309,5780.99,INR,pay0000000135,paid,2026-01-09T10:40:00Z
ORD0000310,INV0000310,cust_0310,5274.86,INR,pay0000000136,paid,2026-01-21T11:37:00Z
ORD0000311,INV0000311,cust_0311,6553.13,INR,pay0000000137,paid,2026-01-24T16:53:00Z
ORD0000312,INV0000312,cust_0312,302.51,INR,pay0000000138,paid,2026-01-03T07:41:00Z
ORD0000313,INV0000313,cust_0313,8047.14,INR,pay0000000139,paid,2026-01-19T19:39:00Z
ORD0000314,INV0000314,cust_0314,6581.29,INR,pay000000013a,paid,2026-01-18T15:41:00Z
ORD0000315,INV0000315,cust_0315,8470.67,INR,pay000000013b,paid,2026-01-22T18:19:00Z
ORD0000316,INV0000316,cust_0316,1662.59,INR,pay000000013c,paid,2026-01-15T19:30:00Z
ORD0000317,INV0000317,cust_0317,1511.47,INR,pay000000013d,paid,2026-01-11T16:46:00Z
ORD0000318,INV0000318,cust_0318,3890.39,INR,pay000000013e,paid,2026-01-17T09:20:00Z
ORD0000319,INV0000319,cust_0319,4719.35,INR,pay000000013f,paid,2026-01-08T10:06:00Z
ORD0000320,INV0000320,cust_0320,9066.41,INR,pay0000000140,paid,2026-01-20T19:15:00Z
ORD0000321,INV0000321,cust_0321,7566.57,INR,pay0000000141,paid,2026-01-11T12:48:00Z
ORD0000322,INV0000322,cust_0322,4899.91,INR,pay0000000142,paid,2026-01-16T15:31:00Z
ORD0000323,INV0000323,cust_0323,5304.96,INR,pay0000000143,paid,2026-01-15T13:13:00Z
ORD0000324,INV0000324,cust_0324,3001.28,INR,pay0000000144,paid,2026-01-18T06:54:00Z
ORD0000325,INV0000325,cust_0325,2778.19,INR,pay0000000145,paid,2026-01-24T17:48:00Z
ORD0000326,INV0000326,cust_0326,5896.07,INR,pay0000000146,paid,2026-01-07T17:35:00Z
ORD0000327,INV0000327,cust_0327,4727.30,INR,pay0000000147,paid,2026-01-25T14:52:00Z
ORD0000328,INV0000328,cust_0328,4135.37,INR,pay0000000148,paid,2026-01-12T16:35:00Z
ORD0000329,INV0000329,cust_0329,5343.53,INR,pay0000000149,paid,2026-01-13T22:02:00Z
ORD0000330,INV0000330,cust_0330,3497.18,INR,pay000000014a,paid,2026-01-26T21:33:00Z
ORD0000331,INV0000331,cust_0331,5410.46,INR,pay000000014b,paid,2026-01-05T16:59:00Z
ORD0000332,INV0000332,cust_0332,6469.47,INR,pay000000014c,paid,2026-01-24T15:37:00Z
ORD0000333,INV0000333,cust_0333,5586.98,INR,pay000000014d,paid,2026-01-16T15:30:00Z
ORD0000334,INV0000334,cust_0334,1154.28,INR,pay000000014e,paid,2026-01-14T15:50:00Z
ORD0000335,INV0000335,cust_0335,2789.28,INR,pay000000014f,paid,2026-01-21T13:46:00Z
ORD0000336,INV0000336,cust_0336,5501.97,INR,pay0000000150,paid,2026-01-21T18:09:00Z
ORD0000337,INV0000337,cust_0337,1157.33,INR,pay0000000151,paid,2026-01-07T06:28:00Z
ORD0000338,INV0000338,cust_0338,7245.42,INR,pay0000000152,paid,2026-01-07T19:32:00Z
ORD0000339,INV0000339,cust_0339,7720.81,INR,pay0000000153,paid,2026-01-24T07:45:00Z
ORD0000340,INV0000340,cust_0340,3413.39,INR,pay0000000154,paid,2026-01-22T21:33:00Z
ORD0000341,INV0000341,cust_0341,4824.92,INR,pay0000000155,paid,2026-01-18T16:34:00Z
ORD0000342,INV0000342,cust_0342,2021.03,INR,pay0000000156,paid,2026-01-08T14:35:00Z
ORD0000343,INV0000343,cust_0343,3125.71,INR,pay0000000157,paid,2026-01-25T15:45:00Z
ORD0000344,INV0000344,cust_0344,3662.46,INR,pay0000000158,paid,2026-01-18T14:18:00Z
ORD0000345,INV0000345,cust_0345,3986.38,INR,pay0000000159,paid,2026-01-13T17:49:00Z
ORD0000346,INV0000346,cust_0346,833.68,INR,pay000000015a,paid,2026-01-12T20:41:00Z
ORD0000347,INV0000347,cust_0347,8686.70,INR,pay000000015b,paid,2026-01-18T14:59:00Z
ORD0000348,INV0000348,cust_0348,6460.84,INR,pay000000015c,paid,2026-01-24T13:15:00Z
ORD0000349,INV0000349,cust_0349,2446.46,INR,pay000000015d,paid,2026-01-02T09:26:00Z
ORD0000350,INV0000350,cust_0350,5775.86,INR,pay000000015e,paid,2026-01-06T19:41:00Z
ORD0000351,INV0000351,cust_0351,7931.30,INR,pay000000015f,paid,2026-01-10T16:18:00Z
ORD0000352,INV0000352,cust_0352,943.06,INR,pay0000000160,paid,2026-01-21T13:34:00Z
ORD0000353,INV0000353,cust_0353,1840.68,INR,pay0000000161,paid,2026-01-14T11:59:00Z
ORD0000354,INV0000354,cust_0354,1958.61,INR,pay0000000162,paid,2026-01-24T15:56:00Z
ORD0000355,INV0000355,cust_0355,6325.63,INR,pay0000000163,paid,2026-01-04T16:18:00Z
ORD0000356,INV0000356,cust_0356,9329.56,INR,pay0000000164,paid,2026-01-05T22:29:00Z
ORD0000357,INV0000357,cust_0357,3472.47,INR,pay0000000165,paid,2026-01-06T20:41:00Z
ORD0000358,INV0000358,cust_0358,5958.61,INR,pay0000000166,paid,2026-01-22T12:11:00Z
ORD0000359,INV0000359,cust_0359,5408.10,INR,pay0000000167,paid,2026-01-11T08:25:00Z
ORD0000360,INV0000360,cust_0360,1479.42,INR,pay0000000168,paid,2026-01-16T16:59:00Z
ORD0000361,INV0000361,cust_0361,2474.61,INR,pay0000000169,paid,2026-01-15T14:21:00Z
ORD0000362,INV0000362,cust_0362,124.91,INR,pay000000016a,paid,2026-01-09T17:44:00Z
ORD0000363,INV0000363,cust_0363,4885.02,INR,pay000000016b,paid,2026-01-10T11:25:00Z
ORD0000364,INV0000364,cust_0364,9314.27,INR,pay000000016c,paid,2026-01-23T15:44:00Z
ORD0000365,INV0000365,cust_0365,2320.77,INR,pay000000016d,paid,2026-01-08T10:30:00Z
ORD0000366,INV0000366,cust_0366,6356.63,INR,pay000000016e,paid,2026-01-12T19:44:00Z
ORD0000367,INV0000367,cust_0367,8414.52,INR,pay000000016f,paid,2026-01-22T12:48:00Z
ORD0000368,INV0000368,cust_0368,863.47,INR,pay0000000170,paid,2026-01-17T20:33:00Z
ORD0000369,INV0000369,cust_0369,652.58,INR,pay0000000171,paid,2026-01-27T22:12:00Z
ORD0000370,INV0000370,cust_0370,3445.56,INR,pay0000000172,paid,2026-01-17T20:07:00Z
ORD0000371,INV0000371,cust_0371,5130.73,INR,pay0000000173,paid,2026-01-03T22:28:00Z
ORD0000372,INV0000372,cust_0372,4361.04,INR,pay0000000174,paid,2026-01-15T07:35:00Z
ORD0000373,INV0000373,cust_0373,4156.82,INR,pay0000000175,paid,2026-01-09T06:47:00Z
ORD0000374,INV0000374,cust_0374,7349.06,INR,pay0000000176,paid,2026-01-03T07:59:00Z
ORD0000375,INV0000375,cust_0375,8035.28,INR,pay0000000177,paid,2026-01-21T19:23:00Z
ORD0000376,INV0000376,cust_0376,9513.14,INR,pay0000000178,paid,2026-01-13T18:05:00Z
ORD0000377,INV0000377,cust_0377,9025.75,INR,pay0000000179,paid,2026-01-12T09:11:00Z
ORD0000378,INV0000378,cust_0378,7637.14,INR,pay000000017a,paid,2026-01-08T06:48:00Z
ORD0000379,INV0000379,cust_0379,7545.24,INR,pay000000017b,paid,2026-01-18T19:34:00Z
ORD0000380,INV0000380,cust_0380,3634.74,INR,pay000000017c,paid,2026-01-05T14:12:00Z
ORD0000381,INV0000381,cust_0381,8037.65,INR,pay000000017d,paid,2026-01-01T13:13:00Z
ORD0000382,INV0000382,cust_0382,4686.27,INR,pay000000017e,paid,2026-01-20T07:15:00Z
ORD0000383,INV0000383,cust_0383,2462.22,INR,pay000000017f,paid,2026-01-18T12:48:00Z
ORD0000384,INV0000384,cust_0384,3038.14,INR,pay0000000180,paid,2026-01-08T16:36:00Z
ORD0000385,INV0000385,cust_0385,9193.23,INR,pay0000000181,paid,2026-01-05T22:14:00Z
ORD0000386,INV0000386,cust_0386,5842.61,INR,pay0000000182,paid,2026-01-19T11:40:00Z
ORD0000387,INV0000387,cust_0387,496.61,INR,pay0000000183,paid,2026-01-12T18:50:00Z
ORD0000388,INV0000388,cust_0388,4285.90,INR,pay0000000184,paid,2026-01-05T15:24:00Z
ORD0000389,INV0000389,cust_0389,8910.98,INR,pay0000000185,paid,2026-01-08T15:54:00Z
ORD0000390,INV0000390,cust_0390,9596.75,INR,pay0000000186,paid,2026-01-02T19:26:00Z
ORD0000391,INV0000391,cust_0391,2551.55,INR,pay0000000187,paid,2026-01-09T12:21:00Z
ORD0000392,INV0000392,cust_0392,8887.83,INR,pay0000000188,paid,2026-01-12T08:34:00Z
ORD0000393,INV0000393,cust_0393,6327.09,INR,pay0000000189,paid,2026-01-02T08:12:00Z
ORD0000394,INV0000394,cust_0394,2195.36,INR,pay000000018a,paid,2026-01-11T15:58:00Z
ORD0000395,INV0000395,cust_0395,7779.93,INR,pay000000018b,paid,2026-01-04T21:58:00Z
ORD0000396,INV0000396,cust_0396,4163.98,INR,pay000000018c,paid,2026-01-08T16:49:00Z
ORD0000397,INV0000397,cust_0397,6807.33,INR,pay000000018d,paid,2026-01-12T15:16:00Z
ORD0000398,INV0000398,cust_0398,4891.40,INR,pay000000018e,paid,2026-01-04T21:48:00Z
ORD0000399,INV0000399,cust_0399,4345.37,INR,pay000000018f,paid,2026-01-02T13:47:00Z
ORD0000400,INV0000400,cust_0400,9806.65,INR,pay0000000190,paid,2026-01-19T19:18:00Z
ORD0000401,INV0000401,cust_0401,3987.90,INR,pay0000000191,paid,2026-01-19T13:31:00Z
ORD0000402,INV0000402,cust_0402,8620.01,INR,pay0000000192,paid,2026-01-16T21:29:00Z
ORD0000403,INV0000403,cust_0403,7558.03,INR,pay0000000193,paid,2026-01-18T21:11:00Z
ORD0000404,INV0000404,cust_0404,8803.27,INR,pay0000000194,paid,2026-01-03T07:48:00Z
ORD0000405,INV0000405,cust_0405,6618.38,INR,pay0000000195,paid,2026-01-08T08:45:00Z
ORD0000406,INV0000406,cust_0406,4786.60,INR,pay0000000196,paid,2026-01-12T07:39:00Z
ORD0000407,INV0000407,cust_0407,6918.09,INR,pay0000000197,paid,2026-01-16T06:00:00Z
ORD0000408,INV0000408,cust_0408,180.38,INR,pay0000000198,paid,2026-01-17T14:34:00Z
ORD0000409,INV0000409,cust_0409,7322.58,INR,pay0000000199,paid,2026-01-22T19:51:00Z
ORD0000410,INV0000410,cust_0410,5503.57,INR,pay000000019a,paid,2026-01-05T13:12:00Z
ORD0000411,INV0000411,cust_0411,3721.58,INR,pay000000019b,paid,2026-01-09T18:05:00Z
ORD0000412,INV0000412,cust_0412,2555.21,INR,pay000000019c,paid,2026-01-23T13:19:00Z
ORD0000413,INV0000413,cust_0413,9004.08,INR,pay000000019d,paid,2026-01-21T07:05:00Z
ORD0000414,INV0000414,cust_0414,4996.27,INR,pay000000019e,paid,2026-01-02T06:44:00Z
ORD0000415,INV0000415,cust_0415,4554.87,INR,pay000000019f,paid,2026-01-21T16:36:00Z
ORD0000416,INV0000416,cust_0416,2414.27,INR,pay00000001a0,paid,2026-01-07T21:17:00Z
ORD0000417,INV0000417,cust_0417,2944.92,INR,pay00000001a1,paid,2026-01-18T07:11:00Z
ORD0000418,INV0000418,cust_0418,6160.51,INR,pay00000001a2,paid,2026-01-05T18:59:00Z
ORD0000419,INV0000419,cust_0419,2526.53,INR,pay00000001a3,paid,2026-01-19T18:43:00Z
ORD0000420,INV0000420,cust_0420,7761.79,INR,pay00000001a4,paid,2026-01-05T08:32:00Z
ORD0000421,INV0000421,cust_0421,8799.14,INR,pay00000001a5,paid,2026-01-03T16:38:00Z
ORD0000422,INV0000422,cust_0422,8116.31,INR,pay00000001a6,paid,2026-01-11T06:40:00Z
ORD0000423,INV0000423,cust_0423,3735.95,INR,pay00000001a7,paid,2026-01-18T18:27:00Z
ORD0000424,INV0000424,cust_0424,903.56,INR,pay00000001a8,paid,2026-01-25T15:51:00Z
ORD0000425,INV0000425,cust_0425,7467.47,INR,pay00000001a9,paid,2026-01-26T10:47:00Z
ORD0000426,INV0000426,cust_0426,964.66,INR,pay00000001aa,paid,2026-01-01T15:28:00Z
ORD0000427,INV0000427,cust_0427,4524.14,INR,pay00000001ab,paid,2026-01-15T22:26:00Z
ORD0000428,INV0000428,cust_0428,6264.20,INR,pay00000001ac,paid,2026-01-20T16:55:00Z
ORD0000429,INV0000429,cust_0429,4071.37,INR,pay00000001ad,paid,2026-01-25T08:46:00Z
ORD0000430,INV0000430,cust_0430,1783.20,INR,pay00000001ae,paid,2026-01-22T18:10:00Z
ORD0000431,INV0000431,cust_0431,5175.77,INR,pay00000001af,paid,2026-01-05T08:10:00Z
ORD0000432,INV0000432,cust_0432,5082.53,INR,pay00000001b0,paid,2026-01-26T08:23:00Z
ORD0000433,INV0000433,cust_0433,5203.86,INR,pay00000001b1,paid,2026-01-20T12:29:00Z
ORD0000434,INV0000434,cust_0434,9954.13,INR,pay00000001b2,paid,2026-01-13T16:53:00Z
ORD0000435,INV0000435,cust_0435,3460.49,INR,pay00000001b3,paid,2026-01-15T16:27:00Z
ORD0000436,INV0000436,cust_0436,3367.41,INR,pay00000001b4,paid,2026-01-20T12:30:00Z
ORD0000437,INV0000437,cust_0437,3351.40,INR,pay00000001b5,paid,2026-01-10T21:36:00Z
ORD0000438,INV0000438,cust_0438,8566.56,INR,pay00000001b6,paid,2026-01-26T18:23:00Z
ORD0000439,INV0000439,cust_0439,5726.33,INR,pay00000001b7,paid,2026-01-06T06:46:00Z
ORD0000440,INV0000440,cust_0440,3059.82,INR,pay00000001b8,paid,2026-01-27T08:52:00Z
ORD0000441,INV0000441,cust_0441,3180.43,INR,pay00000001b9,paid,2026-01-08T14:42:00Z
ORD0000442,INV0000442,cust_0442,780.58,INR,pay00000001ba,paid,2026-01-15T21:37:00Z
ORD0000443,INV0000443,cust_0443,9656.01,INR,pay00000001bb,paid,2026-01-23T19:34:00Z
ORD0000444,INV0000444,cust_0444,8522.55,INR,pay00000001bc,paid,2026-01-18T08:06:00Z
ORD0000445,INV0000445,cust_0445,6429.39,INR,pay00000001bd,paid,2026-01-02T18:48:00Z
ORD0000446,INV0000446,cust_0446,2332.85,INR,pay00000001be,paid,2026-01-17T22:35:00Z
ORD0000447,INV0000447,cust_0447,3927.92,INR,pay00000001bf,paid,2026-01-13T20:49:00Z
ORD0000448,INV0000448,cust_0448,1585.67,INR,pay00000001c0,paid,2026-01-12T06:30:00Z
ORD0000449,INV0000449,cust_0449,905.25,INR,pay00000001c1,paid,2026-01-04T10:22:00Z
ORD0000450,INV0000450,cust_0450,2174.16,INR,pay00000001c2,paid,2026-01-17T21:22:00Z
ORD0000451,INV0000451,cust_0451,7311.09,INR,pay00000001c3,paid,2026-01-15T16:04:00Z
ORD0000452,INV0000452,cust_0452,1211.75,INR,pay00000001c4,paid,2026-01-01T16:41:00Z
ORD0000453,INV0000453,cust_0453,7769.59,INR,pay00000001c5,paid,2026-01-08T22:11:00Z
ORD0000454,INV0000454,cust_0454,4475.80,INR,pay00000001c6,paid,2026-01-15T13:51:00Z
ORD0000455,INV0000455,cust_0455,6897.37,INR,pay00000001c7,paid,2026-01-14T18:01:00Z
ORD0000456,INV0000456,cust_0456,4719.13,INR,pay00000001c8,paid,2026-01-19T19:24:00Z
ORD0000457,INV0000457,cust_0457,7893.70,INR,pay00000001c9,paid,2026-01-23T08:36:00Z
ORD0000458,INV0000458,cust_0458,3423.19,INR,pay00000001ca,paid,2026-01-07T20:07:00Z
ORD0000459,INV0000459,cust_0459,6706.53,INR,pay00000001cb,paid,2026-01-11T18:39:00Z
ORD0000460,INV0000460,cust_0460,6478.51,INR,pay00000001cc,paid,2026-01-06T15:58:00Z
ORD0000461,INV0000461,cust_0461,1240.86,INR,pay00000001cd,paid,2026-01-08T15:07:00Z
ORD0000462,INV0000462,cust_0462,5361.38,INR,pay00000001ce,paid,2026-01-13T19:38:00Z
ORD0000463,INV0000463,cust_0463,1952.76,INR,pay00000001cf,paid,2026-01-16T11:35:00Z
ORD0000464,INV0000464,cust_0464,1966.87,INR,pay00000001d0,paid,2026-01-11T20:39:00Z
ORD0000465,INV0000465,cust_0465,5086.49,INR,pay00000001d1,paid,2026-01-05T12:52:00Z
ORD0000466,INV0000466,cust_0466,5195.13,INR,pay00000001d2,paid,2026-01-14T21:26:00Z
ORD0000467,INV0000467,cust_0467,871.86,INR,pay00000001d3,paid,2026-01-19T06:50:00Z
ORD0000468,INV0000468,cust_0468,3031.92,INR,pay00000001d4,paid,2026-01-06T20:36:00Z
ORD0000469,INV0000469,cust_0469,1192.10,INR,pay00000001d5,paid,2026-01-19T09:17:00Z
ORD0000470,INV0000470,cust_0470,7940.47,INR,pay00000001d6,paid,2026-01-02T20:34:00Z
ORD0000471,INV0000471,cust_0471,2600.55,INR,pay00000001d7,paid,2026-01-10T07:28:00Z
ORD0000472,INV0000472,cust_0472,917.08,INR,pay00000001d8,paid,2026-01-15T09:49:00Z
ORD0000473,INV0000473,cust_0473,6169.82,INR,pay00000001d9,paid,2026-01-23T17:55:00Z
ORD0000474,INV0000474,cust_0474,1745.44,INR,pay00000001da,paid,2026-01-20T10:50:00Z
ORD0000475,INV0000475,cust_0475,5982.66,INR,pay00000001db,paid,2026-01-12T14:38:00Z
ORD0000476,INV0000476,cust_0476,7387.53,INR,pay00000001dc,paid,2026-01-10T15:36:00Z
ORD0000477,INV0000477,cust_0477,7127.96,INR,pay00000001dd,paid,2026-01-27T09:08:00Z
ORD0000478,INV0000478,cust_0478,9096.65,INR,pay00000001de,paid,2026-01-21T10:44:00Z
ORD0000479,INV0000479,cust_0479,3382.42,INR,pay00000001df,paid,2026-01-27T13:48:00Z
ORD0000480,INV0000480,cust_0480,6059.74,INR,pay00000001e0,paid,2026-01-21T14:40:00Z
ORD0000481,INV0000481,cust_0481,6649.06,INR,pay00000001e1,paid,2026-01-26T08:25:00Z
ORD0000482,INV0000482,cust_0482,9204.33,INR,pay00000001e2,paid,2026-01-12T20:31:00Z
ORD0000483,INV0000483,cust_0483,981.66,INR,pay00000001e3,paid,2026-01-24T20:40:00Z
ORD0000484,INV0000484,cust_0484,8348.28,INR,pay00000001e4,paid,2026-01-18T18:13:00Z
ORD0000485,INV0000485,cust_0485,3390.48,INR,pay00000001e5,paid,2026-01-27T15:21:00Z
ORD0000486,INV0000486,cust_0486,8943.29,INR,pay00000001e6,paid,2026-01-16T16:57:00Z
ORD0000487,INV0000487,cust_0487,175.72,INR,pay00000001e7,paid,2026-01-04T11:28:00Z
ORD0000488,INV0000488,cust_0488,4490.80,INR,pay00000001e8,paid,2026-01-07T10:56:00Z
ORD0000489,INV0000489,cust_0489,9785.33,INR,pay00000001e9,paid,2026-01-09T08:41:00Z
ORD0000490,INV0000490,cust_0490,1740.65,INR,pay00000001ea,paid,2026-01-02T18:40:00Z
ORD0000491,INV0000491,cust_0491,961.29,INR,pay00000001eb,paid,2026-01-23T09:00:00Z
ORD0000492,INV0000492,cust_0492,7135.13,INR,pay00000001ec,paid,2026-01-15T06:00:00Z
ORD0000493,INV0000493,cust_0493,9026.32,INR,pay00000001ed,paid,2026-01-14T10:30:00Z
ORD0000494,INV0000494,cust_0494,7667.60,INR,pay00000001ee,paid,2026-01-26T09:06:00Z
ORD0000495,INV0000495,cust_0495,1442.90,INR,pay00000001ef,paid,2026-01-13T10:41:00Z
ORD0000496,INV0000496,cust_0496,6404.66,INR,pay00000001f0,paid,2026-01-21T11:28:00Z
ORD0000497,INV0000497,cust_0497,1592.27,INR,pay00000001f1,paid,2026-01-14T20:55:00Z
ORD0000498,INV0000498,cust_0498,1473.14,INR,pay00000001f2,paid,2026-01-25T09:37:00Z
ORD0000499,INV0000499,cust_0499,4507.46,INR,pay00000001f3,paid,2026-01-11T10:15:00Z
ORD0000500,INV0000500,cust_0000,6306.93,INR,pay00000001f4,paid,2026-01-20T15:49:00Z
ORD0000501,INV0000501,cust_0001,6908.88,INR,pay00000001f5,paid,2026-01-10T12:33:00Z
ORD0000502,INV0000502,cust_0002,4112.80,INR,pay00000001f6,paid,2026-01-10T07:50:00Z
ORD0000503,INV0000503,cust_0003,2532.92,INR,pay00000001f7,paid,2026-01-16T08:33:00Z
ORD0000504,INV0000504,cust_0004,1388.94,INR,pay00000001f8,paid,2026-01-13T19:23:00Z
ORD0000505,INV0000505,cust_0005,8082.88,INR,pay00000001f9,paid,2026-01-03T06:37:00Z
ORD0000506,INV0000506,cust_0006,422.61,INR,pay00000001fa,paid,2026-01-02T18:32:00Z
ORD0000507,INV0000507,cust_0007,4446.50,INR,pay00000001fb,paid,2026-01-23T18:05:00Z
ORD0000508,INV0000508,cust_0008,1605.97,INR,pay00000001fc,paid,2026-01-09T08:19:00Z
ORD0000509,INV0000509,cust_0009,8478.12,INR,pay00000001fd,paid,2026-01-05T16:25:00Z
ORD0000510,INV0000510,cust_0010,4592.37,INR,pay00000001fe,paid,2026-01-24T13:03:00Z
ORD0000511,INV0000511,cust_0011,1221.20,INR,pay00000001ff,paid,2026-01-15T07:19:00Z
ORD0000512,INV0000512,cust_0012,124.01,INR,pay0000000200,paid,2026-01-06T21:22:00Z
ORD0000513,INV0000513,cust_0013,7562.77,INR,pay0000000201,paid,2026-01-09T11:23:00Z
ORD0000514,INV0000514,cust_0014,1242.91,INR,pay0000000202,paid,2026-01-25T06:21:00Z
ORD0000515,INV0000515,cust_0015,2762.22,INR,pay0000000203,paid,2026-01-23T08:31:00Z
ORD0000516,INV0000516,cust_0016,5243.79,INR,pay0000000204,paid,2026-01-19T11:23:00Z
ORD0000517,INV0000517,cust_0017,9382.08,INR,pay0000000205,paid,2026-01-19T09:14:00Z
ORD0000518,INV0000518,cust_0018,2569.30,INR,pay0000000206,paid,2026-01-02T21:23:00Z
ORD0000519,INV0000519,cust_0019,8996.38,INR,pay0000000207,paid,2026-01-02T19:14:00Z
ORD0000520,INV0000520,cust_0020,7557.76,INR,pay0000000208,paid,2026-01-11T14:52:00Z
ORD0000521,INV0000521,cust_0021,5269.28,INR,pay0000000209,paid,2026-01-22T07:11:00Z
ORD0000522,INV0000522,cust_0022,4209.00,INR,pay000000020a,paid,2026-01-03T20:55:00Z
ORD0000523,INV0000523,cust_0023,5804.58,INR,pay000000020b,paid,2026-01-15T06:23:00Z
ORD0000524,INV0000524,cust_0024,3191.72,INR,pay000000020c,paid,2026-01-24T13:29:00Z
ORD0000525,INV0000525,cust_0025,8106.43,INR,pay000000020d,paid,2026-01-25T12:46:00Z
ORD0000526,INV0000526,cust_0026,9781.89,INR,pay000000020e,paid,2026-01-14T06:14:00Z
ORD0000527,INV0000527,cust_0027,7276.46,INR,pay000000020f,paid,2026-01-01T16:00:00Z
ORD0000528,INV0000528,cust_0028,7630.40,INR,pay0000000210,paid,2026-01-10T09:13:00Z
ORD0000529,INV0000529,cust_0029,633.04,INR,pay0000000211,paid,2026-01-05T14:05:00Z
ORD0000530,INV0000530,cust_0030,5455.07,INR,pay0000000212,paid,2026-01-14T17:29:00Z
ORD0000531,INV0000531,cust_0031,5304.79,INR,pay0000000213,paid,2026-01-05T18:04:00Z
ORD0000532,INV0000532,cust_0032,2487.73,INR,pay0000000214,paid,2026-01-10T14:54:00Z
ORD0000533,INV0000533,cust_0033,7715.73,INR,pay0000000215,paid,2026-01-11T16:28:00Z
ORD0000534,INV0000534,cust_0034,8183.23,INR,pay0000000216,paid,2026-01-25T09:09:00Z
ORD0000535,INV0000535,cust_0035,3297.87,INR,pay0000000217,paid,2026-01-14T09:34:00Z
ORD0000536,INV0000536,cust_0036,4863.54,INR,pay0000000218,paid,2026-01-09T09:05:00Z
ORD0000537,INV0000537,cust_0037,7312.29,INR,pay0000000219,paid,2026-01-20T07:13:00Z
ORD0000538,INV0000538,cust_0038,3735.23,INR,pay000000021a,paid,2026-01-13T22:03:00Z
ORD0000539,INV0000539,cust_0039,1828.13,INR,pay000000021b,paid,2026-01-01T18:54:00Z
ORD0000540,INV0000540,cust_0040,2624.89,INR,pay000000021c,paid,2026-01-04T20:06:00Z
ORD0000541,INV0000541,cust_0041,1375.64,INR,pay000000021d,paid,2026-01-07T18:23:00Z
ORD0000542,INV0000542,cust_0042,2718.93,INR,pay000000021e,paid,2026-01-27T08:01:00Z
ORD0000543,INV0000543,cust_0043,4654.71,INR,pay000000021f,paid,2026-01-26T10:05:00Z
ORD0000544,INV0000544,cust_0044,1766.49,INR,pay0000000220,paid,2026-01-19T19:52:00Z
ORD0000545,INV0000545,cust_0045,4018.20,INR,pay0000000221,paid,2026-01-22T19:11:00Z
ORD0000546,INV0000546,cust_0046,2888.39,INR,pay0000000222,paid,2026-01-09T20:56:00Z
ORD0000547,INV0000547,cust_0047,6474.47,INR,pay0000000223,paid,2026-01-08T15:31:00Z
ORD0000548,INV0000548,cust_0048,924.82,INR,pay0000000224,paid,2026-01-09T18:08:00Z
ORD0000549,INV0000549,cust_0049,8364.22,INR,pay0000000225,paid,2026-01-17T13:40:00Z
ORD0000550,INV0000550,cust_0050,8203.98,INR,pay0000000226,paid,2026-01-23T17:30:00Z
ORD0000551,INV0000551,cust_0051,5936.28,INR,pay0000000227,paid,2026-01-17T16:24:00Z
ORD0000552,INV0000552,cust_0052,9397.77,INR,pay0000000228,paid,2026-01-26T14:03:00Z
ORD0000553,INV0000553,cust_0053,6128.56,INR,pay0000000229,paid,2026-01-08T11:06:00Z
ORD0000554,INV0000554,cust_0054,8564.37,INR,pay000000022a,paid,2026-01-26T07:48:00Z
ORD0000555,INV0000555,cust_0055,8366.24,INR,pay000000022b,paid,2026-01-13T17:59:00Z
ORD0000556,INV0000556,cust_0056,3339.51,INR,pay000000022c,paid,2026-01-26T17:58:00Z
ORD0000557,INV0000557,cust_0057,3692.65,INR,pay000000022d,paid,2026-01-19T10:36:00Z
ORD0000558,INV0000558,cust_0058,1845.84,INR,pay000000022e,paid,2026-01-16T07:05:00Z
ORD0000559,INV0000559,cust_0059,213.96,INR,pay000000022f,paid,2026-01-17T21:00:00Z
ORD0000560,INV0000560,cust_0060,1373.28,INR,pay0000000230,paid,2026-01-11T11:58:00Z
ORD0000561,INV0000561,cust_0061,8124.82,INR,pay0000000231,paid,2026-01-04T22:55:00Z
ORD0000562,INV0000562,cust_0062,9881.78,INR,pay0000000232,paid,2026-01-22T18:37:00Z
ORD0000563,INV0000563,cust_0063,1435.79,INR,pay0000000233,paid,2026-01-06T19:50:00Z
ORD0000564,INV0000564,cust_0064,1831.64,INR,pay0000000234,paid,2026-01-23T17:14:00Z
ORD0000565,INV0000565,cust_0065,3972.64,INR,pay0000000235,paid,2026-01-10T15:08:00Z
ORD0000566,INV0000566,cust_0066,9952.82,INR,pay0000000236,paid,2026-01-19T18:54:00Z
ORD0000567,INV0000567,cust_0067,3341.74,INR,pay0000000237,paid,2026-01-26T13:40:00Z
ORD0000568,INV0000568,cust_0068,1479.75,INR,pay0000000238,paid,2026-01-11T08:15:00Z
ORD0000569,INV0000569,cust_0069,9288.25,INR,pay0000000239,paid,2026-01-03T16:28:00Z
ORD0000570,INV0000570,cust_0070,7273.47,INR,pay000000023a,paid,2026-01-03T17:16:00Z
ORD0000571,INV0000571,cust_0071,4405.38,INR,pay000000023b,paid,2026-01-06T19:31:00Z
ORD0000572,INV0000572,cust_0072,1068.55,INR,pay000000023c,paid,2026-01-27T21:50:00Z
ORD0000573,INV0000573,cust_0073,777.89,INR,pay000000023d,paid,2026-01-26T07:18:00Z
ORD0000574,INV0000574,cust_0074,1103.12,INR,pay000000023e,paid,2026-01-03T16:10:00Z
ORD0000575,INV0000575,cust_0075,5741.19,INR,pay000000023f,paid,2026-01-03T16:38:00Z
ORD0000576,INV0000576,cust_0076,4527.75,INR,pay0000000240,paid,2026-01-21T11:38:00Z
ORD0000577,INV0000577,cust_0077,7315.63,INR,pay0000000241,paid,2026-01-18T14:42:00Z
ORD0000578,INV0000578,cust_0078,525.46,INR,pay0000000242,paid,2026-01-13T21:09:00Z
ORD0000579,INV0000579,cust_0079,8644.18,INR,pay0000000243,paid,2026-01-22T21:12:00Z
ORD0000580,INV0000580,cust_0080,6696.91,INR,pay0000000244,paid,2026-01-10T08:30:00Z
ORD0000581,INV0000581,cust_0081,4943.21,INR,pay0000000245,paid,2026-01-16T14:05:00Z
ORD0000582,INV0000582,cust_0082,3895.43,INR,pay0000000246,paid,2026-01-13T17:11:00Z
ORD0000583,INV0000583,cust_0083,4881.48,INR,pay0000000247,paid,2026-01-09T13:53:00Z
ORD0000584,INV0000584,cust_0084,1019.00,INR,pay0000000248,paid,2026-01-03T17:51:00Z
ORD0000585,INV0000585,cust_0085,6188.72,INR,pay0000000249,paid,2026-01-08T07:53:00Z
ORD0000586,INV0000586,cust_0086,5620.27,INR,pay000000024a,paid,2026-01-22T21:36:00Z
ORD0000587,INV0000587,cust_0087,4144.82,INR,pay000000024b,paid,2026-01-23T07:32:00Z
ORD0000588,INV0000588,cust_0088,7109.46,INR,pay000000024c,paid,2026-01-20T10:07:00Z
ORD0000589,INV0000589,cust_0089,1757.84,INR,pay000000024d,paid,2026-01-07T12:08:00Z
ORD0000590,INV0000590,cust_0090,8630.20,INR,pay000000024e,paid,2026-01-21T10:53:00Z
ORD0000591,INV0000591,cust_0091,7629.22,INR,pay000000024f,paid,2026-01-26T08:05:00Z
ORD0000592,INV0000592,cust_0092,3424.68,INR,pay0000000250,paid,2026-01-09T22:29:00Z
ORD0000593,INV0000593,cust_0093,8201.56,INR,pay0000000251,paid,2026-01-14T09:26:00Z
ORD0000594,INV0000594,cust_0094,6114.81,INR,pay0000000252,paid,2026-01-25T09:59:00Z
ORD0000595,INV0000595,cust_0095,8244.14,INR,pay0000000253,paid,2026-01-10T17:56:00Z
ORD0000596,INV0000596,cust_0096,5096.72,INR,pay0000000254,paid,2026-01-19T21:02:00Z
ORD0000597,INV0000597,cust_0097,6487.76,INR,pay0000000255,paid,2026-01-20T18:02:00Z
ORD0000598,INV0000598,cust_0098,521.85,INR,pay0000000256,paid,2026-01-24T21:58:00Z
ORD0000599,INV0000599,cust_0099,3265.53,INR,pay0000000257,paid,2026-01-09T21:54:00Z
ORD0000600,INV0000600,cust_0100,2395.30,INR,pay0000000258,paid,2026-01-05T15:47:00Z
ORD0000601,INV0000601,cust_0101,4375.17,INR,pay0000000259,paid,2026-01-20T08:12:00Z
ORD0000602,INV0000602,cust_0102,4274.49,INR,pay000000025a,paid,2026-01-24T21:48:00Z
ORD0000603,INV0000603,cust_0103,5407.99,INR,pay000000025b,paid,2026-01-26T11:04:00Z
ORD0000604,INV0000604,cust_0104,8189.30,INR,pay000000025c,paid,2026-01-17T06:11:00Z
ORD0000605,INV0000605,cust_0105,2621.09,INR,pay000000025d,paid,2026-01-02T20:03:00Z
ORD0000606,INV0000606,cust_0106,8640.08,INR,pay000000025e,paid,2026-01-15T22:25:00Z
ORD0000607,INV0000607,cust_0107,2541.90,INR,pay000000025f,paid,2026-01-12T21:38:00Z
ORD0000608,INV0000608,cust_0108,4981.35,INR,pay0000000260,paid,2026-01-19T17:22:00Z
ORD0000609,INV0000609,cust_0109,7228.12,INR,pay0000000261,paid,2026-01-03T15:01:00Z
ORD0000610,INV0000610,cust_0110,6005.56,INR,pay0000000262,paid,2026-01-25T12:54:00Z
ORD0000611,INV0000611,cust_0111,2826.54,INR,pay0000000263,paid,2026-01-21T19:32:00Z
ORD0000612,INV0000612,cust_0112,1392.41,INR,pay0000000264,paid,2026-01-21T11:38:00Z
ORD0000613,INV0000613,cust_0113,8446.93,INR,pay0000000265,paid,2026-01-10T14:27:00Z
ORD0000614,INV0000614,cust_0114,2293.08,INR,pay0000000266,paid,2026-01-15T15:43:00Z
ORD0000615,INV0000615,cust_0115,1077.82,INR,pay0000000267,paid,2026-01-01T22:42:00Z
ORD0000616,INV0000616,cust_0116,6391.35,INR,pay0000000268,paid,2026-01-10T15:43:00Z
ORD0000617,INV0000617,cust_0117,6722.12,INR,pay0000000269,paid,2026-01-11T14:16:00Z
ORD0000618,INV0000618,cust_0118,5429.21,INR,pay000000026a,paid,2026-01-25T13:57:00Z
ORD0000619,INV0000619,cust_0119,3356.09,INR,pay000000026b,paid,2026-01-22T10:46:00Z
ORD0000620,INV0000620,cust_0120,2725.28,INR,pay000000026c,paid,2026-01-14T18:24:00Z
ORD0000621,INV0000621,cust_0121,6003.29,INR,pay000000026d,paid,2026-01-27T12:21:00Z
ORD0000622,INV0000622,cust_0122,6698.20,INR,pay000000026e,paid,2026-01-26T21:58:00Z
ORD0000623,INV0000623,cust_0123,8869.86,INR,pay000000026f,paid,2026-01-06T11:18:00Z
ORD0000624,INV0000624,cust_0124,2717.16,INR,pay0000000270,paid,2026-01-24T11:43:00Z
ORD0000625,INV0000625,cust_0125,2346.76,INR,pay0000000271,paid,2026-01-24T15:26:00Z
ORD0000626,INV0000626,cust_0126,3088.34,INR,pay0000000272,paid,2026-01-15T09:30:00Z
ORD0000627,INV0000627,cust_0127,6513.03,INR,pay0000000273,paid,2026-01-03T21:56:00Z
ORD0000628,INV0000628,cust_0128,3133.48,INR,pay0000000274,paid,2026-01-14T07:55:00Z
ORD0000629,INV0000629,cust_0129,3598.15,INR,pay0000000275,paid,2026-01-14T20:09:00Z
ORD0000630,INV0000630,cust_0130,5117.65,INR,pay0000000276,paid,2026-01-11T11:20:00Z
ORD0000631,INV0000631,cust_0131,5138.58,INR,pay0000000277,paid,2026-01-26T08:08:00Z
ORD0000632,INV0000632,cust_0132,4234.88,INR,pay0000000278,paid,2026-01-14T21:24:00Z
ORD0000633,INV0000633,cust_0133,7666.51,INR,pay0000000279,paid,2026-01-12T06:57:00Z
ORD0000634,INV0000634,cust_0134,7101.21,INR,pay000000027a,paid,2026-01-01T13:14:00Z
ORD0000635,INV0000635,cust_0135,1081.97,INR,pay000000027b,paid,2026-01-13T22:37:00Z
ORD0000636,INV0000636,cust_0136,9950.35,INR,pay000000027c,paid,2026-01-10T20:46:00Z
ORD0000637,INV0000637,cust_0137,4552.30,INR,pay000000027d,paid,2026-01-22T10:21:00Z
ORD0000638,INV0000638,cust_0138,1733.92,INR,pay000000027e,paid,2026-01-26T18:01:00Z
ORD0000639,INV0000639,cust_0139,1380.79,INR,pay000000027f,paid,2026-01-07T06:37:00Z
ORD0000640,INV0000640,cust_0140,7461.52,INR,pay0000000280,paid,2026-01-21T07:24:00Z
ORD0000641,INV0000641,cust_0141,6539.04,INR,pay0000000281,paid,2026-01-02T07:42:00Z
ORD0000642,INV0000642,cust_0142,4663.97,INR,pay0000000282,paid,2026-01-13T09:35:00Z
ORD0000643,INV0000643,cust_0143,2159.77,INR,pay0000000283,paid,2026-01-23T06:19:00Z
ORD0000644,INV0000644,cust_0144,2835.91,INR,pay0000000284,paid,2026-01-20T10:26:00Z
ORD0000645,INV0000645,cust_0145,1239.53,INR,pay0000000285,paid,2026-01-10T09:50:00Z
ORD0000646,INV0000646,cust_0146,2099.52,INR,pay0000000286,paid,2026-01-25T14:53:00Z
ORD0000647,INV0000647,cust_0147,4301.60,INR,pay0000000287,paid,2026-01-10T11:02:00Z
ORD0000648,INV0000648,cust_0148,7221.34,INR,pay0000000288,paid,2026-01-16T16:15:00Z
ORD0000649,INV0000649,cust_0149,9514.32,INR,pay0000000289,paid,2026-01-04T21:09:00Z
ORD0000650,INV0000650,cust_0150,6761.36,INR,pay000000028a,paid,2026-01-08T20:18:00Z
ORD0000651,INV0000651,cust_0151,8941.47,INR,pay000000028b,paid,2026-01-10T17:51:00Z
ORD0000652,INV0000652,cust_0152,1220.31,INR,pay000000028c,paid,2026-01-04T07:00:00Z
ORD0000653,INV0000653,cust_0153,9384.80,INR,pay000000028d,paid,2026-01-15T14:56:00Z
ORD0000654,INV0000654,cust_0154,3598.70,INR,pay000000028e,paid,2026-01-06T09:25:00Z
ORD0000655,INV0000655,cust_0155,4049.52,INR,pay000000028f,paid,2026-01-23T21:51:00Z
ORD0000656,INV0000656,cust_0156,9887.48,INR,pay0000000290,paid,2026-01-06T09:26:00Z
ORD0000657,INV0000657,cust_0157,7118.46,INR,pay0000000291,paid,2026-01-15T11:39:00Z
ORD0000658,INV0000658,cust_0158,9049.76,INR,pay0000000292,paid,2026-01-22T10:30:00Z
ORD0000659,INV0000659,cust_0159,4625.94,INR,pay0000000293,paid,2026-01-02T08:16:00Z
ORD0000660,INV0000660,cust_0160,8053.12,INR,pay0000000294,paid,2026-01-24T13:42:00Z
ORD0000661,INV0000661,cust_0161,7351.11,INR,pay0000000295,paid,2026-01-20T09:27:00Z
ORD0000662,INV0000662,cust_0162,6964.51,INR,pay0000000296,paid,2026-01-22T18:09:00Z
ORD0000663,INV0000663,cust_0163,5306.26,INR,pay0000000297,paid,2026-01-16T21:55:00Z
ORD0000664,INV0000664,cust_0164,3367.08,INR,pay0000000298,paid,2026-01-08T16:17:00Z
ORD0000665,INV0000665,cust_0165,6750.67,INR,pay0000000299,paid,2026-01-13T18:52:00Z
ORD0000666,INV0000666,cust_0166,8406.83,INR,pay000000029a,paid,2026-01-19T20:05:00Z
ORD0000667,INV0000667,cust_0167,5220.33,INR,pay000000029b,paid,2026-01-24T06:06:00Z
ORD0000668,INV0000668,cust_0168,8665.28,INR,pay000000029c,paid,2026-01-03T15:56:00Z
ORD0000669,INV0000669,cust_0169,7045.91,INR,pay000000029d,paid,2026-01-15T16:23:00Z
ORD0000670,INV0000670,cust_0170,3485.98,INR,pay000000029e,paid,2026-01-18T21:45:00Z
ORD0000671,INV0000671,cust_0171,1200.62,INR,pay000000029f,paid,2026-01-04T13:00:00Z
ORD0000672,INV0000672,cust_0172,8392.69,INR,pay00000002a0,paid,2026-01-10T22:23:00Z
ORD0000673,INV0000673,cust_0173,1477.71,INR,pay00000002a1,paid,2026-01-27T19:06:00Z
ORD0000674,INV0000674,cust_0174,1271.11,INR,pay00000002a2,paid,2026-01-13T12:29:00Z
ORD0000675,INV0000675,cust_0175,8786.46,INR,pay00000002a3,paid,2026-01-22T09:49:00Z
ORD0000676,INV0000676,cust_0176,5291.89,INR,pay00000002a4,paid,2026-01-05T21:00:00Z
ORD0000677,INV0000677,cust_0177,4543.34,INR,pay00000002a5,paid,2026-01-27T21:59:00Z
ORD0000678,INV0000678,cust_0178,1825.85,INR,pay00000002a6,paid,2026-01-24T10:06:00Z
ORD0000679,INV0000679,cust_0179,3379.77,INR,pay00000002a7,paid,2026-01-17T18:26:00Z
ORD0000680,INV0000680,cust_0180,3600.13,INR,pay00000002a8,paid,2026-01-10T20:51:00Z
ORD0000681,INV0000681,cust_0181,7345.18,INR,pay00000002a9,paid,2026-01-24T22:19:00Z
ORD0000682,INV0000682,cust_0182,7469.54,INR,pay00000002aa,paid,2026-01-24T12:12:00Z
ORD0000683,INV0000683,cust_0183,7204.64,INR,pay00000002ab,paid,2026-01-12T10:45:00Z
ORD0000684,INV0000684,cust_0184,7285.38,INR,pay00000002ac,paid,2026-01-21T16:45:00Z
ORD0000685,INV0000685,cust_0185,6116.16,INR,pay00000002ad,paid,2026-01-19T19:43:00Z
ORD0000686,INV0000686,cust_0186,8889.59,INR,pay00000002ae,paid,2026-01-14T06:33:00Z
ORD0000687,INV0000687,cust_0187,561.42,INR,pay00000002af,paid,2026-01-22T07:12:00Z
ORD0000688,INV0000688,cust_0188,7170.86,INR,pay00000002b0,paid,2026-01-09T10:53:00Z
ORD0000689,INV0000689,cust_0189,5679.60,INR,pay00000002b1,paid,2026-01-02T17:52:00Z
ORD0000690,INV0000690,cust_0190,7088.40,INR,pay00000002b2,paid,2026-01-24T13:47:00Z
ORD0000691,INV0000691,cust_0191,5362.40,INR,pay00000002b3,paid,2026-01-26T15:44:00Z
ORD0000692,INV0000692,cust_0192,4068.80,INR,pay00000002b4,paid,2026-01-14T16:35:00Z
ORD0000693,INV0000693,cust_0193,2134.52,INR,pay00000002b5,paid,2026-01-20T20:53:00Z
ORD0000694,INV0000694,cust_0194,5736.67,INR,pay00000002b6,paid,2026-01-24T12:49:00Z
ORD0000695,INV0000695,cust_0195,1865.44,INR,pay00000002b7,paid,2026-01-22T08:11:00Z
ORD0000696,INV0000696,cust_0196,2931.70,INR,pay00000002b8,paid,2026-01-18T14:08:00Z
ORD0000697,INV0000697,cust_0197,64.19,INR,pay00000002b9,paid,2026-01-11T20:45:00Z
ORD0000698,INV0000698,cust_0198,3388.02,INR,pay00000002ba,paid,2026-01-20T07:49:00Z
ORD0000699,INV0000699,cust_0199,3162.83,INR,pay00000002bb,paid,2026-01-16T17:04:00Z
ORD0000700,INV0000700,cust_0200,1933.00,INR,pay00000002bc,paid,2026-01-17T08:50:00Z
ORD0000701,INV0000701,cust_0201,5636.23,INR,pay00000002bd,paid,2026-01-13T08:22:00Z
ORD0000702,INV0000702,cust_0202,3476.48,INR,pay00000002be,paid,2026-01-12T15:13:00Z
ORD0000703,INV0000703,cust_0203,5891.02,INR,pay00000002bf,paid,2026-01-27T06:07:00Z
ORD0000704,INV0000704,cust_0204,9489.33,INR,pay00000002c0,paid,2026-01-21T13:02:00Z
ORD0000705,INV0000705,cust_0205,8353.83,INR,pay00000002c1,paid,2026-01-04T18:16:00Z
ORD0000706,INV0000706,cust_0206,8084.21,INR,pay00000002c2,paid,2026-01-12T22:51:00Z
ORD0000707,INV0000707,cust_0207,3113.33,INR,pay00000002c3,paid,2026-01-21T12:20:00Z
ORD0000708,INV0000708,cust_0208,1760.26,INR,pay00000002c4,paid,2026-01-25T06:40:00Z
ORD0000709,INV0000709,cust_0209,8116.59,INR,pay00000002c5,paid,2026-01-07T19:53:00Z
ORD0000710,INV0000710,cust_0210,7373.79,INR,pay00000002c6,paid,2026-01-24T19:41:00Z
ORD0000711,INV0000711,cust_0211,922.72,INR,pay00000002c7,paid,2026-01-03T07:11:00Z
ORD0000712,INV0000712,cust_0212,4279.33,INR,pay00000002c8,paid,2026-01-13T20:40:00Z
ORD0000713,INV0000713,cust_0213,4089.22,INR,pay00000002c9,paid,2026-01-22T09:34:00Z
ORD0000714,INV0000714,cust_0214,7354.28,INR,pay00000002ca,paid,2026-01-03T17:59:00Z
ORD0000715,INV0000715,cust_0215,7196.95,INR,pay00000002cb,paid,2026-01-10T08:18:00Z
ORD0000716,INV0000716,cust_0216,6933.18,INR,pay00000002cc,paid,2026-01-01T21:10:00Z
ORD0000717,INV0000717,cust_0217,4104.85,INR,pay00000002cd,paid,2026-01-26T15:40:00Z
ORD0000718,INV0000718,cust_0218,9590.75,INR,pay00000002ce,paid,2026-01-26T17:00:00Z
ORD0000719,INV0000719,cust_0219,443.02,INR,pay00000002cf,paid,2026-01-01T18:34:00Z
ORD0000720,INV0000720,cust_0220,7851.45,INR,pay00000002d0,paid,2026-01-24T17:13:00Z
ORD0000721,INV0000721,cust_0221,1934.30,INR,pay00000002d1,paid,2026-01-08T14:12:00Z
ORD0000722,INV0000722,cust_0222,5953.49,INR,pay00000002d2,paid,2026-01-02T20:41:00Z
ORD0000723,INV0000723,cust_0223,711.34,INR,pay00000002d3,paid,2026-01-09T09:12:00Z
ORD0000724,INV0000724,cust_0224,3474.22,INR,pay00000002d4,paid,2026-01-12T10:42:00Z
ORD0000725,INV0000725,cust_0225,3337.22,INR,pay00000002d5,paid,2026-01-16T20:21:00Z
ORD0000726,INV0000726,cust_0226,1602.97,INR,pay00000002d6,paid,2026-01-19T17:51:00Z
ORD0000727,INV0000727,cust_0227,3289.29,INR,pay00000002d7,paid,2026-01-08T13:45:00Z
ORD0000728,INV0000728,cust_0228,3774.48,INR,pay00000002d8,paid,2026-01-05T16:56:00Z
ORD0000729,INV0000729,cust_0229,8129.02,INR,pay00000002d9,paid,2026-01-10T21:35:00Z
ORD0000730,INV0000730,cust_0230,864.55,INR,pay00000002da,paid,2026-01-27T14:54:00Z
ORD0000731,INV0000731,cust_0231,7696.77,INR,pay00000002db,paid,2026-01-21T08:46:00Z
ORD0000732,INV0000732,cust_0232,6628.08,INR,pay00000002dc,paid,2026-01-01T18:49:00Z
ORD0000733,INV0000733,cust_0233,5788.88,INR,pay00000002dd,paid,2026-01-09T21:41:00Z
ORD0000734,INV0000734,cust_0234,9352.40,INR,pay00000002de,paid,2026-01-25T15:08:00Z
ORD0000735,INV0000735,cust_0235,4165.59,INR,pay00000002df,paid,2026-01-12T22:00:00Z
ORD0000736,INV0000736,cust_0236,8462.18,INR,pay00000002e0,paid,2026-01-20T11:48:00Z
ORD0000737,INV0000737,cust_0237,1883.47,INR,pay00000002e1,paid,2026-01-19T10:47:00Z
ORD0000738,INV0000738,cust_0238,428.83,INR,pay00000002e2,paid,2026-01-08T21:14:00Z
ORD0000739,INV0000739,cust_0239,453.87,INR,pay00000002e3,paid,2026-01-22T12:33:00Z
ORD0000740,INV0000740,cust_0240,4772.28,INR,pay00000002e4,paid,2026-01-02T07:41:00Z
ORD0000741,INV0000741,cust_0241,5471.99,INR,pay00000002e5,paid,2026-01-21T14:53:00Z
ORD0000742,INV0000742,cust_0242,5983.56,INR,pay00000002e6,paid,2026-01-06T18:41:00Z
ORD0000743,INV0000743,cust_0243,9423.58,INR,pay00000002e7,paid,2026-01-27T08:33:00Z
ORD0000744,INV0000744,cust_0244,2342.26,INR,pay00000002e8,paid,2026-01-17T18:22:00Z
ORD0000745,INV0000745,cust_0245,9307.67,INR,pay00000002e9,paid,2026-01-20T06:32:00Z
ORD0000746,INV0000746,cust_0246,813.32,INR,pay00000002ea,paid,2026-01-17T14:13:00Z
ORD0000747,INV0000747,cust_0247,6317.64,INR,pay00000002eb,paid,2026-01-23T09:42:00Z
ORD0000748,INV0000748,cust_0248,7557.42,INR,pay00000002ec,paid,2026-01-04T21:43:00Z
ORD0000749,INV0000749,cust_0249,1695.78,INR,pay00000002ed,paid,2026-01-21T19:01:00Z
ORD0000750,INV0000750,cust_0250,6216.21,INR,pay00000002ee,paid,2026-01-06T10:40:00Z
ORD0000751,INV0000751,cust_0251,1544.99,INR,pay00000002ef,paid,2026-01-02T11:16:00Z
ORD0000752,INV0000752,cust_0252,6289.71,INR,pay00000002f0,paid,2026-01-19T06:56:00Z
ORD0000753,INV0000753,cust_0253,2276.14,INR,pay00000002f1,paid,2026-01-15T21:55:00Z
ORD0000754,INV0000754,cust_0254,4312.20,INR,pay00000002f2,paid,2026-01-20T10:50:00Z
ORD0000755,INV0000755,cust_0255,5361.17,INR,pay00000002f3,paid,2026-01-09T11:46:00Z
ORD0000756,INV0000756,cust_0256,6260.10,INR,pay00000002f4,paid,2026-01-19T08:14:00Z
ORD0000757,INV0000757,cust_0257,178.67,INR,pay00000002f5,paid,2026-01-07T22:55:00Z
ORD0000758,INV0000758,cust_0258,6354.24,INR,pay00000002f6,paid,2026-01-04T11:30:00Z
ORD0000759,INV0000759,cust_0259,7894.30,INR,pay00000002f7,paid,2026-01-04T08:30:00Z
ORD0000760,INV0000760,cust_0260,5659.82,INR,pay00000002f8,paid,2026-01-27T06:57:00Z
ORD0000761,INV0000761,cust_0261,3888.68,INR,pay00000002f9,paid,2026-01-02T22:27:00Z
ORD0000762,INV0000762,cust_0262,4002.55,INR,pay00000002fa,paid,2026-01-12T09:27:00Z
ORD0000763,INV0000763,cust_0263,2443.07,INR,pay00000002fb,paid,2026-01-03T15:38:00Z
ORD0000764,INV0000764,cust_0264,62.35,INR,pay00000002fc,paid,2026-01-23T06:36:00Z
ORD0000765,INV0000765,cust_0265,3937.47,INR,pay00000002fd,paid,2026-01-21T12:44:00Z
ORD0000766,INV0000766,cust_0266,1627.97,INR,pay00000002fe,paid,2026-01-14T14:16:00Z
ORD0000767,INV0000767,cust_0267,6421.03,INR,pay00000002ff,paid,2026-01-09T18:48:00Z
ORD0000768,INV0000768,cust_0268,5851.46,INR,pay0000000300,paid,2026-01-16T11:23:00Z
ORD0000769,INV0000769,cust_0269,3220.49,INR,pay0000000301,paid,2026-01-19T17:49:00Z
ORD0000770,INV0000770,cust_0270,8970.31,INR,pay0000000302,paid,2026-01-22T09:47:00Z
ORD0000771,INV0000771,cust_0271,9958.55,INR,pay0000000303,paid,2026-01-06T09:13:00Z
ORD0000772,INV0000772,cust_0272,8402.56,INR,pay0000000304,paid,2026-01-18T07:10:00Z
ORD0000773,INV0000773,cust_0273,8637.45,INR,pay0000000305,paid,2026-01-05T21:59:00Z
ORD0000774,INV0000774,cust_0274,6391.13,INR,pay0000000306,paid,2026-01-02T18:59:00Z
ORD0000775,INV0000775,cust_0275,3008.84,INR,pay0000000307,paid,2026-01-23T07:49:00Z
ORD0000776,INV0000776,cust_0276,2120.05,INR,pay0000000308,paid,2026-01-22T22:18:00Z
ORD0000777,INV0000777,cust_0277,5358.48,INR,pay0000000309,paid,2026-01-17T13:39:00Z
ORD0000778,INV0000778,cust_0278,6873.37,INR,pay000000030a,paid,2026-01-01T11:05:00Z
ORD0000779,INV0000779,cust_0279,4148.37,INR,pay000000030b,paid,2026-01-13T12:33:00Z
ORD0000780,INV0000780,cust_0280,5767.89,INR,pay000000030c,paid,2026-01-10T17:22:00Z
ORD0000781,INV0000781,cust_0281,2044.74,INR,pay000000030d,paid,2026-01-15T18:36:00Z
ORD0000782,INV0000782,cust_0282,5313.29,INR,pay000000030e,paid,2026-01-04T08:32:00Z
ORD0000783,INV0000783,cust_0283,8424.45,INR,pay000000030f,paid,2026-01-17T14:56:00Z
ORD0000784,INV0000784,cust_0284,4647.76,INR,pay0000000310,paid,2026-01-13T21:49:00Z
ORD0000785,INV0000785,cust_0285,4816.37,INR,pay0000000311,paid,2026-01-22T20:57:00Z
ORD0000786,INV0000786,cust_0286,2708.43,INR,pay0000000312,paid,2026-01-03T18:40:00Z
ORD0000787,INV0000787,cust_0287,4329.59,INR,pay0000000313,paid,2026-01-12T22:34:00Z
ORD0000788,INV0000788,cust_0288,980.27,INR,pay0000000314,paid,2026-01-13T16:04:00Z
ORD0000789,INV0000789,cust_0289,3712.11,INR,pay0000000315,paid,2026-01-07T14:11:00Z
ORD0000790,INV0000790,cust_0290,2098.65,INR,pay0000000316,paid,2026-01-08T13:55:00Z
ORD0000791,INV0000791,cust_0291,8759.98,INR,pay0000000317,paid,2026-01-08T17:09:00Z
ORD0000792,INV0000792,cust_0292,7091.40,INR,pay0000000318,paid,2026-01-22T21:39:00Z
ORD0000793,INV0000793,cust_0293,8897.03,INR,pay0000000319,paid,2026-01-16T17:39:00Z
ORD0000794,INV0000794,cust_0294,9242.82,INR,pay000000031a,paid,2026-01-19T14:31:00Z
ORD0000795,INV0000795,cust_0295,2333.81,INR,pay000000031b,paid,2026-01-25T10:03:00Z
ORD0000796,INV0000796,cust_0296,5675.36,INR,pay000000031c,paid,2026-01-02T22:22:00Z
ORD0000797,INV0000797,cust_0297,1267.15,INR,pay000000031d,paid,2026-01-23T22:29:00Z
ORD0000798,INV0000798,cust_0298,6097.31,INR,pay000000031e,paid,2026-01-04T16:23:00Z
ORD0000799,INV0000799,cust_0299,2761.17,INR,pay000000031f,paid,2026-01-08T14:30:00Z
ORD0000800,INV0000800,cust_0300,5234.98,INR,pay0000000320,paid,2026-01-14T12:26:00Z
ORD0000801,INV0000801,cust_0301,4205.51,INR,pay0000000321,paid,2026-01-09T20:11:00Z
ORD0000802,INV0000802,cust_0302,7198.35,INR,pay0000000322,paid,2026-01-08T09:46:00Z
ORD0000803,INV0000803,cust_0303,8984.04,INR,pay0000000323,paid,2026-01-13T12:09:00Z
ORD0000804,INV0000804,cust_0304,107.15,INR,pay0000000324,paid,2026-01-06T19:31:00Z
ORD0000805,INV0000805,cust_0305,3315.64,INR,pay0000000325,paid,2026-01-26T21:19:00Z
ORD0000806,INV0000806,cust_0306,505.26,INR,pay0000000326,paid,2026-01-13T09:44:00Z
ORD0000807,INV0000807,cust_0307,2671.42,INR,pay0000000327,paid,2026-01-16T09:28:00Z
ORD0000808,INV0000808,cust_0308,3783.08,INR,pay0000000328,paid,2026-01-18T14:22:00Z
ORD0000809,INV0000809,cust_0309,9100.01,INR,pay0000000329,paid,2026-01-22T12:36:00Z
ORD0000810,INV0000810,cust_0310,8187.13,INR,pay000000032a,paid,2026-01-10T17:20:00Z
ORD0000811,INV0000811,cust_0311,7728.03,INR,pay000000032b,paid,2026-01-15T08:24:00Z
ORD0000812,INV0000812,cust_0312,1523.84,INR,pay000000032c,paid,2026-01-06T16:26:00Z
ORD0000813,INV0000813,cust_0313,8906.36,INR,pay000000032d,paid,2026-01-03T08:10:00Z
ORD0000814,INV0000814,cust_0314,6852.33,INR,pay000000032e,paid,2026-01-10T14:38:00Z
ORD0000815,INV0000815,cust_0315,4670.09,INR,pay000000032f,paid,2026-01-25T17:47:00Z
ORD0000816,INV0000816,cust_0316,4345.98,INR,pay0000000330,paid,2026-01-06T11:54:00Z
ORD0000817,INV0000817,cust_0317,6946.80,INR,pay0000000331,paid,2026-01-09T08:13:00Z
ORD0000818,INV0000818,cust_0318,9218.74,INR,pay0000000332,paid,2026-01-16T07:01:00Z
ORD0000819,INV0000819,cust_0319,877.95,INR,pay0000000333,paid,2026-01-04T14:39:00Z
ORD0000820,INV0000820,cust_0320,9289.83,INR,pay0000000334,paid,2026-01-13T15:14:00Z
ORD0000821,INV0000821,cust_0321,1330.52,INR,pay0000000335,paid,2026-01-05T22:53:00Z
ORD0000822,INV0000822,cust_0322,9067.22,INR,pay0000000336,paid,2026-01-16T20:55:00Z
ORD0000823,INV0000823,cust_0323,1421.78,INR,pay0000000337,paid,2026-01-23T11:37:00Z
ORD0000824,INV0000824,cust_0324,6672.38,INR,pay0000000338,paid,2026-01-19T19:33:00Z
ORD0000825,INV0000825,cust_0325,3645.32,INR,pay0000000339,paid,2026-01-16T13:51:00Z
ORD0000826,INV0000826,cust_0326,4327.27,INR,pay000000033a,paid,2026-01-09T10:19:00Z
ORD0000827,INV0000827,cust_0327,7956.28,INR,pay000000033b,paid,2026-01-05T17:18:00Z
ORD0000828,INV0000828,cust_0328,9934.56,INR,pay000000033c,paid,2026-01-25T21:19:00Z
ORD0000829,INV0000829,cust_0329,6265.03,INR,pay000000033d,paid,2026-01-08T06:35:00Z
ORD0000830,INV0000830,cust_0330,5882.83,INR,pay000000033e,paid,2026-01-14T18:15:00Z
ORD0000831,INV0000831,cust_0331,2318.07,INR,pay000000033f,paid,2026-01-09T08:27:00Z
ORD0000832,INV0000832,cust_0332,8393.17,INR,pay0000000340,paid,2026-01-20T14:18:00Z
ORD0000833,INV0000833,cust_0333,4334.61,INR,pay0000000341,paid,2026-01-07T08:11:00Z
ORD0000834,INV0000834,cust_0334,4752.60,INR,pay0000000342,paid,2026-01-09T21:12:00Z
ORD0000835,INV0000835,cust_0335,5614.57,INR,pay0000000343,paid,2026-01-01T11:06:00Z
ORD0000836,INV0000836,cust_0336,4602.13,INR,pay0000000344,paid,2026-01-24T06:14:00Z
ORD0000837,INV0000837,cust_0337,4411.56,INR,pay0000000345,paid,2026-01-10T21:23:00Z
ORD0000838,INV0000838,cust_0338,8850.22,INR,pay0000000346,paid,2026-01-25T10:03:00Z
ORD0000839,INV0000839,cust_0339,2020.28,INR,pay0000000347,paid,2026-01-27T14:52:00Z
ORD0000840,INV0000840,cust_0340,8059.59,INR,pay0000000348,paid,2026-01-23T13:24:00Z
ORD0000841,INV0000841,cust_0341,356.38,INR,pay0000000349,paid,2026-01-07T20:47:00Z
ORD0000842,INV0000842,cust_0342,2190.72,INR,pay000000034a,paid,2026-01-16T18:43:00Z
ORD0000843,INV0000843,cust_0343,7641.11,INR,pay000000034b,paid,2026-01-02T22:07:00Z
ORD0000844,INV0000844,cust_0344,2088.76,INR,pay000000034c,paid,2026-01-12T07:55:00Z
ORD0000845,INV0000845,cust_0345,2479.28,INR,pay000000034d,paid,2026-01-21T19:20:00Z
ORD0000846,INV0000846,cust_0346,6135.99,INR,pay000000034e,paid,2026-01-04T18:50:00Z
ORD0000847,INV0000847,cust_0347,6098.03,INR,pay000000034f,paid,2026-01-26T21:44:00Z
ORD0000848,INV0000848,cust_0348,943.26,INR,pay0000000350,paid,2026-01-08T11:31:00Z
ORD0000849,INV0000849,cust_0349,7969.56,INR,pay0000000351,paid,2026-01-21T07:03:00Z
ORD0000850,INV0000850,cust_0350,8304.12,INR,pay0000000352,paid,2026-01-04T10:31:00Z
ORD0000851,INV0000851,cust_0351,8273.67,INR,pay0000000353,paid,2026-01-21T17:51:00Z
ORD0000852,INV0000852,cust_0352,2633.74,INR,pay0000000354,paid,2026-01-02T21:45:00Z
ORD0000853,INV0000853,cust_0353,7313.97,INR,pay0000000355,paid,2026-01-16T12:36:00Z
ORD0000854,INV0000854,cust_0354,7684.79,INR,pay0000000356,paid,2026-01-15T14:55:00Z
ORD0000855,INV0000855,cust_0355,5574.37,INR,pay0000000357,paid,2026-01-05T20:18:00Z
ORD0000856,INV0000856,cust_0356,12.54,INR,pay0000000358,paid,2026-01-25T22:24:00Z
ORD0000857,INV0000857,cust_0357,6503.38,INR,pay0000000359,paid,2026-01-12T13:20:00Z
ORD0000858,INV0000858,cust_0358,5656.36,INR,pay000000035a,paid,2026-01-27T18:12:00Z
ORD0000859,INV0000859,cust_0359,1621.18,INR,pay000000035b,paid,2026-01-20T15:20:00Z
ORD0000860,INV0000860,cust_0360,704.18,INR,pay000000035c,paid,2026-01-02T10:11:00Z
ORD0000861,INV0000861,cust_0361,338.62,INR,pay000000035d,paid,2026-01-19T18:42:00Z
ORD0000862,INV0000862,cust_0362,6194.75,INR,pay000000035e,paid,2026-01-09T07:23:00Z
ORD0000863,INV0000863,cust_0363,142.21,INR,pay000000035f,paid,2026-01-07T21:59:00Z
ORD0000864,INV0000864,cust_0364,641.48,INR,pay0000000360,paid,2026-01-12T19:52:00Z
ORD0000865,INV0000865,cust_0365,2792.27,INR,pay0000000361,paid,2026-01-17T07:46:00Z
ORD0000866,INV0000866,cust_0366,5452.19,INR,pay0000000362,paid,2026-01-04T09:46:00Z
ORD0000867,INV0000867,cust_0367,2030.00,INR,pay0000000363,paid,2026-01-17T13:36:00Z
ORD0000868,INV0000868,cust_0368,5857.53,INR,pay0000000364,paid,2026-01-14T09:49:00Z
ORD0000869,INV0000869,cust_0369,4815.03,INR,pay0000000365,paid,2026-01-23T19:56:00Z
ORD0000870,INV0000870,cust_0370,5771.80,INR,pay0000000366,paid,2026-01-13T22:21:00Z
ORD0000871,INV0000871,cust_0371,6295.57,INR,pay0000000367,paid,2026-01-15T17:57:00Z
ORD0000872,INV0000872,cust_0372,3409.24,INR,pay0000000368,paid,2026-01-12T19:48:00Z
ORD0000873,INV0000873,cust_0373,3396.62,INR,pay0000000369,paid,2026-01-20T13:36:00Z
ORD0000874,INV0000874,cust_0374,5774.67,INR,pay000000036a,paid,2026-01-24T14:23:00Z
ORD0000875,INV0000875,cust_0375,7.05,INR,pay000000036b,paid,2026-01-24T07:18:00Z
ORD0000876,INV0000876,cust_0376,9340.72,INR,pay000000036c,paid,2026-01-10T06:19:00Z
ORD0000877,INV0000877,cust_0377,232.55,INR,pay000000036d,paid,2026-01-25T14:58:00Z
ORD0000878,INV0000878,cust_0378,9714.00,INR,pay000000036e,paid,2026-01-19T10:06:00Z
ORD0000879,INV0000879,cust_0379,1456.31,INR,pay000000036f,paid,2026-01-09T17:56:00Z
ORD0000880,INV0000880,cust_0380,8509.72,INR,pay0000000370,paid,2026-01-10T08:36:00Z
ORD0000881,INV0000881,cust_0381,7704.33,INR,pay0000000371,paid,2026-01-03T16:50:00Z
ORD0000882,INV0000882,cust_0382,9431.95,INR,pay0000000372,paid,2026-01-23T09:38:00Z
ORD0000883,INV0000883,cust_0383,827.89,INR,pay0000000373,paid,2026-01-25T07:58:00Z
ORD0000884,INV0000884,cust_0384,4559.01,INR,pay0000000374,paid,2026-01-14T09:55:00Z
ORD0000885,INV0000885,cust_0385,6651.78,INR,pay0000000375,paid,2026-01-25T18:03:00Z
ORD0000886,INV0000886,cust_0386,1573.46,INR,pay0000000376,paid,2026-01-11T22:44:00Z
ORD0000887,INV0000887,cust_0387,4677.62,INR,pay0000000377,paid,2026-01-25T22:05:00Z
ORD0000888,INV0000888,cust_0388,4139.77,INR,pay0000000378,paid,2026-01-05T10:21:00Z
ORD0000889,INV0000889,cust_0389,522.06,INR,pay0000000379,paid,2026-01-18T18:16:00Z
ORD0000890,INV0000890,cust_0390,8119.14,INR,pay000000037a,paid,2026-01-23T10:48:00Z
ORD0000891,INV0000891,cust_0391,5120.59,INR,pay000000037b,paid,2026-01-13T12:35:00Z
ORD0000892,INV0000892,cust_0392,756.24,INR,pay000000037c,paid,2026-01-09T19:20:00Z
ORD0000893,INV0000893,cust_0393,3835.10,INR,pay000000037d,paid,2026-01-12T12:20:00Z
ORD0000894,INV0000894,cust_0394,8075.69,INR,pay000000037e,paid,2026-01-10T11:22:00Z
ORD0000895,INV0000895,cust_0395,4623.59,INR,pay000000037f,paid,2026-01-02T13:12:00Z
ORD0000896,INV0000896,cust_0396,7643.73,INR,pay0000000380,paid,2026-01-03T09:47:00Z
ORD0000897,INV0000897,cust_0397,9722.46,INR,pay0000000381,paid,2026-01-05T15:00:00Z
ORD0000898,INV0000898,cust_0398,4945.78,INR,pay0000000382,paid,2026-01-01T16:13:00Z
ORD0000899,INV0000899,cust_0399,5734.67,INR,pay0000000383,paid,2026-01-17T14:35:00Z
ORD0000900,INV0000900,cust_0400,1487.13,INR,pay0000000384,paid,2026-01-23T06:24:00Z
ORD0000901,INV0000901,cust_0401,2983.09,INR,pay0000000385,paid,2026-01-07T14:03:00Z
ORD0000902,INV0000902,cust_0402,8939.73,INR,pay0000000386,paid,2026-01-22T17:55:00Z
ORD0000903,INV0000903,cust_0403,9268.14,INR,pay0000000387,paid,2026-01-21T18:14:00Z
ORD0000904,INV0000904,cust_0404,1049.42,INR,pay0000000388,paid,2026-01-11T21:55:00Z
ORD0000905,INV0000905,cust_0405,4807.33,INR,pay0000000389,paid,2026-01-18T06:02:00Z
ORD0000906,INV0000906,cust_0406,5142.31,INR,pay000000038a,paid,2026-01-13T11:01:00Z
ORD0000907,INV0000907,cust_0407,3175.12,INR,pay000000038b,paid,2026-01-08T22:17:00Z
ORD0000908,INV0000908,cust_0408,9341.54,INR,pay000000038c,paid,2026-01-27T06:35:00Z
ORD0000909,INV0000909,cust_0409,9412.56,INR,pay000000038d,paid,2026-01-13T10:05:00Z
ORD0000910,INV0000910,cust_0410,7114.29,INR,pay000000038e,paid,2026-01-20T13:26:00Z
ORD0000911,INV0000911,cust_0411,3280.57,INR,pay000000038f,paid,2026-01-20T16:28:00Z
ORD0000912,INV0000912,cust_0412,1458.08,INR,pay0000000390,paid,2026-01-19T12:55:00Z
ORD0000913,INV0000913,cust_0413,9427.95,INR,pay0000000391,paid,2026-01-17T10:27:00Z
ORD0000914,INV0000914,cust_0414,3334.18,INR,pay0000000392,paid,2026-01-03T09:11:00Z
ORD0000915,INV0000915,cust_0415,8031.16,INR,pay0000000393,paid,2026-01-11T19:26:00Z
ORD0000916,INV0000916,cust_0416,8621.13,INR,pay0000000394,paid,2026-01-21T14:09:00Z
ORD0000917,INV0000917,cust_0417,279.70,INR,pay0000000395,paid,2026-01-25T14:38:00Z
ORD0000918,INV0000918,cust_0418,2439.61,INR,pay0000000396,paid,2026-01-08T06:22:00Z
ORD0000919,INV0000919,cust_0419,8877.40,INR,pay0000000397,paid,2026-01-20T21:45:00Z
ORD0000920,INV0000920,cust_0420,4067.81,INR,pay0000000398,paid,2026-01-16T21:08:00Z
ORD0000921,INV0000921,cust_0421,4289.36,INR,pay0000000399,paid,2026-01-25T06:59:00Z
ORD0000922,INV0000922,cust_0422,7044.50,INR,pay000000039a,paid,2026-01-07T12:04:00Z
ORD0000923,INV0000923,cust_0423,5142.42,INR,pay000000039b,paid,2026-01-23T16:55:00Z
ORD0000924,INV0000924,cust_0424,8144.20,INR,pay000000039c,paid,2026-01-02T18:46:00Z
ORD0000925,INV0000925,cust_0425,7790.33,INR,pay000000039d,paid,2026-01-19T22:41:00Z
ORD0000926,INV0000926,cust_0426,4740.46,INR,pay000000039e,paid,2026-01-15T07:56:00Z
ORD0000927,INV0000927,cust_0427,7713.81,INR,pay000000039f,paid,2026-01-02T18:33:00Z
ORD0000928,INV0000928,cust_0428,4614.05,INR,pay00000003a0,paid,2026-01-13T15:49:00Z
ORD0000929,INV0000929,cust_0429,3092.21,INR,pay00000003a1,paid,2026-01-20T07:44:00Z
ORD0000930,INV0000930,cust_0430,6779.86,INR,pay00000003a2,paid,2026-01-15T08:46:00Z
ORD0000931,INV0000931,cust_0431,6143.86,INR,pay00000003a3,paid,2026-01-23T10:25:00Z
ORD0000932,INV0000932,cust_0432,1880.67,INR,pay00000003a4,paid,2026-01-15T12:56:00Z
ORD0000933,INV0000933,cust_0433,7258.18,INR,pay00000003a5,paid,2026-01-21T11:45:00Z
ORD0000934,INV0000934,cust_0434,3810.73,INR,pay00000003a6,paid,2026-01-03T22:45:00Z
ORD0000935,INV0000935,cust_0435,1681.66,INR,pay00000003a7,paid,2026-01-13T18:02:00Z
ORD0000936,INV0000936,cust_0436,6920.67,INR,pay00000003a8,paid,2026-01-05T11:55:00Z
ORD0000937,INV0000937,cust_0437,543.02,INR,pay00000003a9,paid,2026-01-14T15:19:00Z
ORD0000938,INV0000938,cust_0438,1899.73,INR,pay00000003aa,paid,2026-01-04T10:12:00Z
ORD0000939,INV0000939,cust_0439,133.00,INR,pay00000003ab,paid,2026-01-15T21:54:00Z
ORD0000940,INV0000940,cust_0440,6380.17,INR,pay00000003ac,paid,2026-01-16T13:13:00Z
ORD0000941,INV0000941,cust_0441,4638.39,INR,pay00000003ad,paid,2026-01-03T06:15:00Z
ORD0000942,INV0000942,cust_0442,5851.32,INR,pay00000003ae,paid,2026-01-27T12:03:00Z
ORD0000943,INV0000943,cust_0443,8958.04,INR,pay00000003af,paid,2026-01-02T15:21:00Z
ORD0000944,INV0000944,cust_0444,1696.72,INR,pay00000003b0,paid,2026-01-22T15:39:00Z
ORD0000945,INV0000945,cust_0445,5899.85,INR,pay00000003b1,paid,2026-01-06T20:47:00Z
ORD0000946,INV0000946,cust_0446,981.49,INR,pay00000003b2,paid,2026-01-25T15:20:00Z
ORD0000947,INV0000947,cust_0447,7957.84,INR,pay00000003b3,paid,2026-01-14T08:18:00Z
ORD0000948,INV0000948,cust_0448,9016.54,INR,pay00000003b4,paid,2026-01-09T16:33:00Z
ORD0000949,INV0000949,cust_0449,2197.05,INR,pay00000003b5,paid,2026-01-20T07:06:00Z
ORD0000950,INV0000950,cust_0450,5076.57,INR,pay00000003b6,paid,2026-01-24T15:27:00Z
ORD0000951,INV0000951,cust_0451,6035.80,INR,pay00000003b7,paid,2026-01-20T17:59:00Z
ORD0000952,INV0000952,cust_0452,5454.51,INR,pay00000003b8,paid,2026-01-24T21:31:00Z
ORD0000953,INV0000953,cust_0453,3050.98,INR,pay00000003b9,paid,2026-01-07T06:07:00Z
ORD0000954,INV0000954,cust_0454,1241.54,INR,pay00000003ba,paid,2026-01-24T12:51:00Z
ORD0000955,INV0000955,cust_0455,3505.06,INR,pay00000003bb,paid,2026-01-12T12:00:00Z
ORD0000956,INV0000956,cust_0456,2672.76,INR,pay00000003bc,paid,2026-01-26T08:19:00Z
ORD0000957,INV0000957,cust_0457,8047.91,INR,pay00000003bd,paid,2026-01-01T09:43:00Z
ORD0000958,INV0000958,cust_0458,5970.57,INR,pay00000003be,paid,2026-01-20T06:53:00Z
ORD0000959,INV0000959,cust_0459,3548.52,INR,pay00000003bf,paid,2026-01-22T21:58:00Z
ORD0000960,INV0000960,cust_0460,5053.84,INR,pay00000003c0,paid,2026-01-05T20:57:00Z
ORD0000961,INV0000961,cust_0461,8542.15,INR,pay00000003c1,paid,2026-01-14T07:53:00Z
ORD0000962,INV0000962,cust_0462,7116.41,INR,pay00000003c2,paid,2026-01-11T06:13:00Z
ORD0000963,INV0000963,cust_0463,9316.66,INR,pay00000003c3,paid,2026-01-26T17:04:00Z
ORD0000964,INV0000964,cust_0464,3561.27,INR,pay00000003c4,paid,2026-01-13T11:36:00Z
ORD0000965,INV0000965,cust_0465,1230.20,INR,pay00000003c5,paid,2026-01-26T15:45:00Z
ORD0000966,INV0000966,cust_0466,915.14,INR,pay00000003c6,paid,2026-01-16T13:23:00Z
ORD0000967,INV0000967,cust_0467,3175.03,INR,pay00000003c7,paid,2026-01-06T09:23:00Z
ORD0000968,INV0000968,cust_0468,4658.30,INR,pay00000003c8,paid,2026-01-17T06:51:00Z
ORD0000969,INV0000969,cust_0469,3571.37,INR,pay00000003c9,paid,2026-01-16T22:19:00Z
ORD0000970,INV0000970,cust_0470,1035.24,INR,pay00000003ca,paid,2026-01-27T22:43:00Z
ORD0000971,INV0000971,cust_0471,4821.82,INR,pay00000003cb,paid,2026-01-13T22:07:00Z
ORD0000972,INV0000972,cust_0472,7209.26,INR,pay00000003cc,paid,2026-01-20T08:21:00Z
ORD0000973,INV0000973,cust_0473,3281.59,INR,pay00000003cd,paid,2026-01-01T15:40:00Z
ORD0000974,INV0000974,cust_0474,3009.87,INR,pay00000003ce,paid,2026-01-09T16:49:00Z
ORD0000975,INV0000975,cust_0475,1656.46,INR,pay00000003cf,paid,2026-01-09T09:00:00Z
ORD0000976,INV0000976,cust_0476,2171.12,INR,pay00000003d0,paid,2026-01-18T17:35:00Z
ORD0000977,INV0000977,cust_0477,7390.68,INR,pay00000003d1,paid,2026-01-26T15:36:00Z
ORD0000978,INV0000978,cust_0478,5673.36,INR,pay00000003d2,paid,2026-01-15T07:08:00Z
ORD0000979,INV0000979,cust_0479,534.06,INR,pay00000003d3,paid,2026-01-04T18:03:00Z
ORD0000980,INV0000980,cust_0480,7394.08,INR,pay00000003d4,paid,2026-01-20T20:39:00Z
ORD0000981,INV0000981,cust_0481,2082.72,INR,pay00000003d5,paid,2026-01-23T08:59:00Z
ORD0000982,INV0000982,cust_0482,8528.36,INR,pay00000003d6,paid,2026-01-26T20:06:00Z
ORD0000983,INV0000983,cust_0483,7452.15,INR,pay00000003d7,paid,2026-01-25T20:30:00Z
ORD0000984,INV0000984,cust_0484,9397.10,INR,pay00000003d8,paid,2026-01-20T14:58:00Z
ORD0000985,INV0000985,cust_0485,9623.21,INR,pay00000003d9,paid,2026-01-22T16:50:00Z
ORD0000986,INV0000986,cust_0486,690.40,INR,pay00000003da,paid,2026-01-16T09:22:00Z
ORD0000987,INV0000987,cust_0487,2964.68,INR,pay00000003db,paid,2026-01-25T17:38:00Z
ORD0000988,INV0000988,cust_0488,4258.92,INR,pay00000003dc,paid,2026-01-27T09:20:00Z
ORD0000989,INV0000989,cust_0489,5591.24,INR,pay00000003dd,paid,2026-01-15T18:37:00Z
ORD0000990,INV0000990,cust_0490,5750.66,INR,pay00000003de,paid,2026-01-06T21:24:00Z
ORD0000991,INV0000991,cust_0491,7282.74,INR,pay00000003df,paid,2026-01-19T19:50:00Z
ORD0000992,INV0000992,cust_0492,5714.77,INR,pay00000003e0,paid,2026-01-23T13:11:00Z
ORD0000993,INV0000993,cust_0493,7469.90,INR,pay00000003e1,paid,2026-01-19T21:07:00Z
ORD0000994,INV0000994,cust_0494,5825.51,INR,pay00000003e2,paid,2026-01-04T20:11:00Z
ORD0000995,INV0000995,cust_0495,8541.10,INR,pay00000003e3,paid,2026-01-20T18:20:00Z
ORD0000996,INV0000996,cust_0496,9476.32,INR,pay00000003e4,paid,2026-01-25T06:48:00Z
ORD0000997,INV0000997,cust_0497,3061.63,INR,pay00000003e5,paid,2026-01-13T20:12:00Z
ORD0000998,INV0000998,cust_0498,8334.32,INR,pay00000003e6,paid,2026-01-22T15:58:00Z
ORD0000999,INV0000999,cust_0499,6115.33,INR,pay00000003e7,paid,2026-01-01T22:25:00Z
ORD0001000,INV0001000,cust_0000,13.84,INR,pay00000003e8,paid,2026-01-23T17:07:00Z
ORD0001001,INV0001001,cust_0001,7368.33,INR,pay00000003e9,paid,2026-01-19T18:40:00Z
ORD0001002,INV0001002,cust_0002,4568.29,INR,pay00000003ea,paid,2026-01-18T12:42:00Z
ORD0001003,INV0001003,cust_0003,5829.01,INR,pay00000003eb,paid,2026-01-13T17:53:00Z
ORD0001004,INV0001004,cust_0004,9156.29,INR,pay00000003ec,paid,2026-01-22T10:08:00Z
ORD0001005,INV0001005,cust_0005,1514.90,INR,pay00000003ed,paid,2026-01-24T21:42:00Z
ORD0001006,INV0001006,cust_0006,9024.35,INR,pay00000003ee,paid,2026-01-15T19:39:00Z
ORD0001007,INV0001007,cust_0007,5793.66,INR,pay00000003ef,paid,2026-01-27T20:24:00Z
ORD0001008,INV0001008,cust_0008,6344.41,INR,pay00000003f0,paid,2026-01-01T21:54:00Z
ORD0001009,INV0001009,cust_0009,2828.29,INR,pay00000003f1,paid,2026-01-14T17:02:00Z
ORD0001010,INV0001010,cust_0010,3869.82,INR,pay00000003f2,paid,2026-01-04T21:44:00Z
ORD0001011,INV0001011,cust_0011,5524.78,INR,pay00000003f3,paid,2026-01-25T14:29:00Z
ORD0001012,INV0001012,cust_0012,6402.05,INR,pay00000003f4,paid,2026-01-03T13:30:00Z
ORD0001013,INV0001013,cust_0013,5658.89,INR,pay00000003f5,paid,2026-01-26T15:39:00Z
ORD0001014,INV0001014,cust_0014,118.07,INR,pay00000003f6,paid,2026-01-16T20:32:00Z
ORD0001015,INV0001015,cust_0015,4419.67,INR,pay00000003f7,paid,2026-01-12T15:18:00Z
ORD0001016,INV0001016,cust_0016,6271.67,INR,pay00000003f8,paid,2026-01-24T15:46:00Z
ORD0001017,INV0001017,cust_0017,1777.92,INR,pay00000003f9,paid,2026-01-19T07:42:00Z
ORD0001018,INV0001018,cust_0018,1334.81,INR,pay00000003fa,paid,2026-01-17T08:54:00Z
ORD0001019,INV0001019,cust_0019,2951.20,INR,pay00000003fb,paid,2026-01-09T14:00:00Z
ORD0001020,INV0001020,cust_0020,9548.42,INR,pay00000003fc,paid,2026-01-19T10:42:00Z
ORD0001021,INV0001021,cust_0021,2744.43,INR,pay00000003fd,paid,2026-01-26T13:31:00Z
ORD0001022,INV0001022,cust_0022,3600.02,INR,pay00000003fe,paid,2026-01-03T10:38:00Z
ORD0001023,INV0001023,cust_0023,4335.07,INR,pay00000003ff,paid,2026-01-25T18:15:00Z
ORD0001024,INV0001024,cust_0024,1759.09,INR,pay0000000400,paid,2026-01-07T17:03:00Z
ORD0001025,INV0001025,cust_0025,1221.28,INR,pay0000000401,paid,2026-01-02T11:29:00Z
ORD0001026,INV0001026,cust_0026,7828.95,INR,pay0000000402,paid,2026-01-25T13:24:00Z
ORD0001027,INV0001027,cust_0027,1527.00,INR,pay0000000403,paid,2026-01-17T19:00:00Z
ORD0001028,INV0001028,cust_0028,3315.23,INR,pay0000000404,paid,2026-01-17T07:06:00Z
ORD0001029,INV0001029,cust_0029,4532.60,INR,pay0000000405,paid,2026-01-20T14:21:00Z
ORD0001030,INV0001030,cust_0030,2682.47,INR,pay0000000406,paid,2026-01-21T18:29:00Z
ORD0001031,INV0001031,cust_0031,6178.22,INR,pay0000000407,paid,2026-01-25T12:33:00Z
ORD0001032,INV0001032,cust_0032,115.91,INR,pay0000000408,paid,2026-01-22T06:53:00Z
ORD0001033,INV0001033,cust_0033,5512.79,INR,pay0000000409,paid,2026-01-04T20:22:00Z
ORD0001034,INV0001034,cust_0034,361.95,INR,pay000000040a,paid,2026-01-01T08:03:00Z
ORD0001035,INV0001035,cust_0035,6695.78,INR,pay000000040b,paid,2026-01-04T09:05:00Z
ORD0001036,INV0001036,cust_0036,8014.62,INR,pay000000040c,paid,2026-01-21T11:57:00Z
ORD0001037,INV0001037,cust_0037,4901.38,INR,pay000000040d,paid,2026-01-22T08:40:00Z
ORD0001038,INV0001038,cust_0038,7263.46,INR,pay000000040e,paid,2026-01-22T16:16:00Z
ORD0001039,INV0001039,cust_0039,659.17,INR,pay000000040f,paid,2026-01-13T18:21:00Z
ORD0001040,INV0001040,cust_0040,2780.21,INR,pay0000000410,paid,2026-01-06T20:04:00Z
ORD0001041,INV0001041,cust_0041,1876.10,INR,pay0000000411,paid,2026-01-21T21:06:00Z
ORD0001042,INV0001042,cust_0042,2294.94,INR,pay0000000412,paid,2026-01-20T09:58:00Z
ORD0001043,INV0001043,cust_0043,5995.98,INR,pay0000000413,paid,2026-01-24T14:49:00Z
ORD0001044,INV0001044,cust_0044,1565.85,INR,pay0000000414,paid,2026-01-21T06:59:00Z
ORD0001045,INV0001045,cust_0045,7345.61,INR,pay0000000415,paid,2026-01-11T18:36:00Z
ORD0001046,INV0001046,cust_0046,8089.42,INR,pay0000000416,paid,2026-01-16T21:27:00Z
ORD0001047,INV0001047,cust_0047,39.68,INR,pay0000000417,paid,2026-01-13T21:07:00Z
ORD0001048,INV0001048,cust_0048,3768.53,INR,pay0000000418,paid,2026-01-11T15:25:00Z
ORD0001049,INV0001049,cust_0049,8952.94,INR,pay0000000419,paid,2026-01-11T08:53:00Z
ORD0001050,INV0001050,cust_0050,1856.97,INR,pay000000041a,paid,2026-01-18T07:24:00Z
ORD0001051,INV0001051,cust_0051,4095.54,INR,pay000000041b,paid,2026-01-04T17:31:00Z
ORD0001052,INV0001052,cust_0052,1472.40,INR,pay000000041c,paid,2026-01-02T12:01:00Z
ORD0001053,INV0001053,cust_0053,4081.52,INR,pay000000041d,paid,2026-01-03T15:31:00Z
ORD0001054,INV0001054,cust_0054,177.15,INR,pay000000041e,paid,2026-01-02T16:03:00Z
ORD0001055,INV0001055,cust_0055,2224.60,INR,pay000000041f,paid,2026-01-26T22:29:00Z
ORD0001056,INV0001056,cust_0056,6079.88,INR,pay0000000420,paid,2026-01-08T08:02:00Z
ORD0001057,INV0001057,cust_0057,204.89,INR,pay0000000421,paid,2026-01-16T07:15:00Z
ORD0001058,INV0001058,cust_0058,8611.07,INR,pay0000000422,paid,2026-01-26T09:29:00Z
ORD0001059,INV0001059,cust_0059,675.64,INR,pay0000000423,paid,2026-01-27T09:07:00Z
ORD0001060,INV0001060,cust_0060,2317.87,INR,pay0000000424,paid,2026-01-03T12:27:00Z
ORD0001061,INV0001061,cust_0061,7178.18,INR,pay0000000425,paid,2026-01-19T10:20:00Z
ORD0001062,INV0001062,cust_0062,3523.01,INR,pay0000000426,paid,2026-01-03T09:17:00Z
ORD0001063,INV0001063,cust_0063,3883.96,INR,pay0000000427,paid,2026-01-18T11:28:00Z
ORD0001064,INV0001064,cust_0064,8890.28,INR,pay0000000428,paid,2026-01-21T18:49:00Z
ORD0001065,INV0001065,cust_0065,851.43,INR,pay0000000429,paid,2026-01-01T06:11:00Z
ORD0001066,INV0001066,cust_0066,4369.40,INR,pay000000042a,paid,2026-01-23T21:44:00Z
ORD0001067,INV0001067,cust_0067,2846.11,INR,pay000000042b,paid,2026-01-17T20:26:00Z
ORD0001068,INV0001068,cust_0068,399.48,INR,pay000000042c,paid,2026-01-20T11:45:00Z
ORD0001069,INV0001069,cust_0069,6581.58,INR,pay000000042d,paid,2026-01-27T15:22:00Z
ORD0001070,INV0001070,cust_0070,2017.24,INR,pay000000042e,paid,2026-01-04T22:06:00Z
ORD0001071,INV0001071,cust_0071,5664.40,INR,pay000000042f,paid,2026-01-17T13:29:00Z
ORD0001072,INV0001072,cust_0072,2036.29,INR,pay0000000430,paid,2026-01-04T10:43:00Z
ORD0001073,INV0001073,cust_0073,7031.95,INR,pay0000000431,paid,2026-01-02T07:41:00Z
ORD0001074,INV0001074,cust_0074,2640.92,INR,pay0000000432,paid,2026-01-11T20:02:00Z
ORD0001075,INV0001075,cust_0075,1849.31,INR,pay0000000433,paid,2026-01-06T06:31:00Z
ORD0001076,INV0001076,cust_0076,4669.28,INR,pay0000000434,paid,2026-01-19T16:26:00Z
ORD0001077,INV0001077,cust_0077,1159.82,INR,pay0000000435,paid,2026-01-11T13:06:00Z
ORD0001078,INV0001078,cust_0078,3942.74,INR,pay0000000436,paid,2026-01-08T08:30:00Z
ORD0001079,INV0001079,cust_0079,2271.65,INR,pay0000000437,paid,2026-01-20T20:11:00Z
ORD0001080,INV0001080,cust_0080,7552.87,INR,pay0000000438,paid,2026-01-07T17:17:00Z
ORD0001081,INV0001081,cust_0081,7263.35,INR,pay0000000439,paid,2026-01-19T07:17:00Z
ORD0001082,INV0001082,cust_0082,4813.54,INR,pay000000043a,paid,2026-01-14T11:48:00Z
ORD0001083,INV0001083,cust_0083,6334.58,INR,pay000000043b,paid,2026-01-06T11:36:00Z
ORD0001084,INV0001084,cust_0084,9045.81,INR,pay000000043c,paid,2026-01-07T21:53:00Z
ORD0001085,INV0001085,cust_0085,9154.85,INR,pay000000043d,paid,2026-01-08T13:20:00Z
ORD0001086,INV0001086,cust_0086,9730.32,INR,pay000000043e,paid,2026-01-19T10:58:00Z
ORD0001087,INV0001087,cust_0087,468.72,INR,pay000000043f,paid,2026-01-02T21:46:00Z
ORD0001088,INV0001088,cust_0088,4139.74,INR,pay0000000440,paid,2026-01-16T09:28:00Z
ORD0001089,INV0001089,cust_0089,7678.33,INR,pay0000000441,paid,2026-01-14T12:08:00Z
ORD0001090,INV0001090,cust_0090,956.36,INR,pay0000000442,paid,2026-01-01T21:42:00Z
ORD0001091,INV0001091,cust_0091,9000.96,INR,pay0000000443,paid,2026-01-19T06:29:00Z
ORD0001092,INV0001092,cust_0092,4255.51,INR,pay0000000444,paid,2026-01-06T17:40:00Z
ORD0001093,INV0001093,cust_0093,746.32,INR,pay0000000445,paid,2026-01-13T16:33:00Z
ORD0001094,INV0001094,cust_0094,2833.94,INR,pay0000000446,paid,2026-01-23T12:50:00Z
ORD0001095,INV0001095,cust_0095,3525.01,INR,pay0000000447,paid,2026-01-24T07:32:00Z
ORD0001096,INV0001096,cust_0096,1168.56,INR,pay0000000448,paid,2026-01-13T17:29:00Z
ORD0001097,INV0001097,cust_0097,1842.81,INR,pay0000000449,paid,2026-01-21T08:35:00Z
ORD0001098,INV0001098,cust_0098,3516.99,INR,pay000000044a,paid,2026-01-08T09:41:00Z
ORD0001099,INV0001099,cust_0099,7374.84,INR,pay000000044b,paid,2026-01-07T13:20:00Z
ORD0001100,INV0001100,cust_0100,4439.73,INR,pay000000044c,paid,2026-01-09T07:04:00Z
ORD0001101,INV0001101,cust_0101,5263.08,INR,pay000000044d,paid,2026-01-17T09:30:00Z
ORD0001102,INV0001102,cust_0102,5592.39,INR,pay000000044e,paid,2026-01-10T20:39:00Z
ORD0001103,INV0001103,cust_0103,9274.19,INR,pay000000044f,paid,2026-01-15T08:05:00Z
ORD0001104,INV0001104,cust_0104,811.85,INR,pay0000000450,paid,2026-01-04T11:17:00Z
ORD0001105,INV0001105,cust_0105,9179.96,INR,pay0000000451,paid,2026-01-07T22:40:00Z
ORD0001106,INV0001106,cust_0106,7160.51,INR,pay0000000452,paid,2026-01-18T10:30:00Z
ORD0001107,INV0001107,cust_0107,6765.00,INR,pay0000000453,paid,2026-01-01T15:12:00Z
ORD0001108,INV0001108,cust_0108,2441.13,INR,pay0000000454,paid,2026-01-27T22:41:00Z
ORD0001109,INV0001109,cust_0109,6881.14,INR,pay0000000455,paid,2026-01-21T16:31:00Z
ORD0001110,INV0001110,cust_0110,4673.85,INR,pay0000000456,paid,2026-01-15T15:36:00Z
ORD0001111,INV0001111,cust_0111,2731.37,INR,pay0000000457,paid,2026-01-08T21:23:00Z
ORD0001112,INV0001112,cust_0112,2986.96,INR,pay0000000458,paid,2026-01-15T11:39:00Z
ORD0001113,INV0001113,cust_0113,1843.77,INR,pay0000000459,paid,2026-01-27T10:10:00Z
ORD0001114,INV0001114,cust_0114,2735.56,INR,pay000000045a,paid,2026-01-12T11:13:00Z
ORD0001115,INV0001115,cust_0115,3610.49,INR,pay000000045b,paid,2026-01-05T17:28:00Z
ORD0001116,INV0001116,cust_0116,1278.91,INR,pay000000045c,paid,2026-01-01T18:59:00Z
ORD0001117,INV0001117,cust_0117,9733.80,INR,pay000000045d,paid,2026-01-11T10:00:00Z
ORD0001118,INV0001118,cust_0118,3478.72,INR,pay000000045e,paid,2026-01-21T15:30:00Z
ORD0001119,INV0001119,cust_0119,8389.16,INR,pay000000045f,paid,2026-01-19T20:21:00Z
ORD0001120,INV0001120,cust_0120,9444.01,INR,pay0000000460,paid,2026-01-02T10:43:00Z
ORD0001121,INV0001121,cust_0121,4216.39,INR,pay0000000461,paid,2026-01-20T13:28:00Z
ORD0001122,INV0001122,cust_0122,6381.92,INR,pay0000000462,paid,2026-01-21T12:37:00Z
ORD0001123,INV0001123,cust_0123,8048.57,INR,pay0000000463,paid,2026-01-09T12:01:00Z
ORD0001124,INV0001124,cust_0124,7104.52,INR,pay0000000464,paid,2026-01-22T08:32:00Z
ORD0001125,INV0001125,cust_0125,6329.71,INR,pay0000000465,paid,2026-01-20T22:03:00Z
ORD0001126,INV0001126,cust_0126,7512.42,INR,pay0000000466,paid,2026-01-14T17:24:00Z
ORD0001127,INV0001127,cust_0127,3689.22,INR,pay0000000467,paid,2026-01-10T20:55:00Z
ORD0001128,INV0001128,cust_0128,9314.30,INR,pay0000000468,paid,2026-01-15T19:51:00Z
ORD0001129,INV0001129,cust_0129,7638.64,INR,pay0000000469,paid,2026-01-14T19:08:00Z
ORD0001130,INV0001130,cust_0130,4981.67,INR,pay000000046a,paid,2026-01-17T16:04:00Z
ORD0001131,INV0001131,cust_0131,4351.49,INR,pay000000046b,paid,2026-01-06T20:45:00Z
ORD0001132,INV0001132,cust_0132,8732.12,INR,pay000000046c,paid,2026-01-13T15:35:00Z
ORD0001133,INV0001133,cust_0133,3171.62,INR,pay000000046d,paid,2026-01-27T15:31:00Z
ORD0001134,INV0001134,cust_0134,8301.53,INR,pay000000046e,paid,2026-01-01T10:16:00Z
ORD0001135,INV0001135,cust_0135,6987.60,INR,pay000000046f,paid,2026-01-10T19:11:00Z
ORD0001136,INV0001136,cust_0136,704.66,INR,pay0000000470,paid,2026-01-20T17:37:00Z
ORD0001137,INV0001137,cust_0137,2709.39,INR,pay0000000471,paid,2026-01-21T21:44:00Z
ORD0001138,INV0001138,cust_0138,6037.07,INR,pay0000000472,paid,2026-01-01T14:10:00Z
ORD0001139,INV0001139,cust_0139,4839.39,INR,pay0000000473,paid,2026-01-23T10:22:00Z
ORD0001140,INV0001140,cust_0140,4403.92,INR,pay0000000474,paid,2026-01-21T17:03:00Z
ORD0001141,INV0001141,cust_0141,9822.99,INR,pay0000000475,paid,2026-01-03T22:12:00Z
ORD0001142,INV0001142,cust_0142,6283.47,INR,pay0000000476,paid,2026-01-25T11:34:00Z
ORD0001143,INV0001143,cust_0143,7187.40,INR,pay0000000477,paid,2026-01-26T15:17:00Z
ORD0001144,INV0001144,cust_0144,8638.08,INR,pay0000000478,paid,2026-01-05T06:08:00Z
ORD0001145,INV0001145,cust_0145,5089.53,INR,pay0000000479,paid,2026-01-14T16:58:00Z
ORD0001146,INV0001146,cust_0146,5283.35,INR,pay000000047a,paid,2026-01-08T12:50:00Z
ORD0001147,INV0001147,cust_0147,9992.63,INR,pay000000047b,paid,2026-01-17T09:26:00Z
ORD0001148,INV0001148,cust_0148,187.23,INR,pay000000047c,paid,2026-01-16T17:19:00Z
ORD0001149,INV0001149,cust_0149,4639.05,INR,pay000000047d,paid,2026-01-20T22:48:00Z
ORD0001150,INV0001150,cust_0150,306.56,INR,pay000000047e,paid,2026-01-24T09:14:00Z
ORD0001151,INV0001151,cust_0151,3228.61,INR,pay000000047f,paid,2026-01-05T12:08:00Z
ORD0001152,INV0001152,cust_0152,8226.14,INR,pay0000000480,paid,2026-01-04T08:01:00Z
ORD0001153,INV0001153,cust_0153,8320.78,INR,pay0000000481,paid,2026-01-22T22:37:00Z
ORD0001154,INV0001154,cust_0154,7005.15,INR,pay0000000482,paid,2026-01-01T09:50:00Z
ORD0001155,INV0001155,cust_0155,9454.50,INR,pay0000000483,paid,2026-01-07T11:42:00Z
ORD0001156,INV0001156,cust_0156,9953.80,INR,pay0000000484,paid,2026-01-19T17:22:00Z
ORD0001157,INV0001157,cust_0157,6432.31,INR,pay0000000485,paid,2026-01-08T22:36:00Z
ORD0001158,INV0001158,cust_0158,8008.19,INR,pay0000000486,paid,2026-01-01T22:13:00Z
ORD0001159,INV0001159,cust_0159,1806.17,INR,pay0000000487,paid,2026-01-25T06:46:00Z
ORD0001160,INV0001160,cust_0160,8931.49,INR,pay0000000488,paid,2026-01-23T21:23:00Z
ORD0001161,INV0001161,cust_0161,7067.42,INR,pay0000000489,paid,2026-01-04T11:53:00Z
ORD0001162,INV0001162,cust_0162,5397.31,INR,pay000000048a,paid,2026-01-08T19:07:00Z
ORD0001163,INV0001163,cust_0163,5454.73,INR,pay000000048b,paid,2026-01-05T21:48:00Z
ORD0001164,INV0001164,cust_0164,430.81,INR,pay000000048c,paid,2026-01-03T16:31:00Z
ORD0001165,INV0001165,cust_0165,6300.54,INR,pay000000048d,paid,2026-01-24T15:43:00Z
ORD0001166,INV0001166,cust_0166,3052.04,INR,pay000000048e,paid,2026-01-14T12:54:00Z
ORD0001167,INV0001167,cust_0167,3857.90,INR,pay000000048f,paid,2026-01-06T06:43:00Z
ORD0001168,INV0001168,cust_0168,5485.51,INR,pay0000000490,paid,2026-01-22T08:07:00Z
ORD0001169,INV0001169,cust_0169,6197.44,INR,pay0000000491,paid,2026-01-04T11:04:00Z
ORD0001170,INV0001170,cust_0170,6243.61,INR,pay0000000492,paid,2026-01-13T09:14:00Z
ORD0001171,INV0001171,cust_0171,7486.52,INR,pay0000000493,paid,2026-01-25T14:48:00Z
ORD0001172,INV0001172,cust_0172,6995.61,INR,pay0000000494,paid,2026-01-20T18:31:00Z
ORD0001173,INV0001173,cust_0173,4772.19,INR,pay0000000495,paid,2026-01-04T09:16:00Z
ORD0001174,INV0001174,cust_0174,9886.81,INR,pay0000000496,paid,2026-01-05T06:06:00Z
ORD0001175,INV0001175,cust_0175,5228.32,INR,pay0000000497,paid,2026-01-22T06:11:00Z
ORD0001176,INV0001176,cust_0176,1606.55,INR,pay0000000498,paid,2026-01-10T09:48:00Z
ORD0001177,INV0001177,cust_0177,8317.39,INR,pay0000000499,paid,2026-01-15T12:18:00Z
ORD0001178,INV0001178,cust_0178,2748.75,INR,pay000000049a,paid,2026-01-18T16:51:00Z
ORD0001179,INV0001179,cust_0179,9233.78,INR,pay000000049b,paid,2026-01-04T18:28:00Z
ORD0001180,INV0001180,cust_0180,382.28,INR,pay000000049c,paid,2026-01-02T11:35:00Z
ORD0001181,INV0001181,cust_0181,1726.17,INR,pay000000049d,paid,2026-01-16T19:08:00Z
ORD0001182,INV0001182,cust_0182,1151.95,INR,pay000000049e,paid,2026-01-19T21:42:00Z
ORD0001183,INV0001183,cust_0183,4995.28,INR,pay000000049f,paid,2026-01-18T11:32:00Z
ORD0001184,INV0001184,cust_0184,6202.55,INR,pay00000004a0,paid,2026-01-13T17:49:00Z
ORD0001185,INV0001185,cust_0185,8780.89,INR,pay00000004a1,paid,2026-01-12T17:51:00Z
ORD0001186,INV0001186,cust_0186,3995.60,INR,pay00000004a2,paid,2026-01-04T19:22:00Z
ORD0001187,INV0001187,cust_0187,6938.60,INR,pay00000004a3,paid,2026-01-08T13:15:00Z
ORD0001188,INV0001188,cust_0188,9551.12,INR,pay00000004a4,paid,2026-01-23T08:55:00Z
ORD0001189,INV0001189,cust_0189,211.69,INR,pay00000004a5,paid,2026-01-18T16:02:00Z
ORD0001190,INV0001190,cust_0190,9456.96,INR,pay00000004a6,paid,2026-01-14T14:01:00Z
ORD0001191,INV0001191,cust_0191,3323.89,INR,pay00000004a7,paid,2026-01-13T18:20:00Z
ORD0001192,INV0001192,cust_0192,1054.17,INR,pay00000004a8,paid,2026-01-23T12:21:00Z
ORD0001193,INV0001193,cust_0193,7003.06,INR,pay00000004a9,paid,2026-01-11T11:39:00Z
ORD0001194,INV0001194,cust_0194,2120.59,INR,pay00000004aa,paid,2026-01-16T08:53:00Z
ORD0001195,INV0001195,cust_0195,503.40,INR,pay00000004ab,paid,2026-01-10T18:51:00Z
ORD0001196,INV0001196,cust_0196,969.24,INR,pay00000004ac,paid,2026-01-23T09:37:00Z
ORD0001197,INV0001197,cust_0197,4483.52,INR,pay00000004ad,paid,2026-01-07T17:50:00Z
ORD0001198,INV0001198,cust_0198,3149.77,INR,pay00000004ae,paid,2026-01-14T16:12:00Z
ORD0001199,INV0001199,cust_0199,5409.03,INR,pay00000004af,paid,2026-01-15T11:56:00Z
ORD0001200,INV0001200,cust_0200,6053.64,INR,pay00000004b0,paid,2026-01-16T12:42:00Z
ORD0001201,INV0001201,cust_0201,6694.14,INR,pay00000004b1,paid,2026-01-18T19:59:00Z
ORD0001202,INV0001202,cust_0202,3824.69,INR,pay00000004b2,paid,2026-01-15T10:15:00Z
ORD0001203,INV0001203,cust_0203,4306.89,INR,pay00000004b3,paid,2026-01-11T08:40:00Z
ORD0001204,INV0001204,cust_0204,3014.88,INR,pay00000004b4,paid,2026-01-21T11:16:00Z
ORD0001205,INV0001205,cust_0205,2505.67,INR,pay00000004b5,paid,2026-01-04T10:12:00Z
ORD0001206,INV0001206,cust_0206,3261.25,INR,pay00000004b6,paid,2026-01-15T21:35:00Z
ORD0001207,INV0001207,cust_0207,393.01,INR,pay00000004b7,paid,2026-01-07T11:17:00Z
ORD0001208,INV0001208,cust_0208,8430.70,INR,pay00000004b8,paid,2026-01-09T11:41:00Z
ORD0001209,INV0001209,cust_0209,585.14,INR,pay00000004b9,paid,2026-01-03T16:38:00Z
ORD0001210,INV0001210,cust_0210,4272.77,INR,pay00000004ba,paid,2026-01-12T08:25:00Z
ORD0001211,INV0001211,cust_0211,5992.08,INR,pay00000004bb,paid,2026-01-24T22:59:00Z
ORD0001212,INV0001212,cust_0212,6091.14,INR,pay00000004bc,paid,2026-01-25T22:16:00Z
ORD0001213,INV0001213,cust_0213,1287.16,INR,pay00000004bd,paid,2026-01-25T16:21:00Z
ORD0001214,INV0001214,cust_0214,7805.97,INR,pay00000004be,paid,2026-01-08T19:13:00Z
ORD0001215,INV0001215,cust_0215,2883.83,INR,pay00000004bf,paid,2026-01-15T19:16:00Z
ORD0001216,INV0001216,cust_0216,3934.06,INR,pay00000004c0,paid,2026-01-23T09:20:00Z
ORD0001217,INV0001217,cust_0217,2588.13,INR,pay00000004c1,paid,2026-01-09T10:23:00Z
ORD0001218,INV0001218,cust_0218,225.97,INR,pay00000004c2,paid,2026-01-21T07:53:00Z
ORD0001219,INV0001219,cust_0219,8276.19,INR,pay00000004c3,paid,2026-01-22T13:16:00Z
ORD0001220,INV0001220,cust_0220,7351.49,INR,pay00000004c4,paid,2026-01-12T09:34:00Z
ORD0001221,INV0001221,cust_0221,9544.83,INR,pay00000004c5,paid,2026-01-13T14:19:00Z
ORD0001222,INV0001222,cust_0222,9016.63,INR,pay00000004c6,paid,2026-01-06T20:40:00Z
ORD0001223,INV0001223,cust_0223,2878.48,INR,pay00000004c7,paid,2026-01-03T21:30:00Z
ORD0001224,INV0001224,cust_0224,3493.84,INR,pay00000004c8,paid,2026-01-23T19:56:00Z
ORD0001225,INV0001225,cust_0225,5314.30,INR,pay00000004c9,paid,2026-01-03T17:26:00Z
ORD0001226,INV0001226,cust_0226,4757.79,INR,pay00000004ca,paid,2026-01-23T06:48:00Z
ORD0001227,INV0001227,cust_0227,8299.43,INR,pay00000004cb,paid,2026-01-21T10:00:00Z
ORD0001228,INV0001228,cust_0228,3294.61,INR,pay00000004cc,paid,2026-01-19T08:07:00Z
ORD0001229,INV0001229,cust_0229,8053.94,INR,pay00000004cd,paid,2026-01-27T10:54:00Z
ORD0001230,INV0001230,cust_0230,3354.14,INR,pay00000004ce,paid,2026-01-15T21:55:00Z
ORD0001231,INV0001231,cust_0231,7213.61,INR,pay00000004cf,paid,2026-01-19T16:51:00Z
ORD0001232,INV0001232,cust_0232,9194.61,INR,pay00000004d0,paid,2026-01-13T13:01:00Z
ORD0001233,INV0001233,cust_0233,6575.66,INR,pay00000004d1,paid,2026-01-08T08:29:00Z
ORD0001234,INV0001234,cust_0234,1774.53,INR,pay00000004d2,paid,2026-01-02T18:39:00Z
ORD0001235,INV0001235,cust_0235,938.87,INR,pay00000004d3,paid,2026-01-12T11:36:00Z
ORD0001236,INV0001236,cust_0236,4567.97,INR,pay00000004d4,paid,2026-01-25T20:52:00Z
ORD0001237,INV0001237,cust_0237,9925.07,INR,pay00000004d5,paid,2026-01-27T14:18:00Z
ORD0001238,INV0001238,cust_0238,4527.59,INR,pay00000004d6,paid,2026-01-07T12:52:00Z
ORD0001239,INV0001239,cust_0239,4288.68,INR,pay00000004d7,paid,2026-01-26T10:01:00Z
ORD0001240,INV0001240,cust_0240,4733.83,INR,pay00000004d8,paid,2026-01-08T17:37:00Z
ORD0001241,INV0001241,cust_0241,9142.74,INR,pay00000004d9,paid,2026-01-11T18:43:00Z
ORD0001242,INV0001242,cust_0242,7723.61,INR,pay00000004da,paid,2026-01-20T14:04:00Z
ORD0001243,INV0001243,cust_0243,9528.44,INR,pay00000004db,paid,2026-01-12T07:00:00Z
ORD0001244,INV0001244,cust_0244,3177.01,INR,pay00000004dc,paid,2026-01-13T17:08:00Z
ORD0001245,INV0001245,cust_0245,2734.35,INR,pay00000004dd,paid,2026-01-06T22:31:00Z
ORD0001246,INV0001246,cust_0246,3332.31,INR,pay00000004de,paid,2026-01-23T22:27:00Z
ORD0001247,INV0001247,cust_0247,1345.82,INR,pay00000004df,paid,2026-01-16T14:47:00Z
ORD0001248,INV0001248,cust_0248,9200.34,INR,pay00000004e0,paid,2026-01-09T14:33:00Z
ORD0001249,INV0001249,cust_0249,3313.70,INR,pay00000004e1,paid,2026-01-24T21:48:00Z
ORD0001250,INV0001250,cust_0250,6898.54,INR,pay00000004e2,paid,2026-01-21T20:03:00Z
ORD0001251,INV0001251,cust_0251,4935.90,INR,pay00000004e3,paid,2026-01-09T11:45:00Z
ORD0001252,INV0001252,cust_0252,432.73,INR,pay00000004e4,paid,2026-01-15T17:45:00Z
ORD0001253,INV0001253,cust_0253,1184.55,INR,pay00000004e5,paid,2026-01-24T10:07:00Z
ORD0001254,INV0001254,cust_0254,2984.17,INR,pay00000004e6,paid,2026-01-06T11:47:00Z
ORD0001255,INV0001255,cust_0255,6958.50,INR,pay00000004e7,paid,2026-01-19T12:37:00Z
ORD0001256,INV0001256,cust_0256,1898.40,INR,pay00000004e8,paid,2026-01-14T08:15:00Z
ORD0001257,INV0001257,cust_0257,277.23,INR,pay00000004e9,paid,2026-01-10T09:25:00Z
ORD0001258,INV0001258,cust_0258,1117.22,INR,pay00000004ea,paid,2026-01-27T16:09:00Z
ORD0001259,INV0001259,cust_0259,7425.84,INR,pay00000004eb,paid,2026-01-22T21:29:00Z
ORD0001260,INV0001260,cust_0260,65.87,INR,pay00000004ec,paid,2026-01-11T07:41:00Z
ORD0001261,INV0001261,cust_0261,7675.80,INR,pay00000004ed,paid,2026-01-24T10:13:00Z
ORD0001262,INV0001262,cust_0262,587.32,INR,pay00000004ee,paid,2026-01-24T08:35:00Z
ORD0001263,INV0001263,cust_0263,940.20,INR,pay00000004ef,paid,2026-01-01T12:10:00Z
ORD0001264,INV0001264,cust_0264,7896.14,INR,pay00000004f0,paid,2026-01-21T10:07:00Z
ORD0001265,INV0001265,cust_0265,7721.35,INR,pay00000004f1,paid,2026-01-26T15:57:00Z
ORD0001266,INV0001266,cust_0266,6983.48,INR,pay00000004f2,paid,2026-01-04T17:32:00Z
ORD0001267,INV0001267,cust_0267,4074.41,INR,pay00000004f3,paid,2026-01-16T14:36:00Z
ORD0001268,INV0001268,cust_0268,3866.23,INR,pay00000004f4,paid,2026-01-20T11:27:00Z
ORD0001269,INV0001269,cust_0269,4865.41,INR,pay00000004f5,paid,2026-01-22T13:41:00Z
ORD0001270,INV0001270,cust_0270,5533.91,INR,pay00000004f6,paid,2026-01-21T22:05:00Z
ORD0001271,INV0001271,cust_0271,9517.76,INR,pay00000004f7,paid,2026-01-26T21:19:00Z
ORD0001272,INV0001272,cust_0272,3155.01,INR,pay00000004f8,paid,2026-01-27T13:33:00Z
ORD0001273,INV0001273,cust_0273,5782.59,INR,pay00000004f9,paid,2026-01-03T07:32:00Z
ORD0001274,INV0001274,cust_0274,995.74,INR,pay00000004fa,paid,2026-01-15T14:22:00Z
ORD0001275,INV0001275,cust_0275,1199.70,INR,pay00000004fb,paid,2026-01-24T20:11:00Z
ORD0001276,INV0001276,cust_0276,3296.96,INR,pay00000004fc,paid,2026-01-19T20:48:00Z
ORD0001277,INV0001277,cust_0277,2784.50,INR,pay00000004fd,paid,2026-01-11T11:13:00Z
ORD0001278,INV0001278,cust_0278,6338.95,INR,pay00000004fe,paid,2026-01-09T09:27:00Z
ORD0001279,INV0001279,cust_0279,1805.77,INR,pay00000004ff,paid,2026-01-21T21:29:00Z
ORD0001280,INV0001280,cust_0280,7808.99,INR,pay0000000500,paid,2026-01-20T21:19:00Z
ORD0001281,INV0001281,cust_0281,7070.33,INR,pay0000000501,paid,2026-01-23T18:51:00Z
ORD0001282,INV0001282,cust_0282,150.49,INR,pay0000000502,paid,2026-01-07T09:52:00Z
ORD0001283,INV0001283,cust_0283,2198.93,INR,pay0000000503,paid,2026-01-16T10:41:00Z
ORD0001284,INV0001284,cust_0284,9003.76,INR,pay0000000504,paid,2026-01-26T12:05:00Z
ORD0001285,INV0001285,cust_0285,4428.72,INR,pay0000000505,paid,2026-01-01T09:10:00Z
ORD0001286,INV0001286,cust_0286,4948.92,INR,pay0000000506,paid,2026-01-01T20:37:00Z
ORD0001287,INV0001287,cust_0287,8702.42,INR,pay0000000507,paid,2026-01-27T18:03:00Z
ORD0001288,INV0001288,cust_0288,4363.78,INR,pay0000000508,paid,2026-01-16T15:02:00Z
ORD0001289,INV0001289,cust_0289,6202.49,INR,pay0000000509,paid,2026-01-24T21:14:00Z
ORD0001290,INV0001290,cust_0290,4430.03,INR,pay000000050a,paid,2026-01-19T16:35:00Z
ORD0001291,INV0001291,cust_0291,4379.00,INR,pay000000050b,paid,2026-01-16T09:31:00Z
ORD0001292,INV0001292,cust_0292,4579.20,INR,pay000000050c,paid,2026-01-01T11:18:00Z
ORD0001293,INV0001293,cust_0293,4598.92,INR,pay000000050d,paid,2026-01-08T22:14:00Z
ORD0001294,INV0001294,cust_0294,8954.11,INR,pay000000050e,paid,2026-01-27T20:08:00Z
ORD0001295,INV0001295,cust_0295,8740.48,INR,pay000000050f,paid,2026-01-22T17:50:00Z
ORD0001296,INV0001296,cust_0296,2966.77,INR,pay0000000510,paid,2026-01-23T08:42:00Z
ORD0001297,INV0001297,cust_0297,1644.07,INR,pay0000000511,paid,2026-01-20T21:06:00Z
ORD0001298,INV0001298,cust_0298,2201.06,INR,pay0000000512,paid,2026-01-18T07:01:00Z
ORD0001299,INV0001299,cust_0299,1668.09,INR,pay0000000513,paid,2026-01-06T22:02:00Z
ORD0001300,INV0001300,cust_0300,6480.61,INR,pay0000000514,paid,2026-01-08T09:35:00Z
ORD0001301,INV0001301,cust_0301,3573.55,INR,pay0000000515,paid,2026-01-26T17:49:00Z
ORD0001302,INV0001302,cust_0302,1590.22,INR,pay0000000516,paid,2026-01-23T22:38:00Z
ORD0001303,INV0001303,cust_0303,9721.44,INR,pay0000000517,paid,2026-01-15T20:53:00Z
ORD0001304,INV0001304,cust_0304,6397.70,INR,pay0000000518,paid,2026-01-26T09:52:00Z
ORD0001305,INV0001305,cust_0305,1756.60,INR,pay0000000519,paid,2026-01-21T09:55:00Z
ORD0001306,INV0001306,cust_0306,3068.13,INR,pay000000051a,paid,2026-01-23T20:48:00Z
ORD0001307,INV0001307,cust_0307,1046.17,INR,pay000000051b,paid,2026-01-05T17:21:00Z
ORD0001308,INV0001308,cust_0308,4609.38,INR,pay000000051c,paid,2026-01-14T06:15:00Z
ORD0001309,INV0001309,cust_0309,1800.81,INR,pay000000051d,paid,2026-01-03T14:23:00Z
ORD0001310,INV0001310,cust_0310,6977.98,INR,pay000000051e,paid,2026-01-08T10:48:00Z
ORD0001311,INV0001311,cust_0311,1451.97,INR,pay000000051f,paid,2026-01-26T19:26:00Z
ORD0001312,INV0001312,cust_0312,5417.28,INR,pay0000000520,paid,2026-01-26T17:01:00Z
ORD0001313,INV0001313,cust_0313,7529.85,INR,pay0000000521,paid,2026-01-26T22:04:00Z
ORD0001314,INV0001314,cust_0314,8103.91,INR,pay0000000522,paid,2026-01-06T19:03:00Z
ORD0001315,INV0001315,cust_0315,6731.25,INR,pay0000000523,paid,2026-01-05T07:40:00Z
ORD0001316,INV0001316,cust_0316,4401.73,INR,pay0000000524,paid,2026-01-13T15:46:00Z
ORD0001317,INV0001317,cust_0317,87.86,INR,pay0000000525,paid,2026-01-27T14:57:00Z
ORD0001318,INV0001318,cust_0318,7348.12,INR,pay0000000526,paid,2026-01-13T20:41:00Z
ORD0001319,INV0001319,cust_0319,6487.16,INR,pay0000000527,paid,2026-01-21T20:44:00Z
ORD0001320,INV0001320,cust_0320,9242.68,INR,pay0000000528,paid,2026-01-10T08:02:00Z
ORD0001321,INV0001321,cust_0321,7543.00,INR,pay0000000529,paid,2026-01-24T10:33:00Z
ORD0001322,INV0001322,cust_0322,5370.26,INR,pay000000052a,paid,2026-01-18T15:33:00Z
ORD0001323,INV0001323,cust_0323,6217.85,INR,pay000000052b,paid,2026-01-09T13:53:00Z
ORD0001324,INV0001324,cust_0324,1163.06,INR,pay000000052c,paid,2026-01-24T07:53:00Z
ORD0001325,INV0001325,cust_0325,3721.92,INR,pay000000052d,paid,2026-01-04T07:48:00Z
ORD0001326,INV0001326,cust_0326,6007.41,INR,pay000000052e,paid,2026-01-24T06:29:00Z
ORD0001327,INV0001327,cust_0327,6103.45,INR,pay000000052f,paid,2026-01-19T13:22:00Z
ORD0001328,INV0001328,cust_0328,8551.72,INR,pay0000000530,paid,2026-01-23T10:45:00Z
ORD0001329,INV0001329,cust_0329,1108.38,INR,pay0000000531,paid,2026-01-11T22:37:00Z
ORD0001330,INV0001330,cust_0330,1541.72,INR,pay0000000532,paid,2026-01-23T19:53:00Z
ORD0001331,INV0001331,cust_0331,1368.81,INR,pay0000000533,paid,2026-01-16T12:28:00Z
ORD0001332,INV0001332,cust_0332,4228.17,INR,pay0000000534,paid,2026-01-19T22:49:00Z
ORD0001333,INV0001333,cust_0333,6678.77,INR,pay0000000535,paid,2026-01-14T20:44:00Z
ORD0001334,INV0001334,cust_0334,1518.57,INR,pay0000000536,paid,2026-01-17T10:31:00Z
ORD0001335,INV0001335,cust_0335,7392.47,INR,pay0000000537,paid,2026-01-17T22:07:00Z
ORD0001336,INV0001336,cust_0336,346.91,INR,pay0000000538,paid,2026-01-24T11:35:00Z
ORD0001337,INV0001337,cust_0337,4289.68,INR,pay0000000539,paid,2026-01-04T09:23:00Z
ORD0001338,INV0001338,cust_0338,3900.11,INR,pay000000053a,paid,2026-01-10T17:19:00Z
ORD0001339,INV0001339,cust_0339,8223.66,INR,pay000000053b,paid,2026-01-19T19:03:00Z
ORD0001340,INV0001340,cust_0340,8594.14,INR,pay000000053c,paid,2026-01-24T21:00:00Z
ORD0001341,INV0001341,cust_0341,9132.08,INR,pay000000053d,paid,2026-01-02T19:30:00Z
ORD0001342,INV0001342,cust_0342,9445.19,INR,pay000000053e,paid,2026-01-11T18:30:00Z
ORD0001343,INV0001343,cust_0343,1457.51,INR,pay000000053f,paid,2026-01-17T20:48:00Z
ORD0001344,INV0001344,cust_0344,7637.20,INR,pay0000000540,paid,2026-01-11T08:51:00Z
ORD0001345,INV0001345,cust_0345,2446.31,INR,pay0000000541,paid,2026-01-13T16:34:00Z
ORD0001346,INV0001346,cust_0346,6777.92,INR,pay0000000542,paid,2026-01-03T11:45:00Z
ORD0001347,INV0001347,cust_0347,8095.76,INR,pay0000000543,paid,2026-01-23T15:35:00Z
ORD0001348,INV0001348,cust_0348,897.88,INR,pay0000000544,paid,2026-01-07T07:36:00Z
ORD0001349,INV0001349,cust_0349,5275.54,INR,pay0000000545,paid,2026-01-01T09:42:00Z
ORD0001350,INV0001350,cust_0350,2888.19,INR,pay0000000546,paid,2026-01-26T12:15:00Z
ORD0001351,INV0001351,cust_0351,8466.18,INR,pay0000000547,paid,2026-01-18T16:25:00Z
ORD0001352,INV0001352,cust_0352,9797.11,INR,pay0000000548,paid,2026-01-01T16:27:00Z
ORD0001353,INV0001353,cust_0353,4010.67,INR,pay0000000549,paid,2026-01-09T08:07:00Z
ORD0001354,INV0001354,cust_0354,1515.30,INR,pay000000054a,paid,2026-01-06T14:49:00Z
ORD0001355,INV0001355,cust_0355,4275.60,INR,pay000000054b,paid,2026-01-22T11:03:00Z
ORD0001356,INV0001356,cust_0356,7484.49,INR,pay000000054c,paid,2026-01-02T15:24:00Z
ORD0001357,INV0001357,cust_0357,9368.89,INR,pay000000054d,paid,2026-01-11T14:24:00Z
ORD0001358,INV0001358,cust_0358,7891.69,INR,pay000000054e,paid,2026-01-20T13:31:00Z
ORD0001359,INV0001359,cust_0359,1211.71,INR,pay000000054f,paid,2026-01-09T07:20:00Z
ORD0001360,INV0001360,cust_0360,5081.90,INR,pay0000000550,paid,2026-01-01T19:40:00Z
ORD0001361,INV0001361,cust_0361,6151.46,INR,pay0000000551,paid,2026-01-22T09:15:00Z
ORD0001362,INV0001362,cust_0362,4270.04,INR,pay0000000552,paid,2026-01-15T08:54:00Z
ORD0001363,INV0001363,cust_0363,1497.82,INR,pay0000000553,paid,2026-01-12T11:50:00Z
ORD0001364,INV0001364,cust_0364,9562.69,INR,pay0000000554,paid,2026-01-18T20:02:00Z
ORD0001365,INV0001365,cust_0365,6513.82,INR,pay0000000555,paid,2026-01-10T11:00:00Z
ORD0001366,INV0001366,cust_0366,2635.76,INR,pay0000000556,paid,2026-01-27T18:22:00Z
ORD0001367,INV0001367,cust_0367,5356.18,INR,pay0000000557,paid,2026-01-10T07:10:00Z
ORD0001368,INV0001368,cust_0368,3157.42,INR,pay0000000558,paid,2026-01-03T18:44:00Z
ORD0001369,INV0001369,cust_0369,2935.33,INR,pay0000000559,paid,2026-01-14T12:39:00Z
ORD0001370,INV0001370,cust_0370,9918.32,INR,pay000000055a,paid,2026-01-11T14:48:00Z
ORD0001371,INV0001371,cust_0371,6949.47,INR,pay000000055b,paid,2026-01-11T16:13:00Z
ORD0001372,INV0001372,cust_0372,9589.17,INR,pay000000055c,paid,2026-01-23T10:41:00Z
ORD0001373,INV0001373,cust_0373,9457.33,INR,pay000000055d,paid,2026-01-01T11:26:00Z
ORD0001374,INV0001374,cust_0374,5647.71,INR,pay000000055e,paid,2026-01-03T08:34:00Z
ORD0001375,INV0001375,cust_0375,3706.41,INR,pay000000055f,paid,2026-01-27T18:52:00Z
ORD0001376,INV0001376,cust_0376,8804.08,INR,pay0000000560,paid,2026-01-25T06:07:00Z
ORD0001377,INV0001377,cust_0377,4666.73,INR,pay0000000561,paid,2026-01-01T13:47:00Z
ORD0001378,INV0001378,cust_0378,7441.47,INR,pay0000000562,paid,2026-01-12T12:05:00Z
ORD0001379,INV0001379,cust_0379,2323.90,INR,pay0000000563,paid,2026-01-08T21:23:00Z
ORD0001380,INV0001380,cust_0380,7387.47,INR,pay0000000564,paid,2026-01-23T12:00:00Z
ORD0001381,INV0001381,cust_0381,1792.58,INR,pay0000000565,paid,2026-01-18T12:42:00Z
ORD0001382,INV0001382,cust_0382,6327.62,INR,pay0000000566,paid,2026-01-19T11:04:00Z
ORD0001383,INV0001383,cust_0383,1341.20,INR,pay0000000567,paid,2026-01-09T13:56:00Z
ORD0001384,INV0001384,cust_0384,7114.12,INR,pay0000000568,paid,2026-01-01T14:43:00Z
ORD0001385,INV0001385,cust_0385,7062.96,INR,pay0000000569,paid,2026-01-21T07:54:00Z
ORD0001386,INV0001386,cust_0386,4271.40,INR,pay000000056a,paid,2026-01-09T09:43:00Z
ORD0001387,INV0001387,cust_0387,5428.83,INR,pay000000056b,paid,2026-01-25T07:56:00Z
ORD0001388,INV0001388,cust_0388,5587.72,INR,pay000000056c,paid,2026-01-15T16:00:00Z
ORD0001389,INV0001389,cust_0389,9233.50,INR,pay000000056d,paid,2026-01-19T06:47:00Z
ORD0001390,INV0001390,cust_0390,9620.39,INR,pay000000056e,paid,2026-01-08T12:10:00Z
ORD0001391,INV0001391,cust_0391,5037.81,INR,pay000000056f,paid,2026-01-14T06:37:00Z
ORD0001392,INV0001392,cust_0392,2596.59,INR,pay0000000570,paid,2026-01-04T21:15:00Z
ORD0001393,INV0001393,cust_0393,5454.18,INR,pay0000000571,paid,2026-01-26T13:04:00Z
ORD0001394,INV0001394,cust_0394,1008.18,INR,pay0000000572,paid,2026-01-21T20:37:00Z
ORD0001395,INV0001395,cust_0395,9617.44,INR,pay0000000573,paid,2026-01-02T18:20:00Z
ORD0001396,INV0001396,cust_0396,655.14,INR,pay0000000574,paid,2026-01-26T20:03:00Z
ORD0001397,INV0001397,cust_0397,694.86,INR,pay0000000575,paid,2026-01-04T07:35:00Z
ORD0001398,INV0001398,cust_0398,4216.95,INR,pay0000000576,paid,2026-01-04T19:14:00Z
ORD0001399,INV0001399,cust_0399,9231.82,INR,pay0000000577,paid,2026-01-20T09:21:00Z
ORD0001400,INV0001400,cust_0400,3446.36,INR,pay0000000578,paid,2026-01-19T12:06:00Z
ORD0001401,INV0001401,cust_0401,713.25,INR,pay0000000579,paid,2026-01-19T12:57:00Z
ORD0001402,INV0001402,cust_0402,2692.35,INR,pay000000057a,paid,2026-01-12T19:30:00Z
ORD0001403,INV0001403,cust_0403,2554.63,INR,pay000000057b,paid,2026-01-05T07:03:00Z
ORD0001404,INV0001404,cust_0404,5385.51,INR,pay000000057c,paid,2026-01-21T17:19:00Z
ORD0001405,INV0001405,cust_0405,1550.69,INR,pay000000057d,paid,2026-01-16T15:38:00Z
ORD0001406,INV0001406,cust_0406,89.74,INR,pay000000057e,paid,2026-01-17T10:03:00Z
ORD0001407,INV0001407,cust_0407,5871.25,INR,pay000000057f,paid,2026-01-02T19:22:00Z
ORD0001408,INV0001408,cust_0408,2115.37,INR,pay0000000580,paid,2026-01-26T08:21:00Z
ORD0001409,INV0001409,cust_0409,4906.06,INR,pay0000000581,paid,2026-01-20T16:54:00Z
ORD0001410,INV0001410,cust_0410,6465.30,INR,pay0000000582,paid,2026-01-10T19:21:00Z
ORD0001411,INV0001411,cust_0411,8280.27,INR,pay0000000583,paid,2026-01-02T21:14:00Z
ORD0001412,INV0001412,cust_0412,4896.99,INR,pay0000000584,paid,2026-01-20T12:15:00Z
ORD0001413,INV0001413,cust_0413,3946.72,INR,pay0000000585,paid,2026-01-07T18:11:00Z
ORD0001414,INV0001414,cust_0414,1212.84,INR,pay0000000586,paid,2026-01-05T15:28:00Z
ORD0001415,INV0001415,cust_0415,3778.92,INR,pay0000000587,paid,2026-01-02T06:12:00Z
ORD0001416,INV0001416,cust_0416,9288.90,INR,pay0000000588,paid,2026-01-09T11:21:00Z
ORD0001417,INV0001417,cust_0417,230.36,INR,pay0000000589,paid,2026-01-06T14:58:00Z
ORD0001418,INV0001418,cust_0418,1444.10,INR,pay000000058a,paid,2026-01-13T09:21:00Z
ORD0001419,INV0001419,cust_0419,3880.96,INR,pay000000058b,paid,2026-01-26T17:42:00Z
ORD0001420,INV0001420,cust_0420,6539.76,INR,pay000000058c,paid,2026-01-14T08:07:00Z
ORD0001421,INV0001421,cust_0421,2014.92,INR,pay000000058d,paid,2026-01-18T18:44:00Z
ORD0001422,INV0001422,cust_0422,6675.44,INR,pay000000058e,paid,2026-01-08T07:48:00Z
ORD0001423,INV0001423,cust_0423,5619.79,INR,pay000000058f,paid,2026-01-10T10:20:00Z
ORD0001424,INV0001424,cust_0424,2941.78,INR,pay0000000590,paid,2026-01-05T22:37:00Z
ORD0001425,INV0001425,cust_0425,8232.81,INR,pay0000000591,paid,2026-01-16T08:10:00Z
ORD0001426,INV0001426,cust_0426,6769.06,INR,pay0000000592,paid,2026-01-25T22:23:00Z
ORD0001427,INV0001427,cust_0427,3379.56,INR,pay0000000593,paid,2026-01-23T17:33:00Z
ORD0001428,INV0001428,cust_0428,5193.27,INR,pay0000000594,paid,2026-01-16T14:37:00Z
ORD0001429,INV0001429,cust_0429,2177.64,INR,pay0000000595,paid,2026-01-08T12:28:00Z
ORD0001430,INV0001430,cust_0430,4461.68,INR,pay0000000596,paid,2026-01-13T11:59:00Z
ORD0001431,INV0001431,cust_0431,1413.55,INR,pay0000000597,paid,2026-01-25T08:18:00Z
ORD0001432,INV0001432,cust_0432,6128.28,INR,pay0000000598,paid,2026-01-02T20:32:00Z
ORD0001433,INV0001433,cust_0433,4907.62,INR,pay0000000599,paid,2026-01-14T19:23:00Z
ORD0001434,INV0001434,cust_0434,264.18,INR,pay000000059a,paid,2026-01-06T20:14:00Z
ORD0001435,INV0001435,cust_0435,869.22,INR,pay000000059b,paid,2026-01-10T22:32:00Z
ORD0001436,INV0001436,cust_0436,9721.16,INR,pay000000059c,paid,2026-01-08T09:07:00Z
ORD0001437,INV0001437,cust_0437,2066.98,INR,pay000000059d,paid,2026-01-22T16:16:00Z
ORD0001438,INV0001438,cust_0438,6338.75,INR,pay000000059e,paid,2026-01-05T14:00:00Z
ORD0001439,INV0001439,cust_0439,8216.69,INR,pay000000059f,paid,2026-01-13T18:52:00Z
ORD0001440,INV0001440,cust_0440,5380.49,INR,pay00000005a0,paid,2026-01-25T10:55:00Z
ORD0001441,INV0001441,cust_0441,7860.27,INR,pay00000005a1,paid,2026-01-07T21:14:00Z
ORD0001442,INV0001442,cust_0442,7949.23,INR,pay00000005a2,paid,2026-01-15T20:21:00Z
ORD0001443,INV0001443,cust_0443,4501.22,INR,pay00000005a3,paid,2026-01-25T19:13:00Z
ORD0001444,INV0001444,cust_0444,320.66,INR,pay00000005a4,paid,2026-01-12T10:36:00Z
ORD0001445,INV0001445,cust_0445,106.51,INR,pay00000005a5,paid,2026-01-16T17:21:00Z
ORD0001446,INV0001446,cust_0446,7896.85,INR,pay00000005a6,paid,2026-01-13T15:20:00Z
ORD0001447,INV0001447,cust_0447,342.73,INR,pay00000005a7,paid,2026-01-05T10:21:00Z
ORD0001448,INV0001448,cust_0448,6022.55,INR,pay00000005a8,paid,2026-01-13T18:13:00Z
ORD0001449,INV0001449,cust_0449,1979.87,INR,pay00000005a9,paid,2026-01-16T09:21:00Z
ORD0001450,INV0001450,cust_0450,3199.43,INR,pay00000005aa,paid,2026-01-03T11:06:00Z
ORD0001451,INV0001451,cust_0451,8671.21,INR,pay00000005ab,paid,2026-01-23T21:01:00Z
ORD0001452,INV0001452,cust_0452,2981.04,INR,pay00000005ac,paid,2026-01-07T13:18:00Z
ORD0001453,INV0001453,cust_0453,5442.19,INR,pay00000005ad,paid,2026-01-01T11:20:00Z
ORD0001454,INV0001454,cust_0454,1166.23,INR,pay00000005ae,paid,2026-01-05T19:30:00Z
ORD0001455,INV0001455,cust_0455,9479.80,INR,pay00000005af,paid,2026-01-07T10:55:00Z
ORD0001456,INV0001456,cust_0456,7446.44,INR,pay00000005b0,paid,2026-01-22T21:10:00Z
ORD0001457,INV0001457,cust_0457,6165.29,INR,pay00000005b1,paid,2026-01-07T22:45:00Z
ORD0001458,INV0001458,cust_0458,83.04,INR,pay00000005b2,paid,2026-01-05T20:04:00Z
ORD0001459,INV0001459,cust_0459,5519.00,INR,pay00000005b3,paid,2026-01-11T21:29:00Z
ORD0001460,INV0001460,cust_0460,6781.93,INR,pay00000005b4,paid,2026-01-15T17:44:00Z
ORD0001461,INV0001461,cust_0461,8639.28,INR,pay00000005b5,paid,2026-01-26T11:26:00Z
ORD0001462,INV0001462,cust_0462,7693.62,INR,pay00000005b6,paid,2026-01-14T20:24:00Z
ORD0001463,INV0001463,cust_0463,1006.74,INR,pay00000005b7,paid,2026-01-13T07:15:00Z
ORD0001464,INV0001464,cust_0464,5643.58,INR,pay00000005b8,paid,2026-01-10T08:44:00Z
ORD0001465,INV0001465,cust_0465,4317.56,INR,pay00000005b9,paid,2026-01-25T09:23:00Z
ORD0001466,INV0001466,cust_0466,8178.76,INR,pay00000005ba,paid,2026-01-11T19:28:00Z
ORD0001467,INV0001467,cust_0467,473.03,INR,pay00000005bb,paid,2026-01-15T06:04:00Z
ORD0001468,INV0001468,cust_0468,7826.93,INR,pay00000005bc,paid,2026-01-13T12:25:00Z
ORD0001469,INV0001469,cust_0469,7440.44,INR,pay00000005bd,paid,2026-01-05T16:42:00Z
ORD0001470,INV0001470,cust_0470,720.51,INR,pay00000005be,paid,2026-01-03T13:45:00Z
ORD0001471,INV0001471,cust_0471,2932.01,INR,pay00000005bf,paid,2026-01-27T11:10:00Z
ORD0001472,INV0001472,cust_0472,1771.36,INR,pay00000005c0,paid,2026-01-03T06:43:00Z
ORD0001473,INV0001473,cust_0473,1870.83,INR,pay00000005c1,paid,2026-01-07T07:57:00Z
ORD0001474,INV0001474,cust_0474,7310.87,INR,pay00000005c2,paid,2026-01-02T22:41:00Z
ORD0001475,INV0001475,cust_0475,3238.01,INR,pay00000005c3,paid,2026-01-15T07:38:00Z
ORD0001476,INV0001476,cust_0476,8048.77,INR,pay00000005c4,paid,2026-01-07T13:23:00Z
ORD0001477,INV0001477,cust_0477,157.67,INR,pay00000005c5,paid,2026-01-11T12:43:00Z
ORD0001478,INV0001478,cust_0478,9256.43,INR,pay00000005c6,paid,2026-01-04T11:46:00Z
ORD0001479,INV0001479,cust_0479,1134.14,INR,pay00000005c7,paid,2026-01-27T16:20:00Z
ORD0001480,INV0001480,cust_0480,9802.13,INR,pay00000005c8,paid,2026-01-18T18:27:00Z
ORD0001481,INV0001481,cust_0481,3743.97,INR,pay00000005c9,paid,2026-01-11T11:00:00Z
ORD0001482,INV0001482,cust_0482,2312.87,INR,pay00000005ca,paid,2026-01-03T14:41:00Z
ORD0001483,INV0001483,cust_0483,3166.81,INR,pay00000005cb,paid,2026-01-25T21:06:00Z
ORD0001484,INV0001484,cust_0484,9675.21,INR,pay00000005cc,paid,2026-01-19T11:16:00Z
ORD0001485,INV0001485,cust_0485,6620.19,INR,pay00000005cd,paid,2026-01-23T18:43:00Z
ORD0001486,INV0001486,cust_0486,6667.16,INR,pay00000005ce,paid,2026-01-25T16:54:00Z
ORD0001487,INV0001487,cust_0487,9569.09,INR,pay00000005cf,paid,2026-01-19T20:24:00Z
ORD0001488,INV0001488,cust_0488,7393.57,INR,pay00000005d0,paid,2026-01-01T13:01:00Z
ORD0001489,INV0001489,cust_0489,7742.58,INR,pay00000005d1,paid,2026-01-14T13:39:00Z
ORD0001490,INV0001490,cust_0490,5234.52,INR,pay00000005d2,paid,2026-01-10T12:09:00Z
ORD0001491,INV0001491,cust_0491,2501.28,INR,pay00000005d3,paid,2026-01-24T20:47:00Z
ORD0001492,INV0001492,cust_0492,6753.65,INR,pay00000005d4,paid,2026-01-26T07:33:00Z
ORD0001493,INV0001493,cust_0493,2406.34,INR,pay00000005d5,paid,2026-01-24T16:21:00Z
ORD0001494,INV0001494,cust_0494,9511.72,INR,pay00000005d6,paid,2026-01-22T13:51:00Z
ORD0001495,INV0001495,cust_0495,4005.16,INR,pay00000005d7,paid,2026-01-17T16:11:00Z
ORD0001496,INV0001496,cust_0496,2023.14,INR,pay00000005d8,paid,2026-01-02T10:13:00Z
ORD0001497,INV0001497,cust_0497,5760.07,INR,pay00000005d9,paid,2026-01-27T12:15:00Z
ORD0001498,INV0001498,cust_0498,4902.62,INR,pay00000005da,paid,2026-01-10T11:46:00Z
ORD0001499,INV0001499,cust_0499,6357.81,INR,pay00000005db,paid,2026-01-08T15:18:00Z
ORD0001500,INV0001500,cust_0000,2116.84,INR,pay00000005dc,paid,2026-01-09T21:05:00Z
ORD0001501,INV0001501,cust_0001,4940.78,INR,pay00000005dd,paid,2026-01-15T19:32:00Z
ORD0001502,INV0001502,cust_0002,8599.16,INR,pay00000005de,paid,2026-01-26T21:01:00Z
ORD0001503,INV0001503,cust_0003,7962.20,INR,pay00000005df,paid,2026-01-10T10:35:00Z
ORD0001504,INV0001504,cust_0004,4866.73,INR,pay00000005e0,paid,2026-01-10T20:18:00Z
ORD0001505,INV0001505,cust_0005,759.34,INR,pay00000005e1,paid,2026-01-11T10:45:00Z
ORD0001506,INV0001506,cust_0006,1993.37,INR,pay00000005e2,paid,2026-01-01T06:55:00Z
ORD0001507,INV0001507,cust_0007,9711.57,INR,pay00000005e3,paid,2026-01-14T18:47:00Z
ORD0001508,INV0001508,cust_0008,6726.88,INR,pay00000005e4,paid,2026-01-19T08:26:00Z
ORD0001509,INV0001509,cust_0009,5935.83,INR,pay00000005e5,paid,2026-01-06T12:48:00Z
ORD0001510,INV0001510,cust_0010,7885.86,INR,pay00000005e6,paid,2026-01-24T17:32:00Z
ORD0001511,INV0001511,cust_0011,3865.65,INR,pay00000005e7,paid,2026-01-23T07:41:00Z
ORD0001512,INV0001512,cust_0012,2546.25,INR,pay00000005e8,paid,2026-01-16T07:58:00Z
ORD0001513,INV0001513,cust_0013,6771.81,INR,pay00000005e9,paid,2026-01-05T14:38:00Z
ORD0001514,INV0001514,cust_0014,6318.99,INR,pay00000005ea,paid,2026-01-19T11:00:00Z
ORD0001515,INV0001515,cust_0015,9619.21,INR,pay00000005eb,paid,2026-01-13T18:45:00Z
ORD0001516,INV0001516,cust_0016,1984.95,INR,pay00000005ec,paid,2026-01-14T11:53:00Z
ORD0001517,INV0001517,cust_0017,5254.66,INR,pay00000005ed,paid,2026-01-18T18:37:00Z
ORD0001518,INV0001518,cust_0018,9697.20,INR,pay00000005ee,paid,2026-01-24T08:06:00Z
ORD0001519,INV0001519,cust_0019,3616.22,INR,pay00000005ef,paid,2026-01-27T10:17:00Z
ORD0001520,INV0001520,cust_0020,4178.02,INR,pay00000005f0,paid,2026-01-23T15:00:00Z
ORD0001521,INV0001521,cust_0021,7306.40,INR,pay00000005f1,paid,2026-01-14T22:26:00Z
ORD0001522,INV0001522,cust_0022,1794.22,INR,pay00000005f2,paid,2026-01-06T17:11:00Z
ORD0001523,INV0001523,cust_0023,1913.24,INR,pay00000005f3,paid,2026-01-17T09:28:00Z
ORD0001524,INV0001524,cust_0024,623.47,INR,pay00000005f4,paid,2026-01-24T11:51:00Z
ORD0001525,INV0001525,cust_0025,9144.55,INR,pay00000005f5,paid,2026-01-14T20:40:00Z
ORD0001526,INV0001526,cust_0026,1746.95,INR,pay00000005f6,paid,2026-01-03T15:05:00Z
ORD0001527,INV0001527,cust_0027,3592.72,INR,pay00000005f7,paid,2026-01-01T13:30:00Z
ORD0001528,INV0001528,cust_0028,1020.46,INR,pay00000005f8,paid,2026-01-07T22:50:00Z
ORD0001529,INV0001529,cust_0029,7988.47,INR,pay00000005f9,paid,2026-01-09T21:30:00Z
ORD0001530,INV0001530,cust_0030,3892.96,INR,pay00000005fa,paid,2026-01-22T16:20:00Z
ORD0001531,INV0001531,cust_0031,3973.18,INR,pay00000005fb,paid,2026-01-20T07:22:00Z
ORD0001532,INV0001532,cust_0032,7609.48,INR,pay00000005fc,paid,2026-01-27T10:01:00Z
ORD0001533,INV0001533,cust_0033,2935.42,INR,pay00000005fd,paid,2026-01-23T13:23:00Z
ORD0001534,INV0001534,cust_0034,9126.07,INR,pay00000005fe,paid,2026-01-16T22:26:00Z
ORD0001535,INV0001535,cust_0035,179.38,INR,pay00000005ff,paid,2026-01-21T17:55:00Z
ORD0001536,INV0001536,cust_0036,2454.03,INR,pay0000000600,paid,2026-01-20T21:25:00Z
ORD0001537,INV0001537,cust_0037,3657.54,INR,pay0000000601,paid,2026-01-14T21:42:00Z
ORD0001538,INV0001538,cust_0038,3086.37,INR,pay0000000602,paid,2026-01-20T12:45:00Z
ORD0001539,INV0001539,cust_0039,8234.87,INR,pay0000000603,paid,2026-01-23T22:02:00Z
ORD0001540,INV0001540,cust_0040,3164.86,INR,pay0000000604,paid,2026-01-27T20:10:00Z
ORD0001541,INV0001541,cust_0041,5674.31,INR,pay0000000605,paid,2026-01-08T13:13:00Z
ORD0001542,INV0001542,cust_0042,311.41,INR,pay0000000606,paid,2026-01-06T16:57:00Z
ORD0001543,INV0001543,cust_0043,2706.43,INR,pay0000000607,paid,2026-01-22T21:57:00Z
ORD0001544,INV0001544,cust_0044,9680.59,INR,pay0000000608,paid,2026-01-18T21:05:00Z
ORD0001545,INV0001545,cust_0045,9775.42,INR,pay0000000609,paid,2026-01-19T08:41:00Z
ORD0001546,INV0001546,cust_0046,7795.58,INR,pay000000060a,paid,2026-01-24T18:41:00Z
ORD0001547,INV0001547,cust_0047,4586.88,INR,pay000000060b,paid,2026-01-26T13:14:00Z
ORD0001548,INV0001548,cust_0048,1172.93,INR,pay000000060c,paid,2026-01-03T16:47:00Z
ORD0001549,INV0001549,cust_0049,1222.46,INR,pay000000060d,paid,2026-01-19T17:08:00Z
ORD0001550,INV0001550,cust_0050,22.60,INR,pay000000060e,paid,2026-01-10T07:37:00Z
ORD0001551,INV0001551,cust_0051,4447.80,INR,pay000000060f,paid,2026-01-11T17:51:00Z
ORD0001552,INV0001552,cust_0052,6313.41,INR,pay0000000610,paid,2026-01-19T13:06:00Z
ORD0001553,INV0001553,cust_0053,4834.77,INR,pay0000000611,paid,2026-01-11T10:52:00Z
ORD0001554,INV0001554,cust_0054,4784.24,INR,pay0000000612,paid,2026-01-05T15:09:00Z
ORD0001555,INV0001555,cust_0055,3243.96,INR,pay0000000613,paid,2026-01-17T09:17:00Z
ORD0001556,INV0001556,cust_0056,8694.41,INR,pay0000000614,paid,2026-01-07T21:18:00Z
ORD0001557,INV0001557,cust_0057,8686.00,INR,pay0000000615,paid,2026-01-23T12:54:00Z
ORD0001558,INV0001558,cust_0058,556.19,INR,pay0000000616,paid,2026-01-25T11:54:00Z
ORD0001559,INV0001559,cust_0059,8551.02,INR,pay0000000617,paid,2026-01-22T11:01:00Z
ORD0001560,INV0001560,cust_0060,7113.28,INR,pay0000000618,paid,2026-01-16T17:48:00Z
ORD0001561,INV0001561,cust_0061,7307.03,INR,pay0000000619,paid,2026-01-07T18:06:00Z
ORD0001562,INV0001562,cust_0062,6090.76,INR,pay000000061a,paid,2026-01-26T07:54:00Z
ORD0001563,INV0001563,cust_0063,1721.46,INR,pay000000061b,paid,2026-01-19T10:28:00Z
ORD0001564,INV0001564,cust_0064,1523.57,INR,pay000000061c,paid,2026-01-07T12:51:00Z
ORD0001565,INV0001565,cust_0065,100.76,INR,pay000000061d,paid,2026-01-12T09:43:00Z
ORD0001566,INV0001566,cust_0066,4483.58,INR,pay000000061e,paid,2026-01-22T11:59:00Z
ORD0001567,INV0001567,cust_0067,4973.94,INR,pay000000061f,paid,2026-01-06T07:07:00Z
ORD0001568,INV0001568,cust_0068,1562.85,INR,pay0000000620,paid,2026-01-21T18:15:00Z
ORD0001569,INV0001569,cust_0069,5128.61,INR,pay0000000621,paid,2026-01-10T11:41:00Z
ORD0001570,INV0001570,cust_0070,8344.58,INR,pay0000000622,paid,2026-01-22T08:49:00Z
ORD0001571,INV0001571,cust_0071,6854.25,INR,pay0000000623,paid,2026-01-15T17:00:00Z
ORD0001572,INV0001572,cust_0072,7017.79,INR,pay0000000624,paid,2026-01-17T13:01:00Z
ORD0001573,INV0001573,cust_0073,5032.90,INR,pay0000000625,paid,2026-01-09T09:50:00Z
ORD0001574,INV0001574,cust_0074,6764.08,INR,pay0000000626,paid,2026-01-23T19:19:00Z
ORD0001575,INV0001575,cust_0075,9535.30,INR,pay0000000627,paid,2026-01-26T11:25:00Z
ORD0001576,INV0001576,cust_0076,8576.71,INR,pay0000000628,paid,2026-01-18T22:31:00Z
ORD0001577,INV0001577,cust_0077,5656.63,INR,pay0000000629,paid,2026-01-23T09:48:00Z
ORD0001578,INV0001578,cust_0078,6287.04,INR,pay000000062a,paid,2026-01-23T11:00:00Z
ORD0001579,INV0001579,cust_0079,1295.22,INR,pay000000062b,paid,2026-01-02T10:36:00Z
ORD0001580,INV0001580,cust_0080,1312.75,INR,pay000000062c,paid,2026-01-17T15:23:00Z
ORD0001581,INV0001581,cust_0081,9916.43,INR,pay000000062d,paid,2026-01-22T06:15:00Z
ORD0001582,INV0001582,cust_0082,5451.75,INR,pay000000062e,paid,2026-01-26T15:42:00Z
ORD0001583,INV0001583,cust_0083,5147.66,INR,pay000000062f,paid,2026-01-23T16:33:00Z
ORD0001584,INV0001584,cust_0084,2205.32,INR,pay0000000630,paid,2026-01-23T09:42:00Z
ORD0001585,INV0001585,cust_0085,8981.70,INR,pay0000000631,paid,2026-01-27T12:08:00Z
ORD0001586,INV0001586,cust_0086,3770.07,INR,pay0000000632,paid,2026-01-09T10:46:00Z
ORD0001587,INV0001587,cust_0087,4199.92,INR,pay0000000633,paid,2026-01-15T08:16:00Z
ORD0001588,INV0001588,cust_0088,1507.02,INR,pay0000000634,paid,2026-01-18T12:04:00Z
ORD0001589,INV0001589,cust_0089,7311.50,INR,pay0000000635,paid,2026-01-21T12:45:00Z
ORD0001590,INV0001590,cust_0090,8608.65,INR,pay0000000636,paid,2026-01-17T11:26:00Z
ORD0001591,INV0001591,cust_0091,4551.91,INR,pay0000000637,paid,2026-01-13T06:38:00Z
ORD0001592,INV0001592,cust_0092,5577.86,INR,pay0000000638,paid,2026-01-04T19:04:00Z
ORD0001593,INV0001593,cust_0093,3502.18,INR,pay0000000639,paid,2026-01-25T14:09:00Z
ORD0001594,INV0001594,cust_0094,3975.24,INR,pay000000063a,paid,2026-01-04T09:11:00Z
ORD0001595,INV0001595,cust_0095,8464.89,INR,pay000000063b,paid,2026-01-16T09:33:00Z
ORD0001596,INV0001596,cust_0096,5788.33,INR,pay000000063c,paid,2026-01-09T09:57:00Z
ORD0001597,INV0001597,cust_0097,7888.95,INR,pay000000063d,paid,2026-01-13T11:22:00Z
ORD0001598,INV0001598,cust_0098,9253.66,INR,pay000000063e,paid,2026-01-13T21:37:00Z
ORD0001599,INV0001599,cust_0099,1635.44,INR,pay000000063f,paid,2026-01-22T10:09:00Z
ORD0001600,INV0001600,cust_0100,559.32,INR,pay0000000640,paid,2026-01-24T17:45:00Z
ORD0001601,INV0001601,cust_0101,4805.24,INR,pay0000000641,paid,2026-01-06T20:22:00Z
ORD0001602,INV0001602,cust_0102,9993.90,INR,pay0000000642,paid,2026-01-14T22:45:00Z
ORD0001603,INV0001603,cust_0103,916.65,INR,pay0000000643,paid,2026-01-10T19:49:00Z
ORD0001604,INV0001604,cust_0104,809.18,INR,pay0000000644,paid,2026-01-24T13:05:00Z
ORD0001605,INV0001605,cust_0105,9752.44,INR,pay0000000645,paid,2026-01-16T06:27:00Z
ORD0001606,INV0001606,cust_0106,1435.55,INR,pay0000000646,paid,2026-01-16T21:32:00Z
ORD0001607,INV0001607,cust_0107,4256.67,INR,pay0000000647,paid,2026-01-01T12:58:00Z
ORD0001608,INV0001608,cust_0108,7372.20,INR,pay0000000648,paid,2026-01-18T17:15:00Z
ORD0001609,INV0001609,cust_0109,449.13,INR,pay0000000649,paid,2026-01-20T20:10:00Z
ORD0001610,INV0001610,cust_0110,1838.05,INR,pay000000064a,paid,2026-01-03T17:53:00Z
ORD0001611,INV0001611,cust_0111,538.79,INR,pay000000064b,paid,2026-01-14T21:24:00Z
ORD0001612,INV0001612,cust_0112,3548.75,INR,pay000000064c,paid,2026-01-22T13:53:00Z
ORD0001613,INV0001613,cust_0113,5070.92,INR,pay000000064d,paid,2026-01-10T14:13:00Z
ORD0001614,INV0001614,cust_0114,9683.94,INR,pay000000064e,paid,2026-01-10T22:52:00Z
ORD0001615,INV0001615,cust_0115,8900.61,INR,pay000000064f,paid,2026-01-16T07:22:00Z
ORD0001616,INV0001616,cust_0116,3133.43,INR,pay0000000650,paid,2026-01-12T09:00:00Z
ORD0001617,INV0001617,cust_0117,97.94,INR,pay0000000651,paid,2026-01-04T19:31:00Z
ORD0001618,INV0001618,cust_0118,9426.55,INR,pay0000000652,paid,2026-01-05T19:07:00Z
ORD0001619,INV0001619,cust_0119,6890.30,INR,pay0000000653,paid,2026-01-09T13:30:00Z
ORD0001620,INV0001620,cust_0120,4496.48,INR,pay0000000654,paid,2026-01-06T14:06:00Z
ORD0001621,INV0001621,cust_0121,3714.20,INR,pay0000000655,paid,2026-01-24T19:00:00Z
ORD0001622,INV0001622,cust_0122,4420.08,INR,pay0000000656,paid,2026-01-24T16:57:00Z
ORD0001623,INV0001623,cust_0123,9949.44,INR,pay0000000657,paid,2026-01-16T14:07:00Z
ORD0001624,INV0001624,cust_0124,8391.72,INR,pay0000000658,paid,2026-01-22T10:20:00Z
ORD0001625,INV0001625,cust_0125,7784.31,INR,pay0000000659,paid,2026-01-27T18:08:00Z
ORD0001626,INV0001626,cust_0126,1327.50,INR,pay000000065a,paid,2026-01-05T17:32:00Z
ORD0001627,INV0001627,cust_0127,6265.90,INR,pay000000065b,paid,2026-01-24T06:27:00Z
ORD0001628,INV0001628,cust_0128,871.27,INR,pay000000065c,paid,2026-01-25T19:15:00Z
ORD0001629,INV0001629,cust_0129,1964.37,INR,pay000000065d,paid,2026-01-08T14:49:00Z
ORD0001630,INV0001630,cust_0130,2598.69,INR,pay000000065e,paid,2026-01-22T19:12:00Z
ORD0001631,INV0001631,cust_0131,5272.35,INR,pay000000065f,paid,2026-01-20T11:12:00Z
ORD0001632,INV0001632,cust_0132,1392.22,INR,pay0000000660,paid,2026-01-13T07:17:00Z
ORD0001633,INV0001633,cust_0133,6469.12,INR,pay0000000661,paid,2026-01-07T08:55:00Z
ORD0001634,INV0001634,cust_0134,3218.31,INR,pay0000000662,paid,2026-01-23T13:14:00Z
ORD0001635,INV0001635,cust_0135,5351.30,INR,pay0000000663,paid,2026-01-14T07:19:00Z
ORD0001636,INV0001636,cust_0136,9893.05,INR,pay0000000664,paid,2026-01-12T19:15:00Z
ORD0001637,INV0001637,cust_0137,10.61,INR,pay0000000665,paid,2026-01-02T16:13:00Z
ORD0001638,INV0001638,cust_0138,6364.84,INR,pay0000000666,paid,2026-01-04T19:11:00Z
ORD0001639,INV0001639,cust_0139,3196.41,INR,pay0000000667,paid,2026-01-04T09:42:00Z
ORD0001640,INV0001640,cust_0140,1371.37,INR,pay0000000668,paid,2026-01-11T17:47:00Z
ORD0001641,INV0001641,cust_0141,3901.42,INR,pay0000000669,paid,2026-01-08T14:13:00Z
ORD0001642,INV0001642,cust_0142,6606.40,INR,pay000000066a,paid,2026-01-24T09:02:00Z
ORD0001643,INV0001643,cust_0143,4679.23,INR,pay000000066b,paid,2026-01-04T08:34:00Z
ORD0001644,INV0001644,cust_0144,4977.33,INR,pay000000066c,paid,2026-01-25T12:34:00Z
ORD0001645,INV0001645,cust_0145,5777.36,INR,pay000000066d,paid,2026-01-23T14:57:00Z
ORD0001646,INV0001646,cust_0146,4707.67,INR,pay000000066e,paid,2026-01-21T09:58:00Z
ORD0001647,INV0001647,cust_0147,5497.05,INR,pay000000066f,paid,2026-01-17T06:10:00Z
ORD0001648,INV0001648,cust_0148,1356.97,INR,pay0000000670,paid,2026-01-10T07:36:00Z
ORD0001649,INV0001649,cust_0149,4173.02,INR,pay0000000671,paid,2026-01-16T22:04:00Z
ORD0001650,INV0001650,cust_0150,4033.10,INR,pay0000000672,paid,2026-01-18T18:25:00Z
ORD0001651,INV0001651,cust_0151,42.75,INR,pay0000000673,paid,2026-01-06T12:37:00Z
ORD0001652,INV0001652,cust_0152,8295.53,INR,pay0000000674,paid,2026-01-17T20:32:00Z
ORD0001653,INV0001653,cust_0153,8943.84,INR,pay0000000675,paid,2026-01-08T15:45:00Z
ORD0001654,INV0001654,cust_0154,5599.84,INR,pay0000000676,paid,2026-01-08T15:02:00Z
ORD0001655,INV0001655,cust_0155,2917.48,INR,pay0000000677,paid,2026-01-05T14:55:00Z
ORD0001656,INV0001656,cust_0156,2206.72,INR,pay0000000678,paid,2026-01-18T09:00:00Z
ORD0001657,INV0001657,cust_0157,3875.40,INR,pay0000000679,paid,2026-01-11T08:45:00Z
ORD0001658,INV0001658,cust_0158,4286.78,INR,pay000000067a,paid,2026-01-20T15:20:00Z
ORD0001659,INV0001659,cust_0159,2304.31,INR,pay000000067b,paid,2026-01-24T14:11:00Z
ORD0001660,INV0001660,cust_0160,9106.45,INR,pay000000067c,paid,2026-01-25T09:46:00Z
ORD0001661,INV0001661,cust_0161,2703.45,INR,pay000000067d,paid,2026-01-21T12:52:00Z
ORD0001662,INV0001662,cust_0162,2143.24,INR,pay000000067e,paid,2026-01-19T18:09:00Z
ORD0001663,INV0001663,cust_0163,4554.80,INR,pay000000067f,paid,2026-01-12T10:57:00Z
ORD0001664,INV0001664,cust_0164,4822.05,INR,pay0000000680,paid,2026-01-06T11:12:00Z
ORD0001665,INV0001665,cust_0165,1896.70,INR,pay0000000681,paid,2026-01-21T15:01:00Z
ORD0001666,INV0001666,cust_0166,8577.10,INR,pay0000000682,paid,2026-01-13T12:04:00Z
ORD0001667,INV0001667,cust_0167,4776.27,INR,pay0000000683,paid,2026-01-21T18:06:00Z
ORD0001668,INV0001668,cust_0168,7873.97,INR,pay0000000684,paid,2026-01-26T06:38:00Z
ORD0001669,INV0001669,cust_0169,1158.80,INR,pay0000000685,paid,2026-01-27T06:48:00Z
ORD0001670,INV0001670,cust_0170,8080.26,INR,pay0000000686,paid,2026-01-03T14:09:00Z
ORD0001671,INV0001671,cust_0171,8306.16,INR,pay0000000687,paid,2026-01-04T16:54:00Z
ORD0001672,INV0001672,cust_0172,5042.62,INR,pay0000000688,paid,2026-01-25T20:52:00Z
ORD0001673,INV0001673,cust_0173,1625.18,INR,pay0000000689,paid,2026-01-08T07:34:00Z
ORD0001674,INV0001674,cust_0174,1295.54,INR,pay000000068a,paid,2026-01-01T07:06:00Z
ORD0001675,INV0001675,cust_0175,1492.24,INR,pay000000068b,paid,2026-01-01T13:01:00Z
ORD0001676,INV0001676,cust_0176,3709.72,INR,pay000000068c,paid,2026-01-21T15:14:00Z
ORD0001677,INV0001677,cust_0177,7500.75,INR,pay000000068d,paid,2026-01-27T09:31:00Z
ORD0001678,INV0001678,cust_0178,2960.03,INR,pay000000068e,paid,2026-01-12T08:39:00Z
ORD0001679,INV0001679,cust_0179,9701.20,INR,pay000000068f,paid,2026-01-03T07:38:00Z
ORD0001680,INV0001680,cust_0180,3516.09,INR,pay0000000690,paid,2026-01-20T11:43:00Z
ORD0001681,INV0001681,cust_0181,7210.40,INR,pay0000000691,paid,2026-01-10T15:22:00Z
ORD0001682,INV0001682,cust_0182,6943.75,INR,pay0000000692,paid,2026-01-12T14:51:00Z
ORD0001683,INV0001683,cust_0183,9040.72,INR,pay0000000693,paid,2026-01-05T10:20:00Z
ORD0001684,INV0001684,cust_0184,8360.58,INR,pay0000000694,paid,2026-01-26T21:52:00Z
ORD0001685,INV0001685,cust_0185,7625.08,INR,pay0000000695,paid,2026-01-09T10:05:00Z
ORD0001686,INV0001686,cust_0186,4042.20,INR,pay0000000696,paid,2026-01-12T16:31:00Z
ORD0001687,INV0001687,cust_0187,4345.52,INR,pay0000000697,paid,2026-01-20T16:08:00Z
ORD0001688,INV0001688,cust_0188,5765.23,INR,pay0000000698,paid,2026-01-16T21:34:00Z
ORD0001689,INV0001689,cust_0189,6096.84,INR,pay0000000699,paid,2026-01-23T19:33:00Z
ORD0001690,INV0001690,cust_0190,2471.17,INR,pay000000069a,paid,2026-01-12T06:13:00Z
ORD0001691,INV0001691,cust_0191,1405.82,INR,pay000000069b,paid,2026-01-04T07:58:00Z
ORD0001692,INV0001692,cust_0192,9093.76,INR,pay000000069c,paid,2026-01-25T10:18:00Z
ORD0001693,INV0001693,cust_0193,5787.90,INR,pay000000069d,paid,2026-01-14T13:13:00Z
ORD0001694,INV0001694,cust_0194,1234.30,INR,pay000000069e,paid,2026-01-23T10:24:00Z
ORD0001695,INV0001695,cust_0195,4458.39,INR,pay000000069f,paid,2026-01-12T07:44:00Z
ORD0001696,INV0001696,cust_0196,321.52,INR,pay00000006a0,paid,2026-01-05T17:09:00Z
ORD0001697,INV0001697,cust_0197,8537.38,INR,pay00000006a1,paid,2026-01-14T10:48:00Z
ORD0001698,INV0001698,cust_0198,7849.47,INR,pay00000006a2,paid,2026-01-17T15:30:00Z
ORD0001699,INV0001699,cust_0199,6766.71,INR,pay00000006a3,paid,2026-01-23T06:18:00Z
ORD0001700,INV0001700,cust_0200,7881.19,INR,pay00000006a4,paid,2026-01-06T22:10:00Z
ORD0001701,INV0001701,cust_0201,7134.30,INR,pay00000006a5,paid,2026-01-15T14:58:00Z
ORD0001702,INV0001702,cust_0202,2388.56,INR,pay00000006a6,paid,2026-01-14T11:17:00Z
ORD0001703,INV0001703,cust_0203,9977.72,INR,pay00000006a7,paid,2026-01-05T12:25:00Z
ORD0001704,INV0001704,cust_0204,1931.16,INR,pay00000006a8,paid,2026-01-27T08:52:00Z
ORD0001705,INV0001705,cust_0205,6849.05,INR,pay00000006a9,paid,2026-01-21T18:52:00Z
ORD0001706,INV0001706,cust_0206,2046.89,INR,pay00000006aa,paid,2026-01-09T09:06:00Z
ORD0001707,INV0001707,cust_0207,8882.34,INR,pay00000006ab,paid,2026-01-11T06:15:00Z
ORD0001708,INV0001708,cust_0208,689.92,INR,pay00000006ac,paid,2026-01-07T06:48:00Z
ORD0001709,INV0001709,cust_0209,6698.99,INR,pay00000006ad,paid,2026-01-02T13:17:00Z
ORD0001710,INV0001710,cust_0210,5916.23,INR,pay00000006ae,paid,2026-01-26T21:02:00Z
ORD0001711,INV0001711,cust_0211,4179.76,INR,pay00000006af,paid,2026-01-17T12:20:00Z
ORD0001712,INV0001712,cust_0212,7372.89,INR,pay00000006b0,paid,2026-01-22T09:21:00Z
ORD0001713,INV0001713,cust_0213,253.35,INR,pay00000006b1,paid,2026-01-19T18:30:00Z
ORD0001714,INV0001714,cust_0214,1593.98,INR,pay00000006b2,paid,2026-01-22T20:05:00Z
ORD0001715,INV0001715,cust_0215,2433.18,INR,pay00000006b3,paid,2026-01-07T10:49:00Z
ORD0001716,INV0001716,cust_0216,5264.86,INR,pay00000006b4,paid,2026-01-17T22:59:00Z
ORD0001717,INV0001717,cust_0217,3559.88,INR,pay00000006b5,paid,2026-01-10T17:39:00Z
ORD0001718,INV0001718,cust_0218,8122.81,INR,pay00000006b6,paid,2026-01-22T18:15:00Z
ORD0001719,INV0001719,cust_0219,1603.04,INR,pay00000006b7,paid,2026-01-19T21:06:00Z
ORD0001720,INV0001720,cust_0220,3250.78,INR,pay00000006b8,paid,2026-01-18T08:31:00Z
ORD0001721,INV0001721,cust_0221,9799.28,INR,pay00000006b9,paid,2026-01-10T11:04:00Z
ORD0001722,INV0001722,cust_0222,940.63,INR,pay00000006ba,paid,2026-01-03T11:45:00Z
ORD0001723,INV0001723,cust_0223,2689.63,INR,pay00000006bb,paid,2026-01-25T20:41:00Z
ORD0001724,INV0001724,cust_0224,5124.76,INR,pay00000006bc,paid,2026-01-02T17:54:00Z
ORD0001725,INV0001725,cust_0225,6502.85,INR,pay00000006bd,paid,2026-01-22T10:28:00Z
ORD0001726,INV0001726,cust_0226,9987.91,INR,pay00000006be,paid,2026-01-11T17:05:00Z
ORD0001727,INV0001727,cust_0227,2760.94,INR,pay00000006bf,paid,2026-01-22T07:39:00Z
ORD0001728,INV0001728,cust_0228,2572.09,INR,pay00000006c0,paid,2026-01-23T06:09:00Z
ORD0001729,INV0001729,cust_0229,5983.28,INR,pay00000006c1,paid,2026-01-13T08:14:00Z
ORD0001730,INV0001730,cust_0230,3663.87,INR,pay00000006c2,paid,2026-01-15T20:41:00Z
ORD0001731,INV0001731,cust_0231,1141.11,INR,pay00000006c3,paid,2026-01-13T19:12:00Z
ORD0001732,INV0001732,cust_0232,5104.17,INR,pay00000006c4,paid,2026-01-07T21:07:00Z
ORD0001733,INV0001733,cust_0233,4932.96,INR,pay00000006c5,paid,2026-01-05T12:20:00Z
ORD0001734,INV0001734,cust_0234,8123.13,INR,pay00000006c6,paid,2026-01-13T07:59:00Z
ORD0001735,INV0001735,cust_0235,2242.87,INR,pay00000006c7,paid,2026-01-02T12:55:00Z
ORD0001736,INV0001736,cust_0236,6670.66,INR,pay00000006c8,paid,2026-01-06T08:09:00Z
ORD0001737,INV0001737,cust_0237,3133.28,INR,pay00000006c9,paid,2026-01-23T20:55:00Z
ORD0001738,INV0001738,cust_0238,9369.55,INR,pay00000006ca,paid,2026-01-09T11:53:00Z
ORD0001739,INV0001739,cust_0239,4498.50,INR,pay00000006cb,paid,2026-01-11T15:10:00Z
ORD0001740,INV0001740,cust_0240,5055.20,INR,pay00000006cc,paid,2026-01-16T11:44:00Z
ORD0001741,INV0001741,cust_0241,5985.20,INR,pay00000006cd,paid,2026-01-13T06:35:00Z
ORD0001742,INV0001742,cust_0242,1521.42,INR,pay00000006ce,paid,2026-01-11T16:00:00Z
ORD0001743,INV0001743,cust_0243,5242.06,INR,pay00000006cf,paid,2026-01-11T09:50:00Z
ORD0001744,INV0001744,cust_0244,7578.71,INR,pay00000006d0,paid,2026-01-01T20:53:00Z
ORD0001745,INV0001745,cust_0245,6069.72,INR,pay00000006d1,paid,2026-01-04T07:13:00Z
ORD0001746,INV0001746,cust_0246,5731.12,INR,pay00000006d2,paid,2026-01-25T11:38:00Z
ORD0001747,INV0001747,cust_0247,9991.39,INR,pay00000006d3,paid,2026-01-07T06:23:00Z
ORD0001748,INV0001748,cust_0248,3223.76,INR,pay00000006d4,paid,2026-01-17T09:44:00Z
ORD0001749,INV0001749,cust_0249,3693.14,INR,pay00000006d5,paid,2026-01-12T19:33:00Z
ORD0001750,INV0001750,cust_0250,4816.11,INR,pay00000006d6,paid,2026-01-14T17:11:00Z
ORD0001751,INV0001751,cust_0251,4575.49,INR,pay00000006d7,paid,2026-01-13T15:54:00Z
ORD0001752,INV0001752,cust_0252,7366.97,INR,pay00000006d8,paid,2026-01-20T09:05:00Z
ORD0001753,INV0001753,cust_0253,6466.95,INR,pay00000006d9,paid,2026-01-14T09:31:00Z
ORD0001754,INV0001754,cust_0254,1050.45,INR,pay00000006da,paid,2026-01-21T20:32:00Z
ORD0001755,INV0001755,cust_0255,8935.77,INR,pay00000006db,paid,2026-01-14T12:14:00Z
ORD0001756,INV0001756,cust_0256,2055.59,INR,pay00000006dc,paid,2026-01-16T09:22:00Z
ORD0001757,INV0001757,cust_0257,6766.84,INR,pay00000006dd,paid,2026-01-23T18:00:00Z
ORD0001758,INV0001758,cust_0258,2811.08,INR,pay00000006de,paid,2026-01-22T14:19:00Z
ORD0001759,INV0001759,cust_0259,167.84,INR,pay00000006df,paid,2026-01-01T10:50:00Z
ORD0001760,INV0001760,cust_0260,6295.88,INR,pay00000006e0,paid,2026-01-11T16:10:00Z
ORD0001761,INV0001761,cust_0261,4108.73,INR,pay00000006e1,paid,2026-01-07T18:53:00Z
ORD0001762,INV0001762,cust_0262,9855.23,INR,pay00000006e2,paid,2026-01-21T18:46:00Z
ORD0001763,INV0001763,cust_0263,5429.04,INR,pay00000006e3,paid,2026-01-06T19:14:00Z
ORD0001764,INV0001764,cust_0264,6626.13,INR,pay00000006e4,paid,2026-01-19T18:53:00Z
ORD0001765,INV0001765,cust_0265,1672.79,INR,pay00000006e5,paid,2026-01-11T12:05:00Z
ORD0001766,INV0001766,cust_0266,6599.43,INR,pay00000006e6,paid,2026-01-25T10:01:00Z
ORD0001767,INV0001767,cust_0267,830.98,INR,pay00000006e7,paid,2026-01-19T18:01:00Z
ORD0001768,INV0001768,cust_0268,6657.82,INR,pay00000006e8,paid,2026-01-21T17:11:00Z
ORD0001769,INV0001769,cust_0269,5619.25,INR,pay00000006e9,paid,2026-01-27T13:46:00Z
ORD0001770,INV0001770,cust_0270,2888.21,INR,pay00000006ea,paid,2026-01-03T10:40:00Z
ORD0001771,INV0001771,cust_0271,1168.20,INR,pay00000006eb,paid,2026-01-15T09:06:00Z
ORD0001772,INV0001772,cust_0272,1899.01,INR,pay00000006ec,paid,2026-01-03T08:31:00Z
ORD0001773,INV0001773,cust_0273,5153.89,INR,pay00000006ed,paid,2026-01-26T06:26:00Z
ORD0001774,INV0001774,cust_0274,805.19,INR,pay00000006ee,paid,2026-01-07T19:24:00Z
ORD0001775,INV0001775,cust_0275,1890.40,INR,pay00000006ef,paid,2026-01-10T06:57:00Z
ORD0001776,INV0001776,cust_0276,8968.32,INR,pay00000006f0,paid,2026-01-02T09:21:00Z
ORD0001777,INV0001777,cust_0277,6296.38,INR,pay00000006f1,paid,2026-01-18T06:10:00Z
ORD0001778,INV0001778,cust_0278,2027.12,INR,pay00000006f2,paid,2026-01-20T06:34:00Z
ORD0001779,INV0001779,cust_0279,1602.46,INR,pay00000006f3,paid,2026-01-07T17:07:00Z
ORD0001780,INV0001780,cust_0280,2309.36,INR,pay00000006f4,paid,2026-01-03T10:17:00Z
ORD0001781,INV0001781,cust_0281,969.37,INR,pay00000006f5,paid,2026-01-12T15:29:00Z
ORD0001782,INV0001782,cust_0282,9928.15,INR,pay00000006f6,paid,2026-01-13T12:16:00Z
ORD0001783,INV0001783,cust_0283,9309.17,INR,pay00000006f7,paid,2026-01-23T14:25:00Z
ORD0001784,INV0001784,cust_0284,6166.21,INR,pay00000006f8,paid,2026-01-10T11:50:00Z
ORD0001785,INV0001785,cust_0285,4683.30,INR,pay00000006f9,paid,2026-01-14T14:52:00Z
ORD0001786,INV0001786,cust_0286,5951.91,INR,pay00000006fa,paid,2026-01-12T17:57:00Z
ORD0001787,INV0001787,cust_0287,9331.55,INR,pay00000006fb,paid,2026-01-02T22:16:00Z
ORD0001788,INV0001788,cust_0288,8673.43,INR,pay00000006fc,paid,2026-01-21T22:22:00Z
ORD0001789,INV0001789,cust_0289,8298.14,INR,pay00000006fd,paid,2026-01-06T17:15:00Z
ORD0001790,INV0001790,cust_0290,3905.32,INR,pay00000006fe,paid,2026-01-05T16:07:00Z
ORD0001791,INV0001791,cust_0291,7521.22,INR,pay00000006ff,paid,2026-01-11T12:29:00Z
ORD0001792,INV0001792,cust_0292,5894.22,INR,pay0000000700,paid,2026-01-03T18:18:00Z
ORD0001793,INV0001793,cust_0293,1084.19,INR,pay0000000701,paid,2026-01-18T14:45:00Z
ORD0001794,INV0001794,cust_0294,6781.63,INR,pay0000000702,paid,2026-01-14T19:20:00Z
ORD0001795,INV0001795,cust_0295,8422.18,INR,pay0000000703,paid,2026-01-16T21:02:00Z
ORD0001796,INV0001796,cust_0296,6311.45,INR,pay0000000704,paid,2026-01-11T18:15:00Z
ORD0001797,INV0001797,cust_0297,6754.33,INR,pay0000000705,paid,2026-01-26T06:58:00Z
ORD0001798,INV0001798,cust_0298,4228.77,INR,pay0000000706,paid,2026-01-02T22:02:00Z
ORD0001799,INV0001799,cust_0299,8419.96,INR,pay0000000707,paid,2026-01-14T15:17:00Z
ORD0001800,INV0001800,cust_0300,5839.80,INR,pay0000000708,paid,2026-01-25T16:31:00Z
ORD0001801,INV0001801,cust_0301,7307.88,INR,pay0000000709,paid,2026-01-15T21:54:00Z
ORD0001802,INV0001802,cust_0302,9837.53,INR,pay000000070a,paid,2026-01-20T09:01:00Z
ORD0001803,INV0001803,cust_0303,1459.73,INR,pay000000070b,paid,2026-01-04T16:55:00Z
ORD0001804,INV0001804,cust_0304,927.92,INR,pay000000070c,paid,2026-01-07T17:52:00Z
ORD0001805,INV0001805,cust_0305,9106.79,INR,pay000000070d,paid,2026-01-02T14:56:00Z
ORD0001806,INV0001806,cust_0306,7218.38,INR,pay000000070e,paid,2026-01-20T18:17:00Z
ORD0001807,INV0001807,cust_0307,6122.95,INR,pay000000070f,paid,2026-01-15T09:08:00Z
ORD0001808,INV0001808,cust_0308,9314.24,INR,pay0000000710,paid,2026-01-14T20:42:00Z
ORD0001809,INV0001809,cust_0309,6064.56,INR,pay0000000711,paid,2026-01-16T21:17:00Z
ORD0001810,INV0001810,cust_0310,2771.26,INR,pay0000000712,paid,2026-01-25T15:45:00Z
ORD0001811,INV0001811,cust_0311,9157.72,INR,pay0000000713,paid,2026-01-08T12:44:00Z
ORD0001812,INV0001812,cust_0312,636.94,INR,pay0000000714,paid,2026-01-07T06:42:00Z
ORD0001813,INV0001813,cust_0313,1975.45,INR,pay0000000715,paid,2026-01-16T09:21:00Z
ORD0001814,INV0001814,cust_0314,5393.91,INR,pay0000000716,paid,2026-01-11T15:45:00Z
ORD0001815,INV0001815,cust_0315,1112.93,INR,pay0000000717,paid,2026-01-05T13:58:00Z
ORD0001816,INV0001816,cust_0316,9105.15,INR,pay0000000718,paid,2026-01-20T22:12:00Z
ORD0001817,INV0001817,cust_0317,7201.02,INR,pay0000000719,paid,2026-01-10T09:09:00Z
ORD0001818,INV0001818,cust_0318,2527.48,INR,pay000000071a,paid,2026-01-01T20:11:00Z
ORD0001819,INV0001819,cust_0319,5571.73,INR,pay000000071b,paid,2026-01-15T17:16:00Z
ORD0001820,INV0001820,cust_0320,1584.36,INR,pay000000071c,paid,2026-01-13T22:27:00Z
ORD0001821,INV0001821,cust_0321,6806.29,INR,pay000000071d,paid,2026-01-13T19:12:00Z
ORD0001822,INV0001822,cust_0322,6234.05,INR,pay000000071e,paid,2026-01-09T22:38:00Z
ORD0001823,INV0001823,cust_0323,7147.48,INR,pay000000071f,paid,2026-01-02T13:07:00Z
ORD0001824,INV0001824,cust_0324,2796.08,INR,pay0000000720,paid,2026-01-08T08:34:00Z
ORD0001825,INV0001825,cust_0325,6508.48,INR,pay0000000721,paid,2026-01-23T18:25:00Z
ORD0001826,INV0001826,cust_0326,8645.98,INR,pay0000000722,paid,2026-01-23T14:31:00Z
ORD0001827,INV0001827,cust_0327,3650.19,INR,pay0000000723,paid,2026-01-21T15:45:00Z
ORD0001828,INV0001828,cust_0328,993.20,INR,pay0000000724,paid,2026-01-06T22:58:00Z
ORD0001829,INV0001829,cust_0329,3206.55,INR,pay0000000725,paid,2026-01-23T13:10:00Z
ORD0001830,INV0001830,cust_0330,3487.90,INR,pay0000000726,paid,2026-01-15T10:00:00Z
ORD0001831,INV0001831,cust_0331,223.38,INR,pay0000000727,paid,2026-01-06T14:56:00Z
ORD0001832,INV0001832,cust_0332,8950.29,INR,pay0000000728,paid,2026-01-01T17:30:00Z
ORD0001833,INV0001833,cust_0333,2600.33,INR,pay0000000729,paid,2026-01-16T09:02:00Z
ORD0001834,INV0001834,cust_0334,3052.77,INR,pay000000072a,paid,2026-01-27T13:33:00Z
ORD0001835,INV0001835,cust_0335,8134.15,INR,pay000000072b,paid,2026-01-04T09:19:00Z
ORD0001836,INV0001836,cust_0336,7710.09,INR,pay000000072c,paid,2026-01-12T14:42:00Z
ORD0001837,INV0001837,cust_0337,147.19,INR,pay000000072d,paid,2026-01-27T17:19:00Z
ORD0001838,INV0001838,cust_0338,8126.49,INR,pay000000072e,paid,2026-01-22T21:07:00Z
ORD0001839,INV0001839,cust_0339,222.34,INR,pay000000072f,paid,2026-01-05T19:54:00Z
ORD0001840,INV0001840,cust_0340,329.05,INR,pay0000000730,paid,2026-01-08T19:23:00Z
ORD0001841,INV0001841,cust_0341,3966.29,INR,pay0000000731,paid,2026-01-21T09:17:00Z
ORD0001842,INV0001842,cust_0342,4715.93,INR,pay0000000732,paid,2026-01-17T11:16:00Z
ORD0001843,INV0001843,cust_0343,4105.20,INR,pay0000000733,paid,2026-01-19T19:17:00Z
ORD0001844,INV0001844,cust_0344,3604.49,INR,pay0000000734,paid,2026-01-27T09:27:00Z
ORD0001845,INV0001845,cust_0345,8313.29,INR,pay0000000735,paid,2026-01-12T15:07:00Z
ORD0001846,INV0001846,cust_0346,1547.78,INR,pay0000000736,paid,2026-01-15T10:33:00Z
ORD0001847,INV0001847,cust_0347,1710.05,INR,pay0000000737,paid,2026-01-10T21:18:00Z
ORD0001848,INV0001848,cust_0348,2972.65,INR,pay0000000738,paid,2026-01-27T09:03:00Z
ORD0001849,INV0001849,cust_0349,528.26,INR,pay0000000739,paid,2026-01-09T10:22:00Z
ORD0001850,INV0001850,cust_0350,8067.34,INR,pay000000073a,paid,2026-01-18T10:05:00Z
ORD0001851,INV0001851,cust_0351,7691.61,INR,pay000000073b,paid,2026-01-07T19:37:00Z
ORD0001852,INV0001852,cust_0352,4966.62,INR,pay000000073c,paid,2026-01-12T13:51:00Z
ORD0001853,INV0001853,cust_0353,9485.83,INR,pay000000073d,paid,2026-01-04T14:58:00Z
ORD0001854,INV0001854,cust_0354,5917.99,INR,pay000000073e,paid,2026-01-14T16:51:00Z
ORD0001855,INV0001855,cust_0355,2096.97,INR,pay000000073f,paid,2026-01-09T10:26:00Z
ORD0001856,INV0001856,cust_0356,902.55,INR,pay0000000740,paid,2026-01-10T20:34:00Z
ORD0001857,INV0001857,cust_0357,8748.57,INR,pay0000000741,paid,2026-01-14T09:08:00Z
ORD0001858,INV0001858,cust_0358,5287.88,INR,pay0000000742,paid,2026-01-22T17:29:00Z
ORD0001859,INV0001859,cust_0359,4306.87,INR,pay0000000743,paid,2026-01-15T06:58:00Z
ORD0001860,INV0001860,cust_0360,4418.65,INR,pay0000000744,paid,2026-01-03T10:39:00Z
ORD0001861,INV0001861,cust_0361,3917.35,INR,pay0000000745,paid,2026-01-05T15:03:00Z
ORD0001862,INV0001862,cust_0362,67.42,INR,pay0000000746,paid,2026-01-15T22:29:00Z
ORD0001863,INV0001863,cust_0363,1127.48,INR,pay0000000747,paid,2026-01-11T09:52:00Z
ORD0001864,INV0001864,cust_0364,3479.01,INR,pay0000000748,paid,2026-01-02T09:47:00Z
ORD0001865,INV0001865,cust_0365,560.95,INR,pay0000000749,paid,2026-01-23T12:33:00Z
ORD0001866,INV0001866,cust_0366,5198.64,INR,pay000000074a,paid,2026-01-05T13:57:00Z
ORD0001867,INV0001867,cust_0367,3264.92,INR,pay000000074b,paid,2026-01-24T06:51:00Z
ORD0001868,INV0001868,cust_0368,1207.80,INR,pay000000074c,paid,2026-01-03T06:09:00Z
ORD0001869,INV0001869,cust_0369,2597.14,INR,pay000000074d,paid,2026-01-07T09:30:00Z
ORD0001870,INV0001870,cust_0370,588.56,INR,pay000000074e,paid,2026-01-04T15:25:00Z
ORD0001871,INV0001871,cust_0371,8831.08,INR,pay000000074f,paid,2026-01-18T14:52:00Z
ORD0001872,INV0001872,cust_0372,6476.37,INR,pay0000000750,paid,2026-01-04T19:09:00Z
ORD0001873,INV0001873,cust_0373,8588.11,INR,pay0000000751,paid,2026-01-24T13:10:00Z
ORD0001874,INV0001874,cust_0374,5043.05,INR,pay0000000752,paid,2026-01-10T15:42:00Z
ORD0001875,INV0001875,cust_0375,7006.33,INR,pay0000000753,paid,2026-01-09T18:24:00Z
ORD0001876,INV0001876,cust_0376,8535.09,INR,pay0000000754,paid,2026-01-14T10:01:00Z
ORD0001877,INV0001877,cust_0377,4088.46,INR,pay0000000755,paid,2026-01-01T15:02:00Z
ORD0001878,INV0001878,cust_0378,9527.20,INR,pay0000000756,paid,2026-01-12T10:29:00Z
ORD0001879,INV0001879,cust_0379,1665.04,INR,pay0000000757,paid,2026-01-12T22:54:00Z
ORD0001880,INV0001880,cust_0380,7410.30,INR,pay0000000758,paid,2026-01-17T18:32:00Z
ORD0001881,INV0001881,cust_0381,3694.59,INR,pay0000000759,paid,2026-01-21T16:29:00Z
ORD0001882,INV0001882,cust_0382,8001.52,INR,pay000000075a,paid,2026-01-22T15:59:00Z
ORD0001883,INV0001883,cust_0383,6769.72,INR,pay000000075b,paid,2026-01-16T18:30:00Z
ORD0001884,INV0001884,cust_0384,9729.62,INR,pay000000075c,paid,2026-01-17T22:16:00Z
ORD0001885,INV0001885,cust_0385,6094.34,INR,pay000000075d,paid,2026-01-12T18:04:00Z
ORD0001886,INV0001886,cust_0386,1674.11,INR,pay000000075e,paid,2026-01-08T09:42:00Z
ORD0001887,INV0001887,cust_0387,5000.55,INR,pay000000075f,paid,2026-01-11T13:49:00Z
ORD0001888,INV0001888,cust_0388,9363.25,INR,pay0000000760,paid,2026-01-13T19:59:00Z
ORD0001889,INV0001889,cust_0389,1205.34,INR,pay0000000761,paid,2026-01-02T08:28:00Z
ORD0001890,INV0001890,cust_0390,313.90,INR,pay0000000762,paid,2026-01-06T16:06:00Z
ORD0001891,INV0001891,cust_0391,6688.57,INR,pay0000000763,paid,2026-01-19T12:12:00Z
ORD0001892,INV0001892,cust_0392,3004.86,INR,pay0000000764,paid,2026-01-08T12:47:00Z
ORD0001893,INV0001893,cust_0393,8484.54,INR,pay0000000765,paid,2026-01-26T12:05:00Z
ORD0001894,INV0001894,cust_0394,7016.38,INR,pay0000000766,paid,2026-01-04T12:02:00Z
ORD0001895,INV0001895,cust_0395,4283.47,INR,pay0000000767,paid,2026-01-19T08:21:00Z
ORD0001896,INV0001896,cust_0396,8733.37,INR,pay0000000768,paid,2026-01-07T21:32:00Z
ORD0001897,INV0001897,cust_0397,5863.36,INR,pay0000000769,paid,2026-01-05T08:28:00Z
ORD0001898,INV0001898,cust_0398,5972.99,INR,pay000000076a,paid,2026-01-03T10:50:00Z
ORD0001899,INV0001899,cust_0399,544.79,INR,pay000000076b,paid,2026-01-20T16:01:00Z
ORD0001900,INV0001900,cust_0400,2640.92,INR,pay000000076c,paid,2026-01-13T17:04:00Z
ORD0001901,INV0001901,cust_0401,8951.40,INR,pay000000076d,paid,2026-01-17T22:19:00Z
ORD0001902,INV0001902,cust_0402,6115.81,INR,pay000000076e,paid,2026-01-16T14:41:00Z
ORD0001903,INV0001903,cust_0403,2740.53,INR,pay000000076f,paid,2026-01-07T16:56:00Z
ORD0001904,INV0001904,cust_0404,8569.37,INR,pay0000000770,paid,2026-01-24T16:59:00Z
ORD0001905,INV0001905,cust_0405,769.53,INR,pay0000000771,paid,2026-01-26T07:22:00Z
ORD0001906,INV0001906,cust_0406,6426.82,INR,pay0000000772,paid,2026-01-03T21:08:00Z
ORD0001907,INV0001907,cust_0407,2366.86,INR,pay0000000773,paid,2026-01-21T17:27:00Z
ORD0001908,INV0001908,cust_0408,9195.24,INR,pay0000000774,paid,2026-01-08T06:59:00Z
ORD0001909,INV0001909,cust_0409,8512.75,INR,pay0000000775,paid,2026-01-07T18:43:00Z
ORD0001910,INV0001910,cust_0410,551.73,INR,pay0000000776,paid,2026-01-13T18:44:00Z
ORD0001911,INV0001911,cust_0411,5767.39,INR,pay0000000777,paid,2026-01-05T09:28:00Z
ORD0001912,INV0001912,cust_0412,3860.70,INR,pay0000000778,paid,2026-01-12T12:21:00Z
ORD0001913,INV0001913,cust_0413,969.59,INR,pay0000000779,paid,2026-01-19T06:14:00Z
ORD0001914,INV0001914,cust_0414,8412.13,INR,pay000000077a,paid,2026-01-01T13:52:00Z
ORD0001915,INV0001915,cust_0415,2968.23,INR,pay000000077b,paid,2026-01-02T16:22:00Z
ORD0001916,INV0001916,cust_0416,1365.17,INR,pay000000077c,paid,2026-01-20T18:30:00Z
ORD0001917,INV0001917,cust_0417,805.88,INR,pay000000077d,paid,2026-01-09T12:31:00Z
ORD0001918,INV0001918,cust_0418,9009.75,INR,pay000000077e,paid,2026-01-08T20:45:00Z
ORD0001919,INV0001919,cust_0419,3074.00,INR,pay000000077f,paid,2026-01-21T13:33:00Z
ORD0001920,INV0001920,cust_0420,5284.00,INR,pay0000000780,paid,2026-01-04T07:22:00Z
ORD0001921,INV0001921,cust_0421,827.56,INR,pay0000000781,paid,2026-01-07T10:53:00Z
ORD0001922,INV0001922,cust_0422,5803.26,INR,pay0000000782,paid,2026-01-07T09:23:00Z
ORD0001923,INV0001923,cust_0423,4621.64,INR,pay0000000783,paid,2026-01-21T20:07:00Z
ORD0001924,INV0001924,cust_0424,2839.28,INR,pay0000000784,paid,2026-01-09T18:19:00Z
ORD0001925,INV0001925,cust_0425,6398.66,INR,pay0000000785,paid,2026-01-13T21:01:00Z
ORD0001926,INV0001926,cust_0426,2358.51,INR,pay0000000786,paid,2026-01-07T18:11:00Z
ORD0001927,INV0001927,cust_0427,6929.82,INR,pay0000000787,paid,2026-01-10T07:34:00Z
ORD0001928,INV0001928,cust_0428,7916.27,INR,pay0000000788,paid,2026-01-11T14:51:00Z
ORD0001929,INV0001929,cust_0429,3580.06,INR,pay0000000789,paid,2026-01-24T19:55:00Z
ORD0001930,INV0001930,cust_0430,5806.70,INR,pay000000078a,paid,2026-01-13T15:54:00Z
ORD0001931,INV0001931,cust_0431,7546.57,INR,pay000000078b,paid,2026-01-19T22:16:00Z
ORD0001932,INV0001932,cust_0432,9700.77,INR,pay000000078c,paid,2026-01-08T10:58:00Z
ORD0001933,INV0001933,cust_0433,9976.61,INR,pay000000078d,paid,2026-01-09T08:15:00Z
ORD0001934,INV0001934,cust_0434,4142.69,INR,pay000000078e,paid,2026-01-02T14:23:00Z
ORD0001935,INV0001935,cust_0435,8501.18,INR,pay000000078f,paid,2026-01-25T06:07:00Z
ORD0001936,INV0001936,cust_0436,8771.09,INR,pay0000000790,paid,2026-01-09T11:28:00Z
ORD0001937,INV0001937,cust_0437,4895.97,INR,pay0000000791,paid,2026-01-02T17:30:00Z
ORD0001938,INV0001938,cust_0438,619.30,INR,pay0000000792,paid,2026-01-19T08:17:00Z
ORD0001939,INV0001939,cust_0439,676.54,INR,pay0000000793,paid,2026-01-15T11:16:00Z
ORD0001940,INV0001940,cust_0440,1339.02,INR,pay0000000794,paid,2026-01-08T11:09:00Z
ORD0001941,INV0001941,cust_0441,6868.98,INR,pay0000000795,paid,2026-01-02T11:43:00Z
ORD0001942,INV0001942,cust_0442,444.93,INR,pay0000000796,paid,2026-01-18T13:03:00Z
ORD0001943,INV0001943,cust_0443,174.01,INR,pay0000000797,paid,2026-01-22T17:34:00Z
ORD0001944,INV0001944,cust_0444,3672.18,INR,pay0000000798,paid,2026-01-04T08:32:00Z
ORD0001945,INV0001945,cust_0445,2489.90,INR,pay0000000799,paid,2026-01-07T16:36:00Z
ORD0001946,INV0001946,cust_0446,2973.35,INR,pay000000079a,paid,2026-01-05T06:20:00Z
ORD0001947,INV0001947,cust_0447,4284.63,INR,pay000000079b,paid,2026-01-21T17:30:00Z
ORD0001948,INV0001948,cust_0448,9759.99,INR,pay000000079c,paid,2026-01-05T06:06:00Z
ORD0001949,INV0001949,cust_0449,5361.08,INR,pay000000079d,paid,2026-01-23T22:50:00Z
ORD0001950,INV0001950,cust_0450,3977.42,INR,pay000000079e,paid,2026-01-27T07:42:00Z
ORD0001951,INV0001951,cust_0451,6812.48,INR,pay000000079f,paid,2026-01-03T08:59:00Z
ORD0001952,INV0001952,cust_0452,6028.43,INR,pay00000007a0,paid,2026-01-21T19:34:00Z
ORD0001953,INV0001953,cust_0453,5538.92,INR,pay00000007a1,paid,2026-01-26T07:38:00Z
ORD0001954,INV0001954,cust_0454,3328.35,INR,pay00000007a2,paid,2026-01-09T12:53:00Z
ORD0001955,INV0001955,cust_0455,3451.50,INR,pay00000007a3,paid,2026-01-08T17:14:00Z
ORD0001956,INV0001956,cust_0456,1215.23,INR,pay00000007a4,paid,2026-01-23T13:28:00Z
ORD0001957,INV0001957,cust_0457,3695.82,INR,pay00000007a5,paid,2026-01-18T22:04:00Z
ORD0001958,INV0001958,cust_0458,4712.77,INR,pay00000007a6,paid,2026-01-26T19:14:00Z
ORD0001959,INV0001959,cust_0459,2573.42,INR,pay00000007a7,paid,2026-01-25T19:43:00Z
ORD0001960,INV0001960,cust_0460,8350.15,INR,pay00000007a8,paid,2026-01-10T16:20:00Z
ORD0001961,INV0001961,cust_0461,5300.58,INR,pay00000007a9,paid,2026-01-05T21:40:00Z
ORD0001962,INV0001962,cust_0462,167.65,INR,pay00000007aa,paid,2026-01-06T09:26:00Z
ORD0001963,INV0001963,cust_0463,4931.84,INR,pay00000007ab,paid,2026-01-24T09:08:00Z
ORD0001964,INV0001964,cust_0464,770.61,INR,pay00000007ac,paid,2026-01-05T22:55:00Z
ORD0001965,INV0001965,cust_0465,3720.81,INR,pay00000007ad,paid,2026-01-05T18:44:00Z
ORD0001966,INV0001966,cust_0466,1253.11,INR,pay00000007ae,paid,2026-01-11T16:37:00Z
ORD0001967,INV0001967,cust_0467,7751.33,INR,pay00000007af,paid,2026-01-12T20:58:00Z
ORD0001968,INV0001968,cust_0468,4573.54,INR,pay00000007b0,paid,2026-01-10T21:44:00Z
ORD0001969,INV0001969,cust_0469,6186.96,INR,pay00000007b1,paid,2026-01-27T22:05:00Z
ORD0001970,INV0001970,cust_0470,3883.40,INR,pay00000007b2,paid,2026-01-22T20:24:00Z
ORD0001971,INV0001971,cust_0471,7581.30,INR,pay00000007b3,paid,2026-01-19T14:49:00Z
ORD0001972,INV0001972,cust_0472,3581.87,INR,pay00000007b4,paid,2026-01-02T22:57:00Z
ORD0001973,INV0001973,cust_0473,9736.24,INR,pay00000007b5,paid,2026-01-14T15:20:00Z
ORD0001974,INV0001974,cust_0474,1506.52,INR,pay00000007b6,paid,2026-01-02T12:27:00Z
ORD0001975,INV0001975,cust_0475,6458.74,INR,pay00000007b7,paid,2026-01-11T09:22:00Z
ORD0001976,INV0001976,cust_0476,9288.55,INR,pay00000007b8,paid,2026-01-06T15:58:00Z
ORD0001977,INV0001977,cust_0477,9699.25,INR,pay00000007b9,paid,2026-01-08T14:09:00Z
ORD0001978,INV0001978,cust_0478,5339.08,INR,pay00000007ba,paid,2026-01-25T11:01:00Z
ORD0001979,INV0001979,cust_0479,5665.52,INR,pay00000007bb,paid,2026-01-18T12:00:00Z
ORD0001980,INV0001980,cust_0480,2960.28,INR,pay00000007bc,paid,2026-01-19T19:46:00Z
ORD0001981,INV0001981,cust_0481,4763.95,INR,pay00000007bd,paid,2026-01-10T09:45:00Z
ORD0001982,INV0001982,cust_0482,4537.63,INR,pay00000007be,paid,2026-01-16T14:05:00Z
ORD0001983,INV0001983,cust_0483,1226.19,INR,pay00000007bf,paid,2026-01-12T08:47:00Z
ORD0001984,INV0001984,cust_0484,5321.91,INR,pay00000007c0,paid,2026-01-11T14:29:00Z
ORD0001985,INV0001985,cust_0485,781.87,INR,pay00000007c1,paid,2026-01-23T16:57:00Z
ORD0001986,INV0001986,cust_0486,3334.51,INR,pay00000007c2,paid,2026-01-07T07:40:00Z
ORD0001987,INV0001987,cust_0487,6153.25,INR,pay00000007c3,paid,2026-01-13T13:43:00Z
ORD0001988,INV0001988,cust_0488,5085.42,INR,pay00000007c4,paid,2026-01-27T11:46:00Z
ORD0001989,INV0001989,cust_0489,6661.07,INR,pay00000007c5,paid,2026-01-03T22:54:00Z
ORD0001990,INV0001990,cust_0490,5853.29,INR,pay00000007c6,paid,2026-01-20T12:45:00Z
ORD0001991,INV0001991,cust_0491,2763.52,INR,pay00000007c7,paid,2026-01-20T18:40:00Z
ORD0001992,INV0001992,cust_0492,5082.55,INR,pay00000007c8,paid,2026-01-17T11:56:00Z
ORD0001993,INV0001993,cust_0493,7009.23,INR,pay00000007c9,paid,2026-01-16T21:50:00Z
ORD0001994,INV0001994,cust_0494,5703.10,INR,pay00000007ca,paid,2026-01-16T15:06:00Z
ORD0001995,INV0001995,cust_0495,9408.82,INR,pay00000007cb,paid,2026-01-25T15:26:00Z
ORD0001996,INV0001996,cust_0496,4460.03,INR,pay00000007cc,paid,2026-01-04T11:29:00Z
ORD0001997,INV0001997,cust_0497,4179.26,INR,pay00000007cd,paid,2026-01-23T10:49:00Z
ORD0001998,INV0001998,cust_0498,7211.04,INR,pay00000007ce,paid,2026-01-08T06:18:00Z
ORD0001999,INV0001999,cust_0499,8928.25,INR,pay00000007cf,paid,2026-01-26T19:03:00Z
ORD0002000,INV0002000,cust_0000,3335.46,INR,pay00000007d0,paid,2026-01-14T18:51:00Z
ORD0002001,INV0002001,cust_0001,9571.87,INR,pay00000007d1,paid,2026-01-02T14:31:00Z
ORD0002002,INV0002002,cust_0002,8587.85,INR,pay00000007d2,paid,2026-01-02T15:28:00Z
ORD0002003,INV0002003,cust_0003,1751.24,INR,pay00000007d3,paid,2026-01-18T12:49:00Z
ORD0002004,INV0002004,cust_0004,6435.95,INR,pay00000007d4,paid,2026-01-20T16:08:00Z
ORD0002005,INV0002005,cust_0005,951.36,INR,pay00000007d5,paid,2026-01-25T16:58:00Z
ORD0002006,INV0002006,cust_0006,2211.86,INR,pay00000007d6,paid,2026-01-12T12:10:00Z
ORD0002007,INV0002007,cust_0007,2409.74,INR,pay00000007d7,paid,2026-01-10T11:58:00Z
ORD0002008,INV0002008,cust_0008,5803.11,INR,pay00000007d8,paid,2026-01-24T13:00:00Z
ORD0002009,INV0002009,cust_0009,5526.33,INR,pay00000007d9,paid,2026-01-04T22:25:00Z
ORD0002010,INV0002010,cust_0010,3166.10,INR,pay00000007da,paid,2026-01-01T13:40:00Z
ORD0002011,INV0002011,cust_0011,6876.06,INR,pay00000007db,paid,2026-01-13T10:52:00Z
ORD0002012,INV0002012,cust_0012,807.44,INR,pay00000007dc,paid,2026-01-03T22:46:00Z
ORD0002013,INV0002013,cust_0013,6347.54,INR,pay00000007dd,paid,2026-01-05T09:47:00Z
ORD0002014,INV0002014,cust_0014,6356.13,INR,pay00000007de,paid,2026-01-10T16:27:00Z
ORD0002015,INV0002015,cust_0015,4816.97,INR,pay00000007df,paid,2026-01-07T09:16:00Z
ORD0002016,INV0002016,cust_0016,3058.85,INR,pay00000007e0,paid,2026-01-14T08:14:00Z
ORD0002017,INV0002017,cust_0017,2987.39,INR,pay00000007e1,paid,2026-01-23T22:15:00Z
ORD0002018,INV0002018,cust_0018,7633.99,INR,pay00000007e2,paid,2026-01-13T17:48:00Z
ORD0002019,INV0002019,cust_0019,6064.50,INR,pay00000007e3,paid,2026-01-01T18:49:00Z
ORD0002020,INV0002020,cust_0020,5910.09,INR,pay00000007e4,paid,2026-01-04T15:21:00Z
ORD0002021,INV0002021,cust_0021,9073.37,INR,pay00000007e5,paid,2026-01-16T13:05:00Z
ORD0002022,INV0002022,cust_0022,4970.16,INR,pay00000007e6,paid,2026-01-17T13:03:00Z
ORD0002023,INV0002023,cust_0023,7769.82,INR,pay00000007e7,paid,2026-01-11T10:02:00Z
ORD0002024,INV0002024,cust_0024,9142.58,INR,pay00000007e8,paid,2026-01-01T14:44:00Z
ORD0002025,INV0002025,cust_0025,5725.91,INR,pay00000007e9,paid,2026-01-16T16:41:00Z
ORD0002026,INV0002026,cust_0026,5069.58,INR,pay00000007ea,paid,2026-01-17T08:58:00Z
ORD0002027,INV0002027,cust_0027,3944.35,INR,pay00000007eb,paid,2026-01-05T06:10:00Z
ORD0002028,INV0002028,cust_0028,4593.58,INR,pay00000007ec,paid,2026-01-04T07:56:00Z
ORD0002029,INV0002029,cust_0029,8426.67,INR,pay00000007ed,paid,2026-01-17T21:08:00Z
ORD0002030,INV0002030,cust_0030,102.08,INR,pay00000007ee,paid,2026-01-10T09:27:00Z
ORD0002031,INV0002031,cust_0031,6454.79,INR,pay00000007ef,paid,2026-01-12T11:09:00Z
ORD0002032,INV0002032,cust_0032,8423.11,INR,pay00000007f0,paid,2026-01-20T17:33:00Z
ORD0002033,INV0002033,cust_0033,2213.48,INR,pay00000007f1,paid,2026-01-11T10:10:00Z
ORD0002034,INV0002034,cust_0034,4938.48,INR,pay00000007f2,paid,2026-01-03T06:19:00Z
ORD0002035,INV0002035,cust_0035,989.06,INR,pay00000007f3,paid,2026-01-18T20:21:00Z
ORD0002036,INV0002036,cust_0036,6238.30,INR,pay00000007f4,paid,2026-01-06T08:22:00Z
ORD0002037,INV0002037,cust_0037,3622.14,INR,pay00000007f5,paid,2026-01-21T06:59:00Z
ORD0002038,INV0002038,cust_0038,9562.88,INR,pay00000007f6,paid,2026-01-14T15:23:00Z
ORD0002039,INV0002039,cust_0039,5888.68,INR,pay00000007f7,paid,2026-01-18T12:04:00Z
ORD0002040,INV0002040,cust_0040,1874.87,INR,pay00000007f8,paid,2026-01-09T09:08:00Z
ORD0002041,INV0002041,cust_0041,4020.48,INR,pay00000007f9,paid,2026-01-11T14:51:00Z
ORD0002042,INV0002042,cust_0042,4969.03,INR,pay00000007fa,paid,2026-01-07T11:00:00Z
ORD0002043,INV0002043,cust_0043,1507.95,INR,pay00000007fb,paid,2026-01-06T21:55:00Z
ORD0002044,INV0002044,cust_0044,1441.28,INR,pay00000007fc,paid,2026-01-17T20:27:00Z
ORD0002045,INV0002045,cust_0045,5251.81,INR,pay00000007fd,paid,2026-01-25T09:15:00Z
ORD0002046,INV0002046,cust_0046,4047.57,INR,pay00000007fe,paid,2026-01-23T21:22:00Z
ORD0002047,INV0002047,cust_0047,824.98,INR,pay00000007ff,paid,2026-01-20T12:10:00Z
ORD0002048,INV0002048,cust_0048,8811.73,INR,pay0000000800,paid,2026-01-14T20:31:00Z
ORD0002049,INV0002049,cust_0049,5855.05,INR,pay0000000801,paid,2026-01-14T17:11:00Z
ORD0002050,INV0002050,cust_0050,8086.84,INR,pay0000000802,paid,2026-01-22T17:46:00Z
ORD0002051,INV0002051,cust_0051,9193.61,INR,pay0000000803,paid,2026-01-07T18:23:00Z
ORD0002052,INV0002052,cust_0052,3790.26,INR,pay0000000804,paid,2026-01-17T12:00:00Z
ORD0002053,INV0002053,cust_0053,9557.95,INR,pay0000000805,paid,2026-01-12T14:32:00Z
ORD0002054,INV0002054,cust_0054,6791.57,INR,pay0000000806,paid,2026-01-09T21:25:00Z
ORD0002055,INV0002055,cust_0055,605.06,INR,pay0000000807,paid,2026-01-19T06:55:00Z
ORD0002056,INV0002056,cust_0056,6634.51,INR,pay0000000808,paid,2026-01-15T21:11:00Z
ORD0002057,INV0002057,cust_0057,405.48,INR,pay0000000809,paid,2026-01-12T06:39:00Z
ORD0002058,INV0002058,cust_0058,1860.01,INR,pay000000080a,paid,2026-01-05T08:26:00Z
ORD0002059,INV0002059,cust_0059,7456.08,INR,pay000000080b,paid,2026-01-02T16:06:00Z
ORD0002060,INV0002060,cust_0060,2041.14,INR,pay000000080c,paid,2026-01-21T06:21:00Z
ORD0002061,INV0002061,cust_0061,1779.33,INR,pay000000080d,paid,2026-01-19T17:33:00Z
ORD0002062,INV0002062,cust_0062,7006.57,INR,pay000000080e,paid,2026-01-22T07:04:00Z
ORD0002063,INV0002063,cust_0063,2800.88,INR,pay000000080f,paid,2026-01-03T11:28:00Z
ORD0002064,INV0002064,cust_0064,7226.71,INR,pay0000000810,paid,2026-01-17T19:11:00Z
ORD0002065,INV0002065,cust_0065,5882.89,INR,pay0000000811,paid,2026-01-12T09:21:00Z
ORD0002066,INV0002066,cust_0066,907.77,INR,pay0000000812,paid,2026-01-19T20:05:00Z
ORD0002067,INV0002067,cust_0067,911.15,INR,pay0000000813,paid,2026-01-06T16:37:00Z
ORD0002068,INV0002068,cust_0068,8275.50,INR,pay0000000814,paid,2026-01-01T12:40:00Z
ORD0002069,INV0002069,cust_0069,3232.33,INR,pay0000000815,paid,2026-01-27T12:47:00Z
ORD0002070,INV0002070,cust_0070,3982.35,INR,pay0000000816,paid,2026-01-23T15:11:00Z
ORD0002071,INV0002071,cust_0071,4345.92,INR,pay0000000817,paid,2026-01-08T12:17:00Z
ORD0002072,INV0002072,cust_0072,2724.52,INR,pay0000000818,paid,2026-01-23T20:16:00Z
ORD0002073,INV0002073,cust_0073,3817.76,INR,pay0000000819,paid,2026-01-12T22:28:00Z
ORD0002074,INV0002074,cust_0074,1637.67,INR,pay000000081a,paid,2026-01-18T12:44:00Z
ORD0002075,INV0002075,cust_0075,7156.47,INR,pay000000081b,paid,2026-01-26T15:13:00Z
ORD0002076,INV0002076,cust_0076,7797.30,INR,pay000000081c,paid,2026-01-26T14:05:00Z
ORD0002077,INV0002077,cust_0077,4909.06,INR,pay000000081d,paid,2026-01-09T07:59:00Z
ORD0002078,INV0002078,cust_0078,1959.81,INR,pay000000081e,paid,2026-01-16T10:29:00Z
ORD0002079,INV0002079,cust_0079,3967.67,INR,pay000000081f,paid,2026-01-22T07:20:00Z
ORD0002080,INV0002080,cust_0080,9120.57,INR,pay0000000820,paid,2026-01-01T11:26:00Z
ORD0002081,INV0002081,cust_0081,9473.43,INR,pay0000000821,paid,2026-01-04T11:58:00Z
ORD0002082,INV0002082,cust_0082,5738.38,INR,pay0000000822,paid,2026-01-06T06:28:00Z
ORD0002083,INV0002083,cust_0083,7287.34,INR,pay0000000823,paid,2026-01-14T18:30:00Z
ORD0002084,INV0002084,cust_0084,6306.33,INR,pay0000000824,paid,2026-01-11T21:43:00Z
ORD0002085,INV0002085,cust_0085,2461.84,INR,pay0000000825,paid,2026-01-25T22:06:00Z
ORD0002086,INV0002086,cust_0086,6060.40,INR,pay0000000826,paid,2026-01-13T06:10:00Z
ORD0002087,INV0002087,cust_0087,9301.62,INR,pay0000000827,paid,2026-01-20T22:12:00Z
ORD0002088,INV0002088,cust_0088,3498.30,INR,pay0000000828,paid,2026-01-26T07:05:00Z
ORD0002089,INV0002089,cust_0089,4814.95,INR,pay0000000829,paid,2026-01-13T11:29:00Z
ORD0002090,INV0002090,cust_0090,1809.26,INR,pay000000082a,paid,2026-01-10T15:05:00Z
ORD0002091,INV0002091,cust_0091,4582.54,INR,pay000000082b,paid,2026-01-03T13:09:00Z
ORD0002092,INV0002092,cust_0092,3929.37,INR,pay000000082c,paid,2026-01-01T21:10:00Z
ORD0002093,INV0002093,cust_0093,7206.47,INR,pay000000082d,paid,2026-01-13T12:58:00Z
ORD0002094,INV0002094,cust_0094,7410.29,INR,pay000000082e,paid,2026-01-08T09:24:00Z
ORD0002095,INV0002095,cust_0095,1405.12,INR,pay000000082f,paid,2026-01-13T16:57:00Z
ORD0002096,INV0002096,cust_0096,5605.60,INR,pay0000000830,paid,2026-01-03T17:31:00Z
ORD0002097,INV0002097,cust_0097,8056.42,INR,pay0000000831,paid,2026-01-08T17:23:00Z
ORD0002098,INV0002098,cust_0098,6407.25,INR,pay0000000832,paid,2026-01-20T18:58:00Z
ORD0002099,INV0002099,cust_0099,1976.01,INR,pay0000000833,paid,2026-01-02T12:19:00Z
ORD0002100,INV0002100,cust_0100,6863.15,INR,pay0000000834,paid,2026-01-06T19:09:00Z
ORD0002101,INV0002101,cust_0101,8616.69,INR,pay0000000835,paid,2026-01-16T07:16:00Z
ORD0002102,INV0002102,cust_0102,7159.85,INR,pay0000000836,paid,2026-01-17T09:29:00Z
ORD0002103,INV0002103,cust_0103,1068.30,INR,pay0000000837,paid,2026-01-21T18:51:00Z
ORD0002104,INV0002104,cust_0104,6030.97,INR,pay0000000838,paid,2026-01-17T18:43:00Z
ORD0002105,INV0002105,cust_0105,7032.50,INR,pay0000000839,paid,2026-01-13T19:49:00Z
ORD0002106,INV0002106,cust_0106,7786.11,INR,pay000000083a,paid,2026-01-21T09:38:00Z
ORD0002107,INV0002107,cust_0107,4970.50,INR,pay000000083b,paid,2026-01-23T16:54:00Z
ORD0002108,INV0002108,cust_0108,4451.64,INR,pay000000083c,paid,2026-01-18T18:55:00Z
ORD0002109,INV0002109,cust_0109,3539.91,INR,pay000000083d,paid,2026-01-23T14:12:00Z
ORD0002110,INV0002110,cust_0110,4775.90,INR,pay000000083e,paid,2026-01-14T07:29:00Z
ORD0002111,INV0002111,cust_0111,5139.05,INR,pay000000083f,paid,2026-01-15T17:03:00Z
ORD0002112,INV0002112,cust_0112,3543.54,INR,pay0000000840,paid,2026-01-22T15:49:00Z
ORD0002113,INV0002113,cust_0113,3079.84,INR,pay0000000841,paid,2026-01-12T19:01:00Z
ORD0002114,INV0002114,cust_0114,378.45,INR,pay0000000842,paid,2026-01-20T09:22:00Z
ORD0002115,INV0002115,cust_0115,4159.61,INR,pay0000000843,paid,2026-01-08T11:05:00Z
ORD0002116,INV0002116,cust_0116,1521.70,INR,pay0000000844,paid,2026-01-21T21:27:00Z
ORD0002117,INV0002117,cust_0117,7229.60,INR,pay0000000845,paid,2026-01-20T13:58:00Z
ORD0002118,INV0002118,cust_0118,431.15,INR,pay0000000846,paid,2026-01-03T16:23:00Z
ORD0002119,INV0002119,cust_0119,7594.70,INR,pay0000000847,paid,2026-01-21T09:24:00Z
ORD0002120,INV0002120,cust_0120,6681.71,INR,pay0000000848,paid,2026-01-24T15:27:00Z
ORD0002121,INV0002121,cust_0121,7835.41,INR,pay0000000849,paid,2026-01-09T08:53:00Z
ORD0002122,INV0002122,cust_0122,5991.26,INR,pay000000084a,paid,2026-01-09T15:39:00Z
ORD0002123,INV0002123,cust_0123,2560.92,INR,pay000000084b,paid,2026-01-23T07:23:00Z
ORD0002124,INV0002124,cust_0124,9814.20,INR,pay000000084c,paid,2026-01-14T14:47:00Z
ORD0002125,INV0002125,cust_0125,7045.55,INR,pay000000084d,paid,2026-01-02T18:58:00Z
ORD0002126,INV0002126,cust_0126,4274.62,INR,pay000000084e,paid,2026-01-07T06:50:00Z
ORD0002127,INV0002127,cust_0127,4854.04,INR,pay000000084f,paid,2026-01-20T16:06:00Z
ORD0002128,INV0002128,cust_0128,7640.35,INR,pay0000000850,paid,2026-01-23T20:37:00Z
ORD0002129,INV0002129,cust_0129,4084.37,INR,pay0000000851,paid,2026-01-16T06:21:00Z
ORD0002130,INV0002130,cust_0130,4664.69,INR,pay0000000852,paid,2026-01-05T20:54:00Z
ORD0002131,INV0002131,cust_0131,7321.18,INR,pay0000000853,paid,2026-01-06T18:16:00Z
ORD0002132,INV0002132,cust_0132,5995.65,INR,pay0000000854,paid,2026-01-03T21:35:00Z
ORD0002133,INV0002133,cust_0133,5558.17,INR,pay0000000855,paid,2026-01-12T15:18:00Z
ORD0002134,INV0002134,cust_0134,315.00,INR,pay0000000856,paid,2026-01-05T11:39:00Z
ORD0002135,INV0002135,cust_0135,8025.97,INR,pay0000000857,paid,2026-01-01T15:35:00Z
ORD0002136,INV0002136,cust_0136,3940.14,INR,pay0000000858,paid,2026-01-18T10:24:00Z
ORD0002137,INV0002137,cust_0137,1165.06,INR,pay0000000859,paid,2026-01-19T15:11:00Z
ORD0002138,INV0002138,cust_0138,3696.24,INR,pay000000085a,paid,2026-01-25T12:26:00Z
ORD0002139,INV0002139,cust_0139,3813.16,INR,pay000000085b,paid,2026-01-21T09:42:00Z
ORD0002140,INV0002140,cust_0140,5588.75,INR,pay000000085c,paid,2026-01-13T13:54:00Z
ORD0002141,INV0002141,cust_0141,3006.89,INR,pay000000085d,paid,2026-01-27T20:10:00Z
ORD0002142,INV0002142,cust_0142,5590.40,INR,pay000000085e,paid,2026-01-27T16:48:00Z
ORD0002143,INV0002143,cust_0143,1035.99,INR,pay000000085f,paid,2026-01-13T19:26:00Z
ORD0002144,INV0002144,cust_0144,6494.38,INR,pay0000000860,paid,2026-01-08T10:39:00Z
ORD0002145,INV0002145,cust_0145,6291.92,INR,pay0000000861,paid,2026-01-19T19:01:00Z
ORD0002146,INV0002146,cust_0146,5974.60,INR,pay0000000862,paid,2026-01-21T21:43:00Z
ORD0002147,INV0002147,cust_0147,4087.51,INR,pay0000000863,paid,2026-01-18T22:55:00Z
ORD0002148,INV0002148,cust_0148,7586.83,INR,pay0000000864,paid,2026-01-08T11:30:00Z
ORD0002149,INV0002149,cust_0149,3077.13,INR,pay0000000865,paid,2026-01-03T06:13:00Z
ORD0002150,INV0002150,cust_0150,7173.81,INR,pay0000000866,paid,2026-01-20T20:15:00Z
ORD0002151,INV0002151,cust_0151,1170.56,INR,pay0000000867,paid,2026-01-26T16:55:00Z
ORD0002152,INV0002152,cust_0152,737.34,INR,pay0000000868,paid,2026-01-01T07:43:00Z
ORD0002153,INV0002153,cust_0153,4935.50,INR,pay0000000869,paid,2026-01-13T08:50:00Z
ORD0002154,INV0002154,cust_0154,5639.43,INR,pay000000086a,paid,2026-01-04T06:28:00Z
ORD0002155,INV0002155,cust_0155,4182.49,INR,pay000000086b,paid,2026-01-27T07:23:00Z
ORD0002156,INV0002156,cust_0156,4619.21,INR,pay000000086c,paid,2026-01-14T09:06:00Z
ORD0002157,INV0002157,cust_0157,6084.76,INR,pay000000086d,paid,2026-01-25T09:46:00Z
ORD0002158,INV0002158,cust_0158,3568.42,INR,pay000000086e,paid,2026-01-05T13:50:00Z
ORD0002159,INV0002159,cust_0159,3465.57,INR,pay000000086f,paid,2026-01-21T08:29:00Z
ORD0002160,INV0002160,cust_0160,7942.51,INR,pay0000000870,paid,2026-01-09T16:18:00Z
ORD0002161,INV0002161,cust_0161,4727.53,INR,pay0000000871,paid,2026-01-23T14:36:00Z
ORD0002162,INV0002162,cust_0162,5476.25,INR,pay0000000872,paid,2026-01-10T06:14:00Z
ORD0002163,INV0002163,cust_0163,3058.64,INR,pay0000000873,paid,2026-01-10T11:36:00Z
ORD0002164,INV0002164,cust_0164,4617.29,INR,pay0000000874,paid,2026-01-22T15:09:00Z
ORD0002165,INV0002165,cust_0165,3070.33,INR,pay0000000875,paid,2026-01-13T14:40:00Z
ORD0002166,INV0002166,cust_0166,6120.61,INR,pay0000000876,paid,2026-01-10T10:37:00Z
ORD0002167,INV0002167,cust_0167,5337.96,INR,pay0000000877,paid,2026-01-24T22:25:00Z
ORD0002168,INV0002168,cust_0168,3614.34,INR,pay0000000878,paid,2026-01-21T10:37:00Z
ORD0002169,INV0002169,cust_0169,3968.39,INR,pay0000000879,paid,2026-01-16T11:55:00Z
ORD0002170,INV0002170,cust_0170,9412.12,INR,pay000000087a,paid,2026-01-13T06:42:00Z
ORD0002171,INV0002171,cust_0171,2169.56,INR,pay000000087b,paid,2026-01-08T10:17:00Z
ORD0002172,INV0002172,cust_0172,3743.18,INR,pay000000087c,paid,2026-01-16T20:36:00Z
ORD0002173,INV0002173,cust_0173,8873.28,INR,pay000000087d,paid,2026-01-27T22:57:00Z
ORD0002174,INV0002174,cust_0174,349.35,INR,pay000000087e,paid,2026-01-13T09:21:00Z
ORD0002175,INV0002175,cust_0175,5612.30,INR,pay000000087f,paid,2026-01-24T08:51:00Z
ORD0002176,INV0002176,cust_0176,2605.17,INR,pay0000000880,paid,2026-01-08T14:51:00Z
ORD0002177,INV0002177,cust_0177,6829.20,INR,pay0000000881,paid,2026-01-08T13:44:00Z
ORD0002178,INV0002178,cust_0178,6392.27,INR,pay0000000882,paid,2026-01-09T14:05:00Z
ORD0002179,INV0002179,cust_0179,9625.33,INR,pay0000000883,paid,2026-01-03T10:33:00Z
ORD0002180,INV0002180,cust_0180,2562.90,INR,pay0000000884,paid,2026-01-19T21:29:00Z
ORD0002181,INV0002181,cust_0181,540.64,INR,pay0000000885,paid,2026-01-11T08:12:00Z
ORD0002182,INV0002182,cust_0182,4996.59,INR,pay0000000886,paid,2026-01-07T09:34:00Z
ORD0002183,INV0002183,cust_0183,3150.31,INR,pay0000000887,paid,2026-01-19T06:37:00Z
ORD0002184,INV0002184,cust_0184,4646.43,INR,pay0000000888,paid,2026-01-25T12:37:00Z
ORD0002185,INV0002185,cust_0185,10.19,INR,pay0000000889,paid,2026-01-09T19:38:00Z
ORD0002186,INV0002186,cust_0186,3451.03,INR,pay000000088a,paid,2026-01-17T21:32:00Z
ORD0002187,INV0002187,cust_0187,5585.41,INR,pay000000088b,paid,2026-01-08T16:17:00Z
ORD0002188,INV0002188,cust_0188,6568.26,INR,pay000000088c,paid,2026-01-15T09:48:00Z
ORD0002189,INV0002189,cust_0189,4938.61,INR,pay000000088d,paid,2026-01-16T11:11:00Z
ORD0002190,INV0002190,cust_0190,996.61,INR,pay000000088e,paid,2026-01-15T16:40:00Z
ORD0002191,INV0002191,cust_0191,2034.99,INR,pay000000088f,paid,2026-01-25T09:48:00Z
ORD0002192,INV0002192,cust_0192,3207.18,INR,pay0000000890,paid,2026-01-11T22:30:00Z
ORD0002193,INV0002193,cust_0193,2210.07,INR,pay0000000891,paid,2026-01-19T10:20:00Z
ORD0002194,INV0002194,cust_0194,8244.82,INR,pay0000000892,paid,2026-01-06T11:39:00Z
ORD0002195,INV0002195,cust_0195,5420.54,INR,pay0000000893,paid,2026-01-16T19:49:00Z
ORD0002196,INV0002196,cust_0196,2761.23,INR,pay0000000894,paid,2026-01-16T15:23:00Z
ORD0002197,INV0002197,cust_0197,3716.26,INR,pay0000000895,paid,2026-01-27T16:28:00Z
ORD0002198,INV0002198,cust_0198,8002.43,INR,pay0000000896,paid,2026-01-14T06:48:00Z
ORD0002199,INV0002199,cust_0199,3712.89,INR,pay0000000897,paid,2026-01-21T10:29:00Z
ORD0002200,INV0002200,cust_0200,2125.35,INR,pay0000000898,paid,2026-01-07T14:18:00Z
ORD0002201,INV0002201,cust_0201,8298.39,INR,pay0000000899,paid,2026-01-13T16:35:00Z
ORD0002202,INV0002202,cust_0202,6480.54,INR,pay000000089a,paid,2026-01-17T20:54:00Z
ORD0002203,INV0002203,cust_0203,7584.62,INR,pay000000089b,paid,2026-01-16T21:02:00Z
ORD0002204,INV0002204,cust_0204,9535.37,INR,pay000000089c,paid,2026-01-23T21:15:00Z
ORD0002205,INV0002205,cust_0205,626.98,INR,pay000000089d,paid,2026-01-04T07:40:00Z
ORD0002206,INV0002206,cust_0206,4599.06,INR,pay000000089e,paid,2026-01-10T09:30:00Z
ORD0002207,INV0002207,cust_0207,8134.01,INR,pay000000089f,paid,2026-01-24T19:52:00Z
ORD0002208,INV0002208,cust_0208,6024.75,INR,pay00000008a0,paid,2026-01-07T08:28:00Z
ORD0002209,INV0002209,cust_0209,8003.40,INR,pay00000008a1,paid,2026-01-22T14:35:00Z
ORD0002210,INV0002210,cust_0210,1477.90,INR,pay00000008a2,paid,2026-01-25T08:55:00Z
ORD0002211,INV0002211,cust_0211,3792.76,INR,pay00000008a3,paid,2026-01-25T20:47:00Z
ORD0002212,INV0002212,cust_0212,2392.42,INR,pay00000008a4,paid,2026-01-15T17:21:00Z
ORD0002213,INV0002213,cust_0213,7844.68,INR,pay00000008a5,paid,2026-01-01T10:07:00Z
ORD0002214,INV0002214,cust_0214,8457.20,INR,pay00000008a6,paid,2026-01-16T07:53:00Z
ORD0002215,INV0002215,cust_0215,5376.45,INR,pay00000008a7,paid,2026-01-12T06:36:00Z
ORD0002216,INV0002216,cust_0216,9159.91,INR,pay00000008a8,paid,2026-01-26T16:50:00Z
ORD0002217,INV0002217,cust_0217,3504.64,INR,pay00000008a9,paid,2026-01-21T08:47:00Z
ORD0002218,INV0002218,cust_0218,1182.91,INR,pay00000008aa,paid,2026-01-18T11:51:00Z
ORD0002219,INV0002219,cust_0219,4917.02,INR,pay00000008ab,paid,2026-01-20T12:48:00Z
ORD0002220,INV0002220,cust_0220,4888.37,INR,pay00000008ac,paid,2026-01-15T10:41:00Z
ORD0002221,INV0002221,cust_0221,6036.65,INR,pay00000008ad,paid,2026-01-11T20:33:00Z
ORD0002222,INV0002222,cust_0222,4214.67,INR,pay00000008ae,paid,2026-01-19T15:00:00Z
ORD0002223,INV0002223,cust_0223,4483.98,INR,pay00000008af,paid,2026-01-05T14:54:00Z
ORD0002224,INV0002224,cust_0224,3429.85,INR,pay00000008b0,paid,2026-01-18T20:41:00Z
ORD0002225,INV0002225,cust_0225,6028.42,INR,pay00000008b1,paid,2026-01-12T10:12:00Z
ORD0002226,INV0002226,cust_0226,1062.97,INR,pay00000008b2,paid,2026-01-01T07:49:00Z
ORD0002227,INV0002227,cust_0227,731.31,INR,pay00000008b3,paid,2026-01-11T16:59:00Z
ORD0002228,INV0002228,cust_0228,1717.20,INR,pay00000008b4,paid,2026-01-14T14:14:00Z
ORD0002229,INV0002229,cust_0229,1295.90,INR,pay00000008b5,paid,2026-01-27T18:01:00Z
ORD0002230,INV0002230,cust_0230,4690.16,INR,pay00000008b6,paid,2026-01-15T18:12:00Z
ORD0002231,INV0002231,cust_0231,1312.04,INR,pay00000008b7,paid,2026-01-03T11:32:00Z
ORD0002232,INV0002232,cust_0232,7938.59,INR,pay00000008b8,paid,2026-01-07T09:31:00Z
ORD0002233,INV0002233,cust_0233,3327.72,INR,pay00000008b9,paid,2026-01-14T12:13:00Z
ORD0002234,INV0002234,cust_0234,2681.85,INR,pay00000008ba,paid,2026-01-17T09:29:00Z
ORD0002235,INV0002235,cust_0235,4409.16,INR,pay00000008bb,paid,2026-01-13T09:22:00Z
ORD0002236,INV0002236,cust_0236,4557.38,INR,pay00000008bc,paid,2026-01-21T15:14:00Z
ORD0002237,INV0002237,cust_0237,8500.24,INR,pay00000008bd,paid,2026-01-13T21:01:00Z
ORD0002238,INV0002238,cust_0238,5925.04,INR,pay00000008be,paid,2026-01-01T10:33:00Z
ORD0002239,INV0002239,cust_0239,7998.16,INR,pay00000008bf,paid,2026-01-02T07:38:00Z
ORD0002240,INV0002240,cust_0240,4355.29,INR,pay00000008c0,paid,2026-01-27T11:26:00Z
ORD0002241,INV0002241,cust_0241,1592.33,INR,pay00000008c1,paid,2026-01-24T11:23:00Z
ORD0002242,INV0002242,cust_0242,4237.62,INR,pay00000008c2,paid,2026-01-21T17:58:00Z
ORD0002243,INV0002243,cust_0243,8218.16,INR,pay00000008c3,paid,2026-01-01T16:01:00Z
ORD0002244,INV0002244,cust_0244,1518.52,INR,pay00000008c4,paid,2026-01-14T07:34:00Z
ORD0002245,INV0002245,cust_0245,1784.85,INR,pay00000008c5,paid,2026-01-06T09:00:00Z
ORD0002246,INV0002246,cust_0246,1183.71,INR,pay00000008c6,paid,2026-01-16T20:26:00Z
ORD0002247,INV0002247,cust_0247,6330.75,INR,pay00000008c7,paid,2026-01-26T06:19:00Z
ORD0002248,INV0002248,cust_0248,2698.38,INR,pay00000008c8,paid,2026-01-05T16:42:00Z
ORD0002249,INV0002249,cust_0249,7014.01,INR,pay00000008c9,paid,2026-01-23T09:30:00Z
ORD0002250,INV0002250,cust_0250,2304.64,INR,pay00000008ca,paid,2026-01-17T10:51:00Z
ORD0002251,INV0002251,cust_0251,7797.86,INR,pay00000008cb,paid,2026-01-04T18:18:00Z
ORD0002252,INV0002252,cust_0252,2633.47,INR,pay00000008cc,paid,2026-01-06T15:21:00Z
ORD0002253,INV0002253,cust_0253,5456.72,INR,pay00000008cd,paid,2026-01-17T14:48:00Z
ORD0002254,INV0002254,cust_0254,6938.20,INR,pay00000008ce,paid,2026-01-05T07:47:00Z
ORD0002255,INV0002255,cust_0255,1915.21,INR,pay00000008cf,paid,2026-01-01T10:40:00Z
ORD0002256,INV0002256,cust_0256,3386.99,INR,pay00000008d0,paid,2026-01-01T21:30:00Z
ORD0002257,INV0002257,cust_0257,8571.75,INR,pay00000008d1,paid,2026-01-19T18:28:00Z
ORD0002258,INV0002258,cust_0258,5728.96,INR,pay00000008d2,paid,2026-01-15T09:47:00Z
ORD0002259,INV0002259,cust_0259,3541.37,INR,pay00000008d3,paid,2026-01-06T14:21:00Z
ORD0002260,INV0002260,cust_0260,1016.91,INR,pay00000008d4,paid,2026-01-22T16:48:00Z
ORD0002261,INV0002261,cust_0261,271.48,INR,pay00000008d5,paid,2026-01-18T10:06:00Z
ORD0002262,INV0002262,cust_0262,1266.20,INR,pay00000008d6,paid,2026-01-18T15:08:00Z
ORD0002263,INV0002263,cust_0263,5806.75,INR,pay00000008d7,paid,2026-01-03T22:11:00Z
ORD0002264,INV0002264,cust_0264,8813.17,INR,pay00000008d8,paid,2026-01-22T13:49:00Z
ORD0002265,INV0002265,cust_0265,3716.29,INR,pay00000008d9,paid,2026-01-17T10:36:00Z
ORD0002266,INV0002266,cust_0266,5661.61,INR,pay00000008da,paid,2026-01-08T22:10:00Z
ORD0002267,INV0002267,cust_0267,6656.24,INR,pay00000008db,paid,2026-01-20T13:53:00Z
ORD0002268,INV0002268,cust_0268,6397.80,INR,pay00000008dc,paid,2026-01-14T12:17:00Z
ORD0002269,INV0002269,cust_0269,9452.21,INR,pay00000008dd,paid,2026-01-17T19:57:00Z
ORD0002270,INV0002270,cust_0270,7570.97,INR,pay00000008de,paid,2026-01-10T06:04:00Z
ORD0002271,INV0002271,cust_0271,2193.95,INR,pay00000008df,paid,2026-01-24T08:03:00Z
ORD0002272,INV0002272,cust_0272,8628.92,INR,pay00000008e0,paid,2026-01-06T13:25:00Z
ORD0002273,INV0002273,cust_0273,2032.64,INR,pay00000008e1,paid,2026-01-08T17:04:00Z
ORD0002274,INV0002274,cust_0274,4214.40,INR,pay00000008e2,paid,2026-01-04T10:13:00Z
ORD0002275,INV0002275,cust_0275,7980.30,INR,pay00000008e3,paid,2026-01-11T06:40:00Z
ORD0002276,INV0002276,cust_0276,1080.96,INR,pay00000008e4,paid,2026-01-25T21:14:00Z
ORD0002277,INV0002277,cust_0277,1314.29,INR,pay00000008e5,paid,2026-01-18T20:09:00Z
ORD0002278,INV0002278,cust_0278,9961.10,INR,pay00000008e6,paid,2026-01-02T18:53:00Z
ORD0002279,INV0002279,cust_0279,4470.99,INR,pay00000008e7,paid,2026-01-19T11:56:00Z
ORD0002280,INV0002280,cust_0280,2360.45,INR,pay00000008e8,paid,2026-01-17T09:05:00Z
ORD0002281,INV0002281,cust_0281,9076.07,INR,pay00000008e9,paid,2026-01-12T13:55:00Z
ORD0002282,INV0002282,cust_0282,4539.85,INR,pay00000008ea,paid,2026-01-14T07:40:00Z
ORD0002283,INV0002283,cust_0283,7685.21,INR,pay00000008eb,paid,2026-01-09T14:40:00Z
ORD0002284,INV0002284,cust_0284,8774.20,INR,pay00000008ec,paid,2026-01-09T17:05:00Z
ORD0002285,INV0002285,cust_0285,5096.34,INR,pay00000008ed,paid,2026-01-08T21:14:00Z
ORD0002286,INV0002286,cust_0286,1095.15,INR,pay00000008ee,paid,2026-01-25T21:35:00Z
ORD0002287,INV0002287,cust_0287,5446.76,INR,pay00000008ef,paid,2026-01-22T18:02:00Z
ORD0002288,INV0002288,cust_0288,8326.49,INR,pay00000008f0,paid,2026-01-21T09:36:00Z
ORD0002289,INV0002289,cust_0289,2507.05,INR,pay00000008f1,paid,2026-01-12T19:52:00Z
ORD0002290,INV0002290,cust_0290,8269.20,INR,pay00000008f2,paid,2026-01-15T20:36:00Z
ORD0002291,INV0002291,cust_0291,8531.60,INR,pay00000008f3,paid,2026-01-26T19:42:00Z
ORD0002292,INV0002292,cust_0292,258.17,INR,pay00000008f4,paid,2026-01-21T16:06:00Z
ORD0002293,INV0002293,cust_0293,7649.72,INR,pay00000008f5,paid,2026-01-15T14:22:00Z
ORD0002294,INV0002294,cust_0294,2612.81,INR,pay00000008f6,paid,2026-01-09T20:50:00Z
ORD0002295,INV0002295,cust_0295,6661.43,INR,pay00000008f7,paid,2026-01-09T11:13:00Z
ORD0002296,INV0002296,cust_0296,7771.85,INR,pay00000008f8,paid,2026-01-13T17:49:00Z
ORD0002297,INV0002297,cust_0297,3504.76,INR,pay00000008f9,paid,2026-01-12T13:20:00Z
ORD0002298,INV0002298,cust_0298,953.25,INR,pay00000008fa,paid,2026-01-21T18:20:00Z
ORD0002299,INV0002299,cust_0299,7938.15,INR,pay00000008fb,paid,2026-01-13T12:16:00Z
ORD0002300,INV0002300,cust_0300,8455.44,INR,pay00000008fc,paid,2026-01-15T17:48:00Z
ORD0002301,INV0002301,cust_0301,1173.95,INR,pay00000008fd,paid,2026-01-07T15:58:00Z
ORD0002302,INV0002302,cust_0302,5876.19,INR,pay00000008fe,paid,2026-01-18T11:25:00Z
ORD0002303,INV0002303,cust_0303,954.40,INR,pay00000008ff,paid,2026-01-23T18:54:00Z
ORD0002304,INV0002304,cust_0304,5592.10,INR,pay0000000900,paid,2026-01-12T18:08:00Z
ORD0002305,INV0002305,cust_0305,7725.48,INR,pay0000000901,paid,2026-01-27T15:39:00Z
ORD0002306,INV0002306,cust_0306,2362.45,INR,pay0000000902,paid,2026-01-15T07:15:00Z
ORD0002307,INV0002307,cust_0307,2875.87,INR,pay0000000903,paid,2026-01-01T21:14:00Z
ORD0002308,INV0002308,cust_0308,2373.02,INR,pay0000000904,paid,2026-01-15T12:09:00Z
ORD0002309,INV0002309,cust_0309,222.83,INR,pay0000000905,paid,2026-01-20T21:53:00Z
ORD0002310,INV0002310,cust_0310,5961.81,INR,pay0000000906,paid,2026-01-07T19:11:00Z
ORD0002311,INV0002311,cust_0311,6039.10,INR,pay0000000907,paid,2026-01-13T14:45:00Z
ORD0002312,INV0002312,cust_0312,3827.21,INR,pay0000000908,paid,2026-01-08T16:34:00Z
ORD0002313,INV0002313,cust_0313,1415.25,INR,pay0000000909,paid,2026-01-11T13:50:00Z
ORD0002314,INV0002314,cust_0314,9625.46,INR,pay000000090a,paid,2026-01-26T22:45:00Z
ORD0002315,INV0002315,cust_0315,8469.66,INR,pay000000090b,paid,2026-01-27T13:46:00Z
ORD0002316,INV0002316,cust_0316,2353.43,INR,pay000000090c,paid,2026-01-15T14:36:00Z
ORD0002317,INV0002317,cust_0317,5217.81,INR,pay000000090d,paid,2026-01-19T19:04:00Z
ORD0002318,INV0002318,cust_0318,5866.49,INR,pay000000090e,paid,2026-01-21T07:57:00Z
ORD0002319,INV0002319,cust_0319,1555.63,INR,pay000000090f,paid,2026-01-03T17:04:00Z
ORD0002320,INV0002320,cust_0320,9938.69,INR,pay0000000910,paid,2026-01-24T06:45:00Z
ORD0002321,INV0002321,cust_0321,8019.94,INR,pay0000000911,paid,2026-01-05T18:13:00Z
ORD0002322,INV0002322,cust_0322,7315.73,INR,pay0000000912,paid,2026-01-22T15:21:00Z
ORD0002323,INV0002323,cust_0323,5331.29,INR,pay0000000913,paid,2026-01-14T10:49:00Z
ORD0002324,INV0002324,cust_0324,76.04,INR,pay0000000914,paid,2026-01-20T07:45:00Z
ORD0002325,INV0002325,cust_0325,6441.68,INR,pay0000000915,paid,2026-01-03T22:26:00Z
ORD0002326,INV0002326,cust_0326,2613.85,INR,pay0000000916,paid,2026-01-20T11:53:00Z
ORD0002327,INV0002327,cust_0327,5195.18,INR,pay0000000917,paid,2026-01-24T09:21:00Z
ORD0002328,INV0002328,cust_0328,6023.85,INR,pay0000000918,paid,2026-01-23T18:51:00Z
ORD0002329,INV0002329,cust_0329,1457.37,INR,pay0000000919,paid,2026-01-11T11:06:00Z
ORD0002330,INV0002330,cust_0330,4517.66,INR,pay000000091a,paid,2026-01-09T21:05:00Z
ORD0002331,INV0002331,cust_0331,2381.49,INR,pay000000091b,paid,2026-01-12T08:21:00Z
ORD0002332,INV0002332,cust_0332,218.91,INR,pay000000091c,paid,2026-01-20T07:35:00Z
ORD0002333,INV0002333,cust_0333,5553.23,INR,pay000000091d,paid,2026-01-01T06:20:00Z
ORD0002334,INV0002334,cust_0334,3935.44,INR,pay000000091e,paid,2026-01-03T11:12:00Z
ORD0002335,INV0002335,cust_0335,5617.12,INR,pay000000091f,paid,2026-01-07T17:06:00Z
ORD0002336,INV0002336,cust_0336,6023.66,INR,pay0000000920,paid,2026-01-06T20:45:00Z
ORD0002337,INV0002337,cust_0337,8592.78,INR,pay0000000921,paid,2026-01-15T06:39:00Z
ORD0002338,INV0002338,cust_0338,8326.99,INR,pay0000000922,paid,2026-01-04T15:59:00Z
ORD0002339,INV0002339,cust_0339,1896.80,INR,pay0000000923,paid,2026-01-19T22:10:00Z
ORD0002340,INV0002340,cust_0340,1632.94,INR,pay0000000924,paid,2026-01-20T16:29:00Z
ORD0002341,INV0002341,cust_0341,8226.49,INR,pay0000000925,paid,2026-01-15T09:42:00Z
ORD0002342,INV0002342,cust_0342,3839.57,INR,pay0000000926,paid,2026-01-05T13:52:00Z
ORD0002343,INV0002343,cust_0343,441.10,INR,pay0000000927,paid,2026-01-12T07:58:00Z
ORD0002344,INV0002344,cust_0344,6962.43,INR,pay0000000928,paid,2026-01-21T16:58:00Z
ORD0002345,INV0002345,cust_0345,5582.64,INR,pay0000000929,paid,2026-01-17T18:48:00Z
ORD0002346,INV0002346,cust_0346,1425.56,INR,pay000000092a,paid,2026-01-15T12:18:00Z
ORD0002347,INV0002347,cust_0347,3958.83,INR,pay000000092b,paid,2026-01-03T21:01:00Z
ORD0002348,INV0002348,cust_0348,5081.20,INR,pay000000092c,paid,2026-01-20T18:19:00Z
ORD0002349,INV0002349,cust_0349,7333.51,INR,pay000000092d,paid,2026-01-02T22:53:00Z
ORD0002350,INV0002350,cust_0350,3225.38,INR,pay000000092e,paid,2026-01-19T11:41:00Z
ORD0002351,INV0002351,cust_0351,500.00,INR,pay000000092f,paid,2026-01-10T18:12:00Z
ORD0002352,INV0002352,cust_0352,7749.15,INR,pay0000000930,paid,2026-01-17T22:54:00Z
ORD0002353,INV0002353,cust_0353,7336.46,INR,pay0000000931,paid,2026-01-02T12:06:00Z
ORD0002354,INV0002354,cust_0354,7475.16,INR,pay0000000932,paid,2026-01-11T08:45:00Z
ORD0002355,INV0002355,cust_0355,6720.30,INR,pay0000000933,paid,2026-01-20T06:02:00Z
ORD0002356,INV0002356,cust_0356,1224.81,INR,pay0000000934,paid,2026-01-10T06:57:00Z
ORD0002357,INV0002357,cust_0357,4093.56,INR,pay0000000935,paid,2026-01-27T13:23:00Z
ORD0002358,INV0002358,cust_0358,6283.36,INR,pay0000000936,paid,2026-01-08T14:56:00Z
ORD0002359,INV0002359,cust_0359,9464.07,INR,pay0000000937,paid,2026-01-21T15:13:00Z
ORD0002360,INV0002360,cust_0360,112.24,INR,pay0000000938,paid,2026-01-14T19:24:00Z
ORD0002361,INV0002361,cust_0361,5124.32,INR,pay0000000939,paid,2026-01-09T06:40:00Z
ORD0002362,INV0002362,cust_0362,6956.67,INR,pay000000093a,paid,2026-01-23T13:04:00Z
ORD0002363,INV0002363,cust_0363,702.30,INR,pay000000093b,paid,2026-01-06T16:10:00Z
ORD0002364,INV0002364,cust_0364,7502.56,INR,pay000000093c,paid,2026-01-23T18:18:00Z
ORD0002365,INV0002365,cust_0365,5983.01,INR,pay000000093d,paid,2026-01-09T09:48:00Z
ORD0002366,INV0002366,cust_0366,9274.69,INR,pay000000093e,paid,2026-01-07T08:35:00Z
ORD0002367,INV0002367,cust_0367,379.29,INR,pay000000093f,paid,2026-01-16T21:06:00Z
ORD0002368,INV0002368,cust_0368,8000.82,INR,pay0000000940,paid,2026-01-23T08:15:00Z
ORD0002369,INV0002369,cust_0369,7747.12,INR,pay0000000941,paid,2026-01-05T20:38:00Z
ORD0002370,INV0002370,cust_0370,1986.48,INR,pay0000000942,paid,2026-01-25T12:46:00Z
ORD0002371,INV0002371,cust_0371,9951.68,INR,pay0000000943,paid,2026-01-05T16:55:00Z
ORD0002372,INV0002372,cust_0372,2108.96,INR,pay0000000944,paid,2026-01-21T07:25:00Z
ORD0002373,INV0002373,cust_0373,5306.54,INR,pay0000000945,paid,2026-01-03T13:11:00Z
ORD0002374,INV0002374,cust_0374,7567.13,INR,pay0000000946,paid,2026-01-15T06:55:00Z
ORD0002375,INV0002375,cust_0375,6313.86,INR,pay0000000947,paid,2026-01-17T15:35:00Z
ORD0002376,INV0002376,cust_0376,3334.79,INR,pay0000000948,paid,2026-01-02T09:43:00Z
ORD0002377,INV0002377,cust_0377,188.10,INR,pay0000000949,paid,2026-01-20T11:46:00Z
ORD0002378,INV0002378,cust_0378,2455.12,INR,pay000000094a,paid,2026-01-01T18:00:00Z
ORD0002379,INV0002379,cust_0379,8065.35,INR,pay000000094b,paid,2026-01-19T09:54:00Z
ORD0002380,INV0002380,cust_0380,780.14,INR,pay000000094c,paid,2026-01-01T21:59:00Z
ORD0002381,INV0002381,cust_0381,6464.74,INR,pay000000094d,paid,2026-01-13T20:58:00Z
ORD0002382,INV0002382,cust_0382,6428.66,INR,pay000000094e,paid,2026-01-09T17:40:00Z
ORD0002383,INV0002383,cust_0383,1610.76,INR,pay000000094f,paid,2026-01-15T17:14:00Z
ORD0002384,INV0002384,cust_0384,1833.22,INR,pay0000000950,paid,2026-01-13T14:56:00Z
ORD0002385,INV0002385,cust_0385,4532.08,INR,pay0000000951,paid,2026-01-26T15:09:00Z
ORD0002386,INV0002386,cust_0386,9230.42,INR,pay0000000952,paid,2026-01-18T13:25:00Z
ORD0002387,INV0002387,cust_0387,4260.04,INR,pay0000000953,paid,2026-01-14T19:29:00Z
ORD0002388,INV0002388,cust_0388,4078.11,INR,pay0000000954,paid,2026-01-15T17:21:00Z
ORD0002389,INV0002389,cust_0389,5561.78,INR,pay0000000955,paid,2026-01-07T13:13:00Z
ORD0002390,INV0002390,cust_0390,9945.55,INR,pay0000000956,paid,2026-01-24T17:57:00Z
ORD0002391,INV0002391,cust_0391,8310.54,INR,pay0000000957,paid,2026-01-14T17:41:00Z
ORD0002392,INV0002392,cust_0392,4935.74,INR,pay0000000958,paid,2026-01-04T20:19:00Z
ORD0002393,INV0002393,cust_0393,5789.92,INR,pay0000000959,paid,2026-01-06T18:59:00Z
ORD0002394,INV0002394,cust_0394,4649.98,INR,pay000000095a,paid,2026-01-01T12:24:00Z
ORD0002395,INV0002395,cust_0395,7827.08,INR,pay000000095b,paid,2026-01-22T10:41:00Z
ORD0002396,INV0002396,cust_0396,2079.18,INR,pay000000095c,paid,2026-01-05T19:20:00Z
ORD0002397,INV0002397,cust_0397,1373.96,INR,pay000000095d,paid,2026-01-25T21:20:00Z
ORD0002398,INV0002398,cust_0398,6590.95,INR,pay000000095e,paid,2026-01-02T09:50:00Z
ORD0002399,INV0002399,cust_0399,9121.98,INR,pay000000095f,paid,2026-01-02T16:54:00Z
ORD0002400,INV0002400,cust_0400,3745.23,INR,pay0000000960,paid,2026-01-07T10:13:00Z
ORD0002401,INV0002401,cust_0401,9539.13,INR,pay0000000961,paid,2026-01-11T20:30:00Z
ORD0002402,INV0002402,cust_0402,1069.29,INR,pay0000000962,paid,2026-01-26T11:57:00Z
ORD0002403,INV0002403,cust_0403,5586.62,INR,pay0000000963,paid,2026-01-20T19:10:00Z
ORD0002404,INV0002404,cust_0404,7343.59,INR,pay0000000964,paid,2026-01-09T13:07:00Z
ORD0002405,INV0002405,cust_0405,1022.84,INR,pay0000000965,paid,2026-01-25T07:08:00Z
ORD0002406,INV0002406,cust_0406,1792.38,INR,pay0000000966,paid,2026-01-25T06:37:00Z
ORD0002407,INV0002407,cust_0407,6138.02,INR,pay0000000967,paid,2026-01-19T11:28:00Z
ORD0002408,INV0002408,cust_0408,5948.15,INR,pay0000000968,paid,2026-01-12T16:05:00Z
ORD0002409,INV0002409,cust_0409,6548.44,INR,pay0000000969,paid,2026-01-10T18:58:00Z
ORD0002410,INV0002410,cust_0410,8298.89,INR,pay000000096a,paid,2026-01-22T12:40:00Z
ORD0002411,INV0002411,cust_0411,9953.48,INR,pay000000096b,paid,2026-01-26T08:22:00Z
ORD0002412,INV0002412,cust_0412,1777.72,INR,pay000000096c,paid,2026-01-12T14:12:00Z
ORD0002413,INV0002413,cust_0413,9487.06,INR,pay000000096d,paid,2026-01-01T21:20:00Z
ORD0002414,INV0002414,cust_0414,7350.43,INR,pay000000096e,paid,2026-01-10T14:28:00Z
ORD0002415,INV0002415,cust_0415,4808.39,INR,pay000000096f,paid,2026-01-22T08:21:00Z
ORD0002416,INV0002416,cust_0416,9720.53,INR,pay0000000970,paid,2026-01-20T06:47:00Z
ORD0002417,INV0002417,cust_0417,2098.40,INR,pay0000000971,paid,2026-01-16T18:24:00Z
ORD0002418,INV0002418,cust_0418,3524.38,INR,pay0000000972,paid,2026-01-12T22:54:00Z
ORD0002419,INV0002419,cust_0419,1392.68,INR,pay0000000973,paid,2026-01-12T14:35:00Z
ORD0002420,INV0002420,cust_0420,878.52,INR,pay0000000974,paid,2026-01-15T08:51:00Z
ORD0002421,INV0002421,cust_0421,9398.34,INR,pay0000000975,paid,2026-01-04T06:51:00Z
ORD0002422,INV0002422,cust_0422,1862.10,INR,pay0000000976,paid,2026-01-12T08:09:00Z
ORD0002423,INV0002423,cust_0423,9061.45,INR,pay0000000977,paid,2026-01-03T06:46:00Z
ORD0002424,INV0002424,cust_0424,6479.54,INR,pay0000000978,paid,2026-01-03T10:37:00Z
ORD0002425,INV0002425,cust_0425,3474.74,INR,pay0000000979,paid,2026-01-26T09:39:00Z
ORD0002426,INV0002426,cust_0426,2097.13,INR,pay000000097a,paid,2026-01-24T08:11:00Z
ORD0002427,INV0002427,cust_0427,2209.30,INR,pay000000097b,paid,2026-01-02T08:24:00Z
ORD0002428,INV0002428,cust_0428,8577.64,INR,pay000000097c,paid,2026-01-07T21:38:00Z
ORD0002429,INV0002429,cust_0429,7676.01,INR,pay000000097d,paid,2026-01-22T07:28:00Z
ORD0002430,INV0002430,cust_0430,2078.24,INR,pay000000097e,paid,2026-01-09T10:56:00Z
ORD0002431,INV0002431,cust_0431,7344.68,INR,pay000000097f,paid,2026-01-04T08:12:00Z
ORD0002432,INV0002432,cust_0432,2392.77,INR,pay0000000980,paid,2026-01-06T18:40:00Z
ORD0002433,INV0002433,cust_0433,5317.65,INR,pay0000000981,paid,2026-01-21T15:13:00Z
ORD0002434,INV0002434,cust_0434,7716.68,INR,pay0000000982,paid,2026-01-08T22:00:00Z
ORD0002435,INV0002435,cust_0435,1695.97,INR,pay0000000983,paid,2026-01-03T07:04:00Z
ORD0002436,INV0002436,cust_0436,638.38,INR,pay0000000984,paid,2026-01-20T19:05:00Z
ORD0002437,INV0002437,cust_0437,3343.64,INR,pay0000000985,paid,2026-01-19T17:44:00Z
ORD0002438,INV0002438,cust_0438,695.78,INR,pay0000000986,paid,2026-01-19T14:46:00Z
ORD0002439,INV0002439,cust_0439,8508.58,INR,pay0000000987,paid,2026-01-16T17:31:00Z
ORD0002440,INV0002440,cust_0440,7816.56,INR,pay0000000988,paid,2026-01-07T13:37:00Z
ORD0002441,INV0002441,cust_0441,4301.35,INR,pay0000000989,paid,2026-01-15T20:20:00Z
ORD0002442,INV0002442,cust_0442,4874.50,INR,pay000000098a,paid,2026-01-15T10:09:00Z
ORD0002443,INV0002443,cust_0443,261.68,INR,pay000000098b,paid,2026-01-05T16:24:00Z
ORD0002444,INV0002444,cust_0444,151.27,INR,pay000000098c,paid,2026-01-14T11:09:00Z
ORD0002445,INV0002445,cust_0445,176.85,INR,pay000000098d,paid,2026-01-13T21:09:00Z
ORD0002446,INV0002446,cust_0446,5219.80,INR,pay000000098e,paid,2026-01-13T11:19:00Z
ORD0002447,INV0002447,cust_0447,5106.68,INR,pay000000098f,paid,2026-01-20T21:27:00Z
ORD0002448,INV0002448,cust_0448,6986.30,INR,pay0000000990,paid,2026-01-02T17:06:00Z
ORD0002449,INV0002449,cust_0449,6378.43,INR,pay0000000991,paid,2026-01-10T10:15:00Z
ORD0002450,INV0002450,cust_0450,4370.69,INR,pay0000000992,paid,2026-01-16T06:19:00Z
ORD0002451,INV0002451,cust_0451,3262.00,INR,pay0000000993,paid,2026-01-22T19:39:00Z
ORD0002452,INV0002452,cust_0452,2960.90,INR,pay0000000994,paid,2026-01-11T17:51:00Z
ORD0002453,INV0002453,cust_0453,4970.24,INR,pay0000000995,paid,2026-01-03T06:28:00Z
ORD0002454,INV0002454,cust_0454,9909.60,INR,pay0000000996,paid,2026-01-11T13:58:00Z
ORD0002455,INV0002455,cust_0455,5824.55,INR,pay0000000997,paid,2026-01-11T16:44:00Z
ORD0002456,INV0002456,cust_0456,8200.61,INR,pay0000000998,paid,2026-01-21T13:45:00Z
ORD0002457,INV0002457,cust_0457,8599.72,INR,pay0000000999,paid,2026-01-08T21:36:00Z
ORD0002458,INV0002458,cust_0458,9240.10,INR,pay000000099a,paid,2026-01-04T18:48:00Z
ORD0002459,INV0002459,cust_0459,5554.43,INR,pay000000099b,paid,2026-01-16T20:38:00Z
ORD0002460,INV0002460,cust_0460,8302.18,INR,pay000000099c,paid,2026-01-25T14:45:00Z
ORD0002461,INV0002461,cust_0461,623.88,INR,pay000000099d,paid,2026-01-16T13:14:00Z
ORD0002462,INV0002462,cust_0462,8654.04,INR,pay000000099e,paid,2026-01-20T21:35:00Z
ORD0002463,INV0002463,cust_0463,5087.42,INR,pay000000099f,paid,2026-01-11T12:52:00Z
ORD0002464,INV0002464,cust_0464,6271.15,INR,pay00000009a0,paid,2026-01-20T09:18:00Z
ORD0002465,INV0002465,cust_0465,2049.12,INR,pay00000009a1,paid,2026-01-17T22:18:00Z
ORD0002466,INV0002466,cust_0466,8588.50,INR,pay00000009a2,paid,2026-01-01T15:16:00Z
ORD0002467,INV0002467,cust_0467,307.21,INR,pay00000009a3,paid,2026-01-21T19:05:00Z
ORD0002468,INV0002468,cust_0468,1552.85,INR,pay00000009a4,paid,2026-01-15T18:35:00Z
ORD0002469,INV0002469,cust_0469,3298.44,INR,pay00000009a5,paid,2026-01-04T14:29:00Z
ORD0002470,INV0002470,cust_0470,4758.54,INR,pay00000009a6,paid,2026-01-10T11:37:00Z
ORD0002471,INV0002471,cust_0471,1304.34,INR,pay00000009a7,paid,2026-01-02T16:35:00Z
ORD0002472,INV0002472,cust_0472,8727.10,INR,pay00000009a8,paid,2026-01-24T18:35:00Z
ORD0002473,INV0002473,cust_0473,4152.51,INR,pay00000009a9,paid,2026-01-06T16:39:00Z
ORD0002474,INV0002474,cust_0474,7937.38,INR,pay00000009aa,paid,2026-01-19T07:56:00Z
ORD0002475,INV0002475,cust_0475,7488.31,INR,pay00000009ab,paid,2026-01-05T21:04:00Z
ORD0002476,INV0002476,cust_0476,5486.75,INR,pay00000009ac,paid,2026-01-06T13:05:00Z
ORD0002477,INV0002477,cust_0477,4331.86,INR,pay00000009ad,paid,2026-01-11T08:31:00Z
ORD0002478,INV0002478,cust_0478,7288.26,INR,pay00000009ae,paid,2026-01-05T08:52:00Z
ORD0002479,INV0002479,cust_0479,8003.16,INR,pay00000009af,paid,2026-01-09T13:15:00Z
ORD0002480,INV0002480,cust_0480,2369.74,INR,pay00000009b0,paid,2026-01-16T07:02:00Z
ORD0002481,INV0002481,cust_0481,9132.67,INR,pay00000009b1,paid,2026-01-05T22:20:00Z
ORD0002482,INV0002482,cust_0482,7033.21,INR,pay00000009b2,paid,2026-01-13T06:32:00Z
ORD0002483,INV0002483,cust_0483,5772.49,INR,pay00000009b3,paid,2026-01-03T07:12:00Z
ORD0002484,INV0002484,cust_0484,6115.46,INR,pay00000009b4,paid,2026-01-16T06:22:00Z
ORD0002485,INV0002485,cust_0485,3864.99,INR,pay00000009b5,paid,2026-01-17T11:25:00Z
ORD0002486,INV0002486,cust_0486,9601.57,INR,pay00000009b6,paid,2026-01-21T15:17:00Z
ORD0002487,INV0002487,cust_0487,1681.28,INR,pay00000009b7,paid,2026-01-27T12:48:00Z
ORD0002488,INV0002488,cust_0488,3434.45,INR,pay00000009b8,paid,2026-01-09T18:07:00Z
ORD0002489,INV0002489,cust_0489,4676.86,INR,pay00000009b9,paid,2026-01-20T22:49:00Z
ORD0002490,INV0002490,cust_0490,441.83,INR,pay00000009ba,paid,2026-01-13T09:47:00Z
ORD0002491,INV0002491,cust_0491,7719.40,INR,pay00000009bb,paid,2026-01-24T15:53:00Z
ORD0002492,INV0002492,cust_0492,8580.88,INR,pay00000009bc,paid,2026-01-10T17:29:00Z
ORD0002493,INV0002493,cust_0493,9278.40,INR,pay00000009bd,paid,2026-01-27T14:13:00Z
ORD0002494,INV0002494,cust_0494,2274.36,INR,pay00000009be,paid,2026-01-27T11:55:00Z
ORD0002495,INV0002495,cust_0495,7554.14,INR,pay00000009bf,paid,2026-01-13T16:29:00Z
ORD0002496,INV0002496,cust_0496,9660.48,INR,pay00000009c0,paid,2026-01-16T21:35:00Z
ORD0002497,INV0002497,cust_0497,6999.25,INR,pay00000009c1,paid,2026-01-08T08:39:00Z
ORD0002498,INV0002498,cust_0498,6498.58,INR,pay00000009c2,paid,2026-01-02T06:17:00Z
ORD0002499,INV0002499,cust_0499,7646.47,INR,pay00000009c3,paid,2026-01-19T11:06:00Z
ORD0002500,INV0002500,cust_0000,2005.53,INR,pay00000009c4,paid,2026-01-14T17:04:00Z
ORD0002501,INV0002501,cust_0001,3124.19,INR,pay00000009c5,paid,2026-01-25T07:57:00Z
ORD0002502,INV0002502,cust_0002,4796.23,INR,pay00000009c6,paid,2026-01-26T12:07:00Z
ORD0002503,INV0002503,cust_0003,9778.18,INR,pay00000009c7,paid,2026-01-16T11:00:00Z
ORD0002504,INV0002504,cust_0004,4778.58,INR,pay00000009c8,paid,2026-01-19T14:17:00Z
ORD0002505,INV0002505,cust_0005,7674.64,INR,pay00000009c9,paid,2026-01-23T10:13:00Z
ORD0002506,INV0002506,cust_0006,318.50,INR,pay00000009ca,paid,2026-01-02T21:27:00Z
ORD0002507,INV0002507,cust_0007,144.13,INR,pay00000009cb,paid,2026-01-19T07:42:00Z
ORD0002508,INV0002508,cust_0008,7542.90,INR,pay00000009cc,paid,2026-01-16T12:51:00Z
ORD0002509,INV0002509,cust_0009,9148.49,INR,pay00000009cd,paid,2026-01-07T13:44:00Z
ORD0002510,INV0002510,cust_0010,467.66,INR,pay00000009ce,paid,2026-01-19T19:35:00Z
ORD0002511,INV0002511,cust_0011,7508.28,INR,pay00000009cf,paid,2026-01-24T07:18:00Z
ORD0002512,INV0002512,cust_0012,4789.20,INR,pay00000009d0,paid,2026-01-27T21:34:00Z
ORD0002513,INV0002513,cust_0013,3898.07,INR,pay00000009d1,paid,2026-01-24T10:20:00Z
ORD0002514,INV0002514,cust_0014,6088.96,INR,pay00000009d2,paid,2026-01-13T17:29:00Z
ORD0002515,INV0002515,cust_0015,7058.32,INR,pay00000009d3,paid,2026-01-25T21:43:00Z
ORD0002516,INV0002516,cust_0016,4531.82,INR,pay00000009d4,paid,2026-01-03T14:56:00Z
ORD0002517,INV0002517,cust_0017,6773.18,INR,pay00000009d5,paid,2026-01-15T20:48:00Z
ORD0002518,INV0002518,cust_0018,3606.37,INR,pay00000009d6,paid,2026-01-17T10:38:00Z
ORD0002519,INV0002519,cust_0019,7814.73,INR,pay00000009d7,paid,2026-01-06T10:52:00Z
ORD0002520,INV0002520,cust_0020,1178.14,INR,pay00000009d8,paid,2026-01-17T07:33:00Z
ORD0002521,INV0002521,cust_0021,6974.22,INR,pay00000009d9,paid,2026-01-06T13:43:00Z
ORD0002522,INV0002522,cust_0022,3417.98,INR,pay00000009da,paid,2026-01-24T17:35:00Z
ORD0002523,INV0002523,cust_0023,4123.80,INR,pay00000009db,paid,2026-01-08T17:47:00Z
ORD0002524,INV0002524,cust_0024,6756.80,INR,pay00000009dc,paid,2026-01-15T10:53:00Z
ORD0002525,INV0002525,cust_0025,9370.70,INR,pay00000009dd,paid,2026-01-26T22:51:00Z
ORD0002526,INV0002526,cust_0026,762.14,INR,pay00000009de,paid,2026-01-23T15:15:00Z
ORD0002527,INV0002527,cust_0027,5687.93,INR,pay00000009df,paid,2026-01-21T09:52:00Z
ORD0002528,INV0002528,cust_0028,8683.60,INR,pay00000009e0,paid,2026-01-25T08:04:00Z
ORD0002529,INV0002529,cust_0029,4429.12,INR,pay00000009e1,paid,2026-01-12T18:00:00Z
ORD0002530,INV0002530,cust_0030,4070.82,INR,pay00000009e2,paid,2026-01-12T12:19:00Z
ORD0002531,INV0002531,cust_0031,5021.80,INR,pay00000009e3,paid,2026-01-21T07:43:00Z
ORD0002532,INV0002532,cust_0032,3690.71,INR,pay00000009e4,paid,2026-01-01T14:44:00Z
ORD0002533,INV0002533,cust_0033,8076.80,INR,pay00000009e5,paid,2026-01-04T19:44:00Z
ORD0002534,INV0002534,cust_0034,9957.26,INR,pay00000009e6,paid,2026-01-22T21:01:00Z
ORD0002535,INV0002535,cust_0035,7964.21,INR,pay00000009e7,paid,2026-01-03T21:16:00Z
ORD0002536,INV0002536,cust_0036,6624.64,INR,pay00000009e8,paid,2026-01-04T20:24:00Z
ORD0002537,INV0002537,cust_0037,4925.75,INR,pay00000009e9,paid,2026-01-02T16:19:00Z
ORD0002538,INV0002538,cust_0038,4310.52,INR,pay00000009ea,paid,2026-01-04T06:43:00Z
ORD0002539,INV0002539,cust_0039,8192.64,INR,pay00000009eb,paid,2026-01-01T22:28:00Z
ORD0002540,INV0002540,cust_0040,2885.86,INR,pay00000009ec,paid,2026-01-23T18:51:00Z
ORD0002541,INV0002541,cust_0041,1238.84,INR,pay00000009ed,paid,2026-01-23T22:31:00Z
ORD0002542,INV0002542,cust_0042,1711.51,INR,pay00000009ee,paid,2026-01-02T15:38:00Z
ORD0002543,INV0002543,cust_0043,8785.50,INR,pay00000009ef,paid,2026-01-03T12:30:00Z
ORD0002544,INV0002544,cust_0044,9498.91,INR,pay00000009f0,paid,2026-01-06T18:02:00Z
ORD0002545,INV0002545,cust_0045,9081.11,INR,pay00000009f1,paid,2026-01-22T21:14:00Z
ORD0002546,INV0002546,cust_0046,9945.93,INR,pay00000009f2,paid,2026-01-04T09:10:00Z
ORD0002547,INV0002547,cust_0047,9931.57,INR,pay00000009f3,paid,2026-01-20T06:28:00Z
ORD0002548,INV0002548,cust_0048,4513.59,INR,pay00000009f4,paid,2026-01-01T22:57:00Z
ORD0002549,INV0002549,cust_0049,1119.93,INR,pay00000009f5,paid,2026-01-14T21:02:00Z
ORD0002550,INV0002550,cust_0050,4432.66,INR,pay00000009f6,paid,2026-01-03T08:05:00Z
ORD0002551,INV0002551,cust_0051,5322.47,INR,pay00000009f7,paid,2026-01-08T10:07:00Z
ORD0002552,INV0002552,cust_0052,2065.63,INR,pay00000009f8,paid,2026-01-15T17:35:00Z
ORD0002553,INV0002553,cust_0053,6108.97,INR,pay00000009f9,paid,2026-01-14T09:35:00Z
ORD0002554,INV0002554,cust_0054,3154.32,INR,pay00000009fa,paid,2026-01-05T18:00:00Z
ORD0002555,INV0002555,cust_0055,132.56,INR,pay00000009fb,paid,2026-01-04T22:42:00Z
ORD0002556,INV0002556,cust_0056,3185.79,INR,pay00000009fc,paid,2026-01-26T10:20:00Z
ORD0002557,INV0002557,cust_0057,1983.31,INR,pay00000009fd,paid,2026-01-22T21:30:00Z
ORD0002558,INV0002558,cust_0058,6579.88,INR,pay00000009fe,paid,2026-01-18T08:09:00Z
ORD0002559,INV0002559,cust_0059,1529.65,INR,pay00000009ff,paid,2026-01-25T08:30:00Z
ORD0002560,INV0002560,cust_0060,2595.69,INR,pay0000000a00,paid,2026-01-21T19:53:00Z
ORD0002561,INV0002561,cust_0061,8686.95,INR,pay0000000a01,paid,2026-01-09T19:03:00Z
ORD0002562,INV0002562,cust_0062,8190.51,INR,pay0000000a02,paid,2026-01-13T06:12:00Z
ORD0002563,INV0002563,cust_0063,6363.94,INR,pay0000000a03,paid,2026-01-27T13:47:00Z
ORD0002564,INV0002564,cust_0064,8293.65,INR,pay0000000a04,paid,2026-01-17T19:41:00Z
ORD0002565,INV0002565,cust_0065,5470.79,INR,pay0000000a05,paid,2026-01-10T21:49:00Z
ORD0002566,INV0002566,cust_0066,4380.88,INR,pay0000000a06,paid,2026-01-03T08:45:00Z
ORD0002567,INV0002567,cust_0067,4128.70,INR,pay0000000a07,paid,2026-01-09T20:41:00Z
ORD0002568,INV0002568,cust_0068,6351.98,INR,pay0000000a08,paid,2026-01-11T15:54:00Z
ORD0002569,INV0002569,cust_0069,7947.10,INR,pay0000000a09,paid,2026-01-27T10:30:00Z
ORD0002570,INV0002570,cust_0070,3595.42,INR,pay0000000a0a,paid,2026-01-18T22:39:00Z
ORD0002571,INV0002571,cust_0071,2817.40,INR,pay0000000a0b,paid,2026-01-09T15:38:00Z
ORD0002572,INV0002572,cust_0072,9503.11,INR,pay0000000a0c,paid,2026-01-11T13:36:00Z
ORD0002573,INV0002573,cust_0073,2016.65,INR,pay0000000a0d,paid,2026-01-27T16:33:00Z
ORD0002574,INV0002574,cust_0074,6272.97,INR,pay0000000a0e,paid,2026-01-14T12:49:00Z
ORD0002575,INV0002575,cust_0075,7222.68,INR,pay0000000a0f,paid,2026-01-10T12:43:00Z
ORD0002576,INV0002576,cust_0076,5802.61,INR,pay0000000a10,paid,2026-01-11T12:51:00Z
ORD0002577,INV0002577,cust_0077,1234.04,INR,pay0000000a11,paid,2026-01-24T15:40:00Z
ORD0002578,INV0002578,cust_0078,6647.14,INR,pay0000000a12,paid,2026-01-27T16:11:00Z
ORD0002579,INV0002579,cust_0079,4111.54,INR,pay0000000a13,paid,2026-01-16T14:59:00Z
ORD0002580,INV0002580,cust_0080,1539.48,INR,pay0000000a14,paid,2026-01-09T08:16:00Z
ORD0002581,INV0002581,cust_0081,4126.75,INR,pay0000000a15,paid,2026-01-01T08:12:00Z
ORD0002582,INV0002582,cust_0082,5778.92,INR,pay0000000a16,paid,2026-01-19T14:32:00Z
ORD0002583,INV0002583,cust_0083,539.70,INR,pay0000000a17,paid,2026-01-14T21:38:00Z
ORD0002584,INV0002584,cust_0084,3288.53,INR,pay0000000a18,paid,2026-01-04T10:11:00Z
ORD0002585,INV0002585,cust_0085,576.49,INR,pay0000000a19,paid,2026-01-02T08:17:00Z
ORD0002586,INV0002586,cust_0086,1341.11,INR,pay0000000a1a,paid,2026-01-26T09:59:00Z
ORD0002587,INV0002587,cust_0087,9351.07,INR,pay0000000a1b,paid,2026-01-22T07:00:00Z
ORD0002588,INV0002588,cust_0088,7550.25,INR,pay0000000a1c,paid,2026-01-09T15:27:00Z
ORD0002589,INV0002589,cust_0089,6334.84,INR,pay0000000a1d,paid,2026-01-19T14:59:00Z
ORD0002590,INV0002590,cust_0090,1595.72,INR,pay0000000a1e,paid,2026-01-01T16:48:00Z
ORD0002591,INV0002591,cust_0091,8657.00,INR,pay0000000a1f,paid,2026-01-13T12:34:00Z
ORD0002592,INV0002592,cust_0092,961.06,INR,pay0000000a20,paid,2026-01-19T14:51:00Z
ORD0002593,INV0002593,cust_0093,2542.81,INR,pay0000000a21,paid,2026-01-15T11:57:00Z
ORD0002594,INV0002594,cust_0094,38.22,INR,pay0000000a22,paid,2026-01-08T15:27:00Z
ORD0002595,INV0002595,cust_0095,4683.38,INR,pay0000000a23,paid,2026-01-07T13:06:00Z
ORD0002596,INV0002596,cust_0096,4645.23,INR,pay0000000a24,paid,2026-01-05T18:54:00Z
ORD0002597,INV0002597,cust_0097,9251.40,INR,pay0000000a25,paid,2026-01-22T21:27:00Z
ORD0002598,INV0002598,cust_0098,5237.73,INR,pay0000000a26,paid,2026-01-17T18:53:00Z
ORD0002599,INV0002599,cust_0099,1520.35,INR,pay0000000a27,paid,2026-01-23T08:38:00Z
ORD0002600,INV0002600,cust_0100,4241.31,INR,pay0000000a28,paid,2026-01-07T12:20:00Z
ORD0002601,INV0002601,cust_0101,7501.62,INR,pay0000000a29,paid,2026-01-10T13:24:00Z
ORD0002602,INV0002602,cust_0102,7203.39,INR,pay0000000a2a,paid,2026-01-19T13:41:00Z
ORD0002603,INV0002603,cust_0103,8394.66,INR,pay0000000a2b,paid,2026-01-01T18:36:00Z
ORD0002604,INV0002604,cust_0104,5153.06,INR,pay0000000a2c,paid,2026-01-14T20:58:00Z
ORD0002605,INV0002605,cust_0105,3656.45,INR,pay0000000a2d,paid,2026-01-08T14:23:00Z
ORD0002606,INV0002606,cust_0106,2302.81,INR,pay0000000a2e,paid,2026-01-19T22:38:00Z
ORD0002607,INV0002607,cust_0107,4004.73,INR,pay0000000a2f,paid,2026-01-12T07:48:00Z
ORD0002608,INV0002608,cust_0108,1669.65,INR,pay0000000a30,paid,2026-01-03T07:16:00Z
ORD0002609,INV0002609,cust_0109,4756.10,INR,pay0000000a31,paid,2026-01-05T15:09:00Z
ORD0002610,INV0002610,cust_0110,1955.56,INR,pay0000000a32,paid,2026-01-08T19:19:00Z
ORD0002611,INV0002611,cust_0111,551.79,INR,pay0000000a33,paid,2026-01-19T11:18:00Z
ORD0002612,INV0002612,cust_0112,9388.93,INR,pay0000000a34,paid,2026-01-06T13:01:00Z
ORD0002613,INV0002613,cust_0113,711.55,INR,pay0000000a35,paid,2026-01-25T09:17:00Z
ORD0002614,INV0002614,cust_0114,4855.05,INR,pay0000000a36,paid,2026-01-18T17:46:00Z
ORD0002615,INV0002615,cust_0115,1963.81,INR,pay0000000a37,paid,2026-01-08T06:20:00Z
ORD0002616,INV0002616,cust_0116,222.24,INR,pay0000000a38,paid,2026-01-17T22:57:00Z
ORD0002617,INV0002617,cust_0117,511.92,INR,pay0000000a39,paid,2026-01-16T10:54:00Z
ORD0002618,INV0002618,cust_0118,8753.05,INR,pay0000000a3a,paid,2026-01-12T14:29:00Z
ORD0002619,INV0002619,cust_0119,1157.13,INR,pay0000000a3b,paid,2026-01-23T13:10:00Z
ORD0002620,INV0002620,cust_0120,708.32,INR,pay0000000a3c,paid,2026-01-13T10:00:00Z
ORD0002621,INV0002621,cust_0121,5142.56,INR,pay0000000a3d,paid,2026-01-22T18:35:00Z
ORD0002622,INV0002622,cust_0122,4897.86,INR,pay0000000a3e,paid,2026-01-21T22:22:00Z
ORD0002623,INV0002623,cust_0123,7862.43,INR,pay0000000a3f,paid,2026-01-13T14:33:00Z
ORD0002624,INV0002624,cust_0124,5245.01,INR,pay0000000a40,paid,2026-01-05T07:13:00Z
ORD0002625,INV0002625,cust_0125,8833.44,INR,pay0000000a41,paid,2026-01-10T09:38:00Z
ORD0002626,INV0002626,cust_0126,3922.72,INR,pay0000000a42,paid,2026-01-01T16:31:00Z
ORD0002627,INV0002627,cust_0127,8132.21,INR,pay0000000a43,paid,2026-01-21T10:28:00Z
ORD0002628,INV0002628,cust_0128,3171.40,INR,pay0000000a44,paid,2026-01-13T13:09:00Z
ORD0002629,INV0002629,cust_0129,2657.05,INR,pay0000000a45,paid,2026-01-16T18:29:00Z
ORD0002630,INV0002630,cust_0130,2151.35,INR,pay0000000a46,paid,2026-01-15T10:26:00Z
ORD0002631,INV0002631,cust_0131,9411.13,INR,pay0000000a47,paid,2026-01-21T09:18:00Z
ORD0002632,INV0002632,cust_0132,9540.66,INR,pay0000000a48,paid,2026-01-13T19:04:00Z
ORD0002633,INV0002633,cust_0133,5379.59,INR,pay0000000a49,paid,2026-01-18T21:02:00Z
ORD0002634,INV0002634,cust_0134,2033.77,INR,pay0000000a4a,paid,2026-01-10T22:10:00Z
ORD0002635,INV0002635,cust_0135,7461.47,INR,pay0000000a4b,paid,2026-01-18T14:03:00Z
ORD0002636,INV0002636,cust_0136,5469.03,INR,pay0000000a4c,paid,2026-01-12T06:28:00Z
ORD0002637,INV0002637,cust_0137,4831.50,INR,pay0000000a4d,paid,2026-01-12T16:18:00Z
ORD0002638,INV0002638,cust_0138,6145.68,INR,pay0000000a4e,paid,2026-01-04T20:48:00Z
ORD0002639,INV0002639,cust_0139,384.12,INR,pay0000000a4f,paid,2026-01-22T22:04:00Z
ORD0002640,INV0002640,cust_0140,7494.67,INR,pay0000000a50,paid,2026-01-15T14:09:00Z
ORD0002641,INV0002641,cust_0141,2314.35,INR,pay0000000a51,paid,2026-01-02T07:19:00Z
ORD0002642,INV0002642,cust_0142,5974.48,INR,pay0000000a52,paid,2026-01-07T19:51:00Z
ORD0002643,INV0002643,cust_0143,2680.41,INR,pay0000000a53,paid,2026-01-07T06:04:00Z
ORD0002644,INV0002644,cust_0144,5066.10,INR,pay0000000a54,paid,2026-01-26T08:14:00Z
ORD0002645,INV0002645,cust_0145,5179.53,INR,pay0000000a55,paid,2026-01-04T08:42:00Z
ORD0002646,INV0002646,cust_0146,3906.92,INR,pay0000000a56,paid,2026-01-16T14:36:00Z
ORD0002647,INV0002647,cust_0147,8544.39,INR,pay0000000a57,paid,2026-01-24T16:40:00Z
ORD0002648,INV0002648,cust_0148,7006.88,INR,pay0000000a58,paid,2026-01-22T22:43:00Z
ORD0002649,INV0002649,cust_0149,2577.12,INR,pay0000000a59,paid,2026-01-08T06:27:00Z
ORD0002650,INV0002650,cust_0150,5340.52,INR,pay0000000a5a,paid,2026-01-10T21:46:00Z
ORD0002651,INV0002651,cust_0151,3154.31,INR,pay0000000a5b,paid,2026-01-26T14:06:00Z
ORD0002652,INV0002652,cust_0152,8220.34,INR,pay0000000a5c,paid,2026-01-08T13:29:00Z
ORD0002653,INV0002653,cust_0153,5309.15,INR,pay0000000a5d,paid,2026-01-12T19:47:00Z
ORD0002654,INV0002654,cust_0154,3141.12,INR,pay0000000a5e,paid,2026-01-03T13:10:00Z
ORD0002655,INV0002655,cust_0155,6955.82,INR,pay0000000a5f,paid,2026-01-03T16:59:00Z
ORD0002656,INV0002656,cust_0156,4536.60,INR,pay0000000a60,paid,2026-01-05T19:30:00Z
ORD0002657,INV0002657,cust_0157,1244.69,INR,pay0000000a61,paid,2026-01-10T13:31:00Z
ORD0002658,INV0002658,cust_0158,4255.06,INR,pay0000000a62,paid,2026-01-14T13:18:00Z
ORD0002659,INV0002659,cust_0159,3529.38,INR,pay0000000a63,paid,2026-01-06T16:37:00Z
ORD0002660,INV0002660,cust_0160,7737.51,INR,pay0000000a64,paid,2026-01-01T10:34:00Z
ORD0002661,INV0002661,cust_0161,9802.62,INR,pay0000000a65,paid,2026-01-26T10:03:00Z
ORD0002662,INV0002662,cust_0162,1404.67,INR,pay0000000a66,paid,2026-01-10T17:43:00Z
ORD0002663,INV0002663,cust_0163,922.71,INR,pay0000000a67,paid,2026-01-02T11:57:00Z
ORD0002664,INV0002664,cust_0164,868.45,INR,pay0000000a68,paid,2026-01-02T06:52:00Z
ORD0002665,INV0002665,cust_0165,8647.26,INR,pay0000000a69,paid,2026-01-16T09:17:00Z
ORD0002666,INV0002666,cust_0166,5521.42,INR,pay0000000a6a,paid,2026-01-03T15:08:00Z
ORD0002667,INV0002667,cust_0167,2731.11,INR,pay0000000a6b,paid,2026-01-06T22:06:00Z
ORD0002668,INV0002668,cust_0168,2979.77,INR,pay0000000a6c,paid,2026-01-02T18:54:00Z
ORD0002669,INV0002669,cust_0169,8501.30,INR,pay0000000a6d,paid,2026-01-15T17:32:00Z
ORD0002670,INV0002670,cust_0170,8547.09,INR,pay0000000a6e,paid,2026-01-13T19:51:00Z
ORD0002671,INV0002671,cust_0171,2212.74,INR,pay0000000a6f,paid,2026-01-08T20:09:00Z
ORD0002672,INV0002672,cust_0172,9181.52,INR,pay0000000a70,paid,2026-01-04T10:06:00Z
ORD0002673,INV0002673,cust_0173,775.09,INR,pay0000000a71,paid,2026-01-10T16:44:00Z
ORD0002674,INV0002674,cust_0174,5054.90,INR,pay0000000a72,paid,2026-01-14T19:07:00Z
ORD0002675,INV0002675,cust_0175,3177.42,INR,pay0000000a73,paid,2026-01-23T12:57:00Z
ORD0002676,INV0002676,cust_0176,4102.77,INR,pay0000000a74,paid,2026-01-07T17:04:00Z
ORD0002677,INV0002677,cust_0177,8431.64,INR,pay0000000a75,paid,2026-01-09T18:11:00Z
ORD0002678,INV0002678,cust_0178,4172.98,INR,pay0000000a76,paid,2026-01-26T16:28:00Z
ORD0002679,INV0002679,cust_0179,7422.46,INR,pay0000000a77,paid,2026-01-14T16:58:00Z
ORD0002680,INV0002680,cust_0180,4364.98,INR,pay0000000a78,paid,2026-01-03T21:56:00Z
ORD0002681,INV0002681,cust_0181,5381.93,INR,pay0000000a79,paid,2026-01-20T21:17:00Z
ORD0002682,INV0002682,cust_0182,8088.05,INR,pay0000000a7a,paid,2026-01-01T17:45:00Z
ORD0002683,INV0002683,cust_0183,33.70,INR,pay0000000a7b,paid,2026-01-04T21:49:00Z
ORD0002684,INV0002684,cust_0184,3491.70,INR,pay0000000a7c,paid,2026-01-22T22:17:00Z
ORD0002685,INV0002685,cust_0185,6196.71,INR,pay0000000a7d,paid,2026-01-20T12:27:00Z
ORD0002686,INV0002686,cust_0186,7545.38,INR,pay0000000a7e,paid,2026-01-19T15:34:00Z
ORD0002687,INV0002687,cust_0187,192.85,INR,pay0000000a7f,paid,2026-01-14T08:30:00Z
ORD0002688,INV0002688,cust_0188,6388.31,INR,pay0000000a80,paid,2026-01-19T13:59:00Z
ORD0002689,INV0002689,cust_0189,2780.58,INR,pay0000000a81,paid,2026-01-10T07:52:00Z
ORD0002690,INV0002690,cust_0190,2787.56,INR,pay0000000a82,paid,2026-01-01T22:14:00Z
ORD0002691,INV0002691,cust_0191,4715.72,INR,pay0000000a83,paid,2026-01-08T18:00:00Z
ORD0002692,INV0002692,cust_0192,8418.68,INR,pay0000000a84,paid,2026-01-26T14:34:00Z
ORD0002693,INV0002693,cust_0193,8337.29,INR,pay0000000a85,paid,2026-01-25T15:49:00Z
ORD0002694,INV0002694,cust_0194,6088.58,INR,pay0000000a86,paid,2026-01-07T15:49:00Z
ORD0002695,INV0002695,cust_0195,4084.23,INR,pay0000000a87,paid,2026-01-18T16:11:00Z
ORD0002696,INV0002696,cust_0196,3452.45,INR,pay0000000a88,paid,2026-01-21T13:30:00Z
ORD0002697,INV0002697,cust_0197,7863.13,INR,pay0000000a89,paid,2026-01-24T14:10:00Z
ORD0002698,INV0002698,cust_0198,4362.62,INR,pay0000000a8a,paid,2026-01-06T19:13:00Z
ORD0002699,INV0002699,cust_0199,8027.57,INR,pay0000000a8b,paid,2026-01-10T15:34:00Z
ORD0002700,INV0002700,cust_0200,804.28,INR,pay0000000a8c,paid,2026-01-05T09:54:00Z
ORD0002701,INV0002701,cust_0201,1881.64,INR,pay0000000a8d,paid,2026-01-04T20:21:00Z
ORD0002702,INV0002702,cust_0202,8179.04,INR,pay0000000a8e,paid,2026-01-18T20:32:00Z
ORD0002703,INV0002703,cust_0203,2923.19,INR,pay0000000a8f,paid,2026-01-26T08:22:00Z
ORD0002704,INV0002704,cust_0204,8462.83,INR,pay0000000a90,paid,2026-01-07T14:46:00Z
ORD0002705,INV0002705,cust_0205,8323.45,INR,pay0000000a91,paid,2026-01-25T08:04:00Z
ORD0002706,INV0002706,cust_0206,5479.47,INR,pay0000000a92,paid,2026-01-27T12:30:00Z
ORD0002707,INV0002707,cust_0207,1091.00,INR,pay0000000a93,paid,2026-01-26T22:49:00Z
ORD0002708,INV0002708,cust_0208,6517.44,INR,pay0000000a94,paid,2026-01-21T21:49:00Z
ORD0002709,INV0002709,cust_0209,7813.23,INR,pay0000000a95,paid,2026-01-08T21:35:00Z
ORD0002710,INV0002710,cust_0210,3872.89,INR,pay0000000a96,paid,2026-01-07T07:02:00Z
ORD0002711,INV0002711,cust_0211,9797.86,INR,pay0000000a97,paid,2026-01-12T16:26:00Z
ORD0002712,INV0002712,cust_0212,9043.79,INR,pay0000000a98,paid,2026-01-15T08:08:00Z
ORD0002713,INV0002713,cust_0213,8038.40,INR,pay0000000a99,paid,2026-01-04T10:30:00Z
ORD0002714,INV0002714,cust_0214,7616.65,INR,pay0000000a9a,paid,2026-01-25T16:07:00Z
ORD0002715,INV0002715,cust_0215,6695.75,INR,pay0000000a9b,paid,2026-01-11T13:19:00Z
ORD0002716,INV0002716,cust_0216,9008.67,INR,pay0000000a9c,paid,2026-01-04T07:19:00Z
ORD0002717,INV0002717,cust_0217,8558.16,INR,pay0000000a9d,paid,2026-01-13T10:17:00Z
ORD0002718,INV0002718,cust_0218,5572.54,INR,pay0000000a9e,paid,2026-01-12T08:31:00Z
ORD0002719,INV0002719,cust_0219,279.17,INR,pay0000000a9f,paid,2026-01-10T16:11:00Z
ORD0002720,INV0002720,cust_0220,9771.54,INR,pay0000000aa0,paid,2026-01-17T09:23:00Z
ORD0002721,INV0002721,cust_0221,8058.05,INR,pay0000000aa1,paid,2026-01-11T16:56:00Z
ORD0002722,INV0002722,cust_0222,6110.10,INR,pay0000000aa2,paid,2026-01-26T08:14:00Z
ORD0002723,INV0002723,cust_0223,7980.82,INR,pay0000000aa3,paid,2026-01-18T08:51:00Z
ORD0002724,INV0002724,cust_0224,9130.76,INR,pay0000000aa4,paid,2026-01-23T15:58:00Z
ORD0002725,INV0002725,cust_0225,3275.42,INR,pay0000000aa5,paid,2026-01-14T08:42:00Z
ORD0002726,INV0002726,cust_0226,1440.41,INR,pay0000000aa6,paid,2026-01-03T09:37:00Z
ORD0002727,INV0002727,cust_0227,450.90,INR,pay0000000aa7,paid,2026-01-16T17:25:00Z
ORD0002728,INV0002728,cust_0228,6200.55,INR,pay0000000aa8,paid,2026-01-18T13:05:00Z
ORD0002729,INV0002729,cust_0229,9632.63,INR,pay0000000aa9,paid,2026-01-19T09:40:00Z
ORD0002730,INV0002730,cust_0230,7430.61,INR,pay0000000aaa,paid,2026-01-05T11:47:00Z
ORD0002731,INV0002731,cust_0231,4282.25,INR,pay0000000aab,paid,2026-01-01T22:56:00Z
ORD0002732,INV0002732,cust_0232,8144.70,INR,pay0000000aac,paid,2026-01-27T12:31:00Z
ORD0002733,INV0002733,cust_0233,6997.76,INR,pay0000000aad,paid,2026-01-13T12:52:00Z
ORD0002734,INV0002734,cust_0234,4246.70,INR,pay0000000aae,paid,2026-01-19T19:58:00Z
ORD0002735,INV0002735,cust_0235,6468.26,INR,pay0000000aaf,paid,2026-01-04T19:16:00Z
ORD0002736,INV0002736,cust_0236,1206.78,INR,pay0000000ab0,paid,2026-01-13T12:47:00Z
ORD0002737,INV0002737,cust_0237,8545.08,INR,pay0000000ab1,paid,2026-01-21T09:42:00Z
ORD0002738,INV0002738,cust_0238,2425.69,INR,pay0000000ab2,paid,2026-01-08T07:46:00Z
ORD0002739,INV0002739,cust_0239,2292.31,INR,pay0000000ab3,paid,2026-01-09T09:36:00Z
ORD0002740,INV0002740,cust_0240,8707.87,INR,pay0000000ab4,paid,2026-01-23T06:26:00Z
ORD0002741,INV0002741,cust_0241,1518.97,INR,pay0000000ab5,paid,2026-01-05T09:55:00Z
ORD0002742,INV0002742,cust_0242,3976.21,INR,pay0000000ab6,paid,2026-01-22T22:43:00Z
ORD0002743,INV0002743,cust_0243,8999.22,INR,pay0000000ab7,paid,2026-01-21T10:13:00Z
ORD0002744,INV0002744,cust_0244,6987.01,INR,pay0000000ab8,paid,2026-01-22T13:31:00Z
ORD0002745,INV0002745,cust_0245,2648.57,INR,pay0000000ab9,paid,2026-01-01T19:29:00Z
ORD0002746,INV0002746,cust_0246,8746.87,INR,pay0000000aba,paid,2026-01-02T20:33:00Z
ORD0002747,INV0002747,cust_0247,9246.16,INR,pay0000000abb,paid,2026-01-10T10:18:00Z
ORD0002748,INV0002748,cust_0248,149.36,INR,pay0000000abc,paid,2026-01-16T22:04:00Z
ORD0002749,INV0002749,cust_0249,6760.45,INR,pay0000000abd,paid,2026-01-08T20:12:00Z
ORD0002750,INV0002750,cust_0250,4100.68,INR,pay0000000abe,paid,2026-01-09T11:30:00Z
ORD0002751,INV0002751,cust_0251,184.78,INR,pay0000000abf,paid,2026-01-25T13:41:00Z
ORD0002752,INV0002752,cust_0252,9950.90,INR,pay0000000ac0,paid,2026-01-18T22:41:00Z
ORD0002753,INV0002753,cust_0253,3893.47,INR,pay0000000ac1,paid,2026-01-17T14:44:00Z
ORD0002754,INV0002754,cust_0254,5420.69,INR,pay0000000ac2,paid,2026-01-26T15:47:00Z
ORD0002755,INV0002755,cust_0255,1128.22,INR,pay0000000ac3,paid,2026-01-08T15:16:00Z
ORD0002756,INV0002756,cust_0256,6028.16,INR,pay0000000ac4,paid,2026-01-26T22:58:00Z
ORD0002757,INV0002757,cust_0257,40.34,INR,pay0000000ac5,paid,2026-01-05T06:20:00Z
ORD0002758,INV0002758,cust_0258,3583.75,INR,pay0000000ac6,paid,2026-01-01T21:12:00Z
ORD0002759,INV0002759,cust_0259,7563.98,INR,pay0000000ac7,paid,2026-01-25T19:16:00Z
ORD0002760,INV0002760,cust_0260,6598.93,INR,pay0000000ac8,paid,2026-01-13T17:06:00Z
ORD0002761,INV0002761,cust_0261,9340.02,INR,pay0000000ac9,paid,2026-01-08T16:02:00Z
ORD0002762,INV0002762,cust_0262,2533.82,INR,pay0000000aca,paid,2026-01-18T16:31:00Z
ORD0002763,INV0002763,cust_0263,177.29,INR,pay0000000acb,paid,2026-01-23T08:06:00Z
ORD0002764,INV0002764,cust_0264,9091.45,INR,pay0000000acc,paid,2026-01-02T12:29:00Z
ORD0002765,INV0002765,cust_0265,766.30,INR,pay0000000acd,paid,2026-01-04T20:45:00Z
ORD0002766,INV0002766,cust_0266,2295.82,INR,pay0000000ace,paid,2026-01-12T09:02:00Z
ORD0002767,INV0002767,cust_0267,4295.12,INR,pay0000000acf,paid,2026-01-04T14:41:00Z
ORD0002768,INV0002768,cust_0268,985.23,INR,pay0000000ad0,paid,2026-01-11T13:39:00Z
ORD0002769,INV0002769,cust_0269,8300.27,INR,pay0000000ad1,paid,2026-01-20T13:02:00Z
ORD0002770,INV0002770,cust_0270,6897.25,INR,pay0000000ad2,paid,2026-01-25T06:59:00Z
ORD0002771,INV0002771,cust_0271,9310.77,INR,pay0000000ad3,paid,2026-01-11T09:05:00Z
ORD0002772,INV0002772,cust_0272,6041.38,INR,pay0000000ad4,paid,2026-01-09T06:27:00Z
ORD0002773,INV0002773,cust_0273,7904.21,INR,pay0000000ad5,paid,2026-01-15T11:01:00Z
ORD0002774,INV0002774,cust_0274,5999.75,INR,pay0000000ad6,paid,2026-01-01T14:12:00Z
ORD0002775,INV0002775,cust_0275,479.00,INR,pay0000000ad7,paid,2026-01-24T11:12:00Z
ORD0002776,INV0002776,cust_0276,4837.41,INR,pay0000000ad8,paid,2026-01-02T20:14:00Z
ORD0002777,INV0002777,cust_0277,2145.81,INR,pay0000000ad9,paid,2026-01-12T15:53:00Z
ORD0002778,INV0002778,cust_0278,668.41,INR,pay0000000ada,paid,2026-01-27T11:30:00Z
ORD0002779,INV0002779,cust_0279,373.35,INR,pay0000000adb,paid,2026-01-18T11:43:00Z
ORD0002780,INV0002780,cust_0280,772.69,INR,pay0000000adc,paid,2026-01-05T19:06:00Z
ORD0002781,INV0002781,cust_0281,1747.61,INR,pay0000000add,paid,2026-01-09T22:45:00Z
ORD0002782,INV0002782,cust_0282,9778.27,INR,pay0000000ade,paid,2026-01-19T16:56:00Z
ORD0002783,INV0002783,cust_0283,6236.36,INR,pay0000000adf,paid,2026-01-18T12:28:00Z
ORD0002784,INV0002784,cust_0284,8338.20,INR,pay0000000ae0,paid,2026-01-15T14:20:00Z
ORD0002785,INV0002785,cust_0285,7695.40,INR,pay0000000ae1,paid,2026-01-26T06:12:00Z
ORD0002786,INV0002786,cust_0286,5619.57,INR,pay0000000ae2,paid,2026-01-15T08:55:00Z
ORD0002787,INV0002787,cust_0287,1334.37,INR,pay0000000ae3,paid,2026-01-02T13:47:00Z
ORD0002788,INV0002788,cust_0288,1191.61,INR,pay0000000ae4,paid,2026-01-18T21:25:00Z
ORD0002789,INV0002789,cust_0289,8568.76,INR,pay0000000ae5,paid,2026-01-05T07:33:00Z
ORD0002790,INV0002790,cust_0290,8382.52,INR,pay0000000ae6,paid,2026-01-05T13:58:00Z
ORD0002791,INV0002791,cust_0291,5705.79,INR,pay0000000ae7,paid,2026-01-03T13:34:00Z
ORD0002792,INV0002792,cust_0292,5641.79,INR,pay0000000ae8,paid,2026-01-03T14:16:00Z
ORD0002793,INV0002793,cust_0293,1874.71,INR,pay0000000ae9,paid,2026-01-02T19:31:00Z
ORD0002794,INV0002794,cust_0294,2317.19,INR,pay0000000aea,paid,2026-01-23T08:33:00Z
ORD0002795,INV0002795,cust_0295,4431.27,INR,pay0000000aeb,paid,2026-01-24T08:47:00Z
ORD0002796,INV0002796,cust_0296,2902.33,INR,pay0000000aec,paid,2026-01-11T06:02:00Z
ORD0002797,INV0002797,cust_0297,7249.43,INR,pay0000000aed,paid,2026-01-01T06:05:00Z
ORD0002798,INV0002798,cust_0298,8477.20,INR,pay0000000aee,paid,2026-01-21T08:05:00Z
ORD0002799,INV0002799,cust_0299,8449.95,INR,pay0000000aef,paid,2026-01-04T20:50:00Z
ORD0002800,INV0002800,cust_0300,275.96,INR,pay0000000af0,paid,2026-01-24T10:22:00Z
ORD0002801,INV0002801,cust_0301,8337.92,INR,pay0000000af1,paid,2026-01-17T15:48:00Z
ORD0002802,INV0002802,cust_0302,5727.86,INR,pay0000000af2,paid,2026-01-27T10:38:00Z
ORD0002803,INV0002803,cust_0303,3016.34,INR,pay0000000af3,paid,2026-01-16T22:58:00Z
ORD0002804,INV0002804,cust_0304,8008.03,INR,pay0000000af4,paid,2026-01-10T22:39:00Z
ORD0002805,INV0002805,cust_0305,428.44,INR,pay0000000af5,paid,2026-01-17T19:29:00Z
ORD0002806,INV0002806,cust_0306,34.31,INR,pay0000000af6,paid,2026-01-22T14:56:00Z
ORD0002807,INV0002807,cust_0307,3585.77,INR,pay0000000af7,paid,2026-01-03T17:46:00Z
ORD0002808,INV0002808,cust_0308,4253.65,INR,pay0000000af8,paid,2026-01-13T09:15:00Z
ORD0002809,INV0002809,cust_0309,5370.38,INR,pay0000000af9,paid,2026-01-08T16:23:00Z
ORD0002810,INV0002810,cust_0310,8619.87,INR,pay0000000afa,paid,2026-01-06T18:46:00Z
ORD0002811,INV0002811,cust_0311,6558.77,INR,pay0000000afb,paid,2026-01-16T07:26:00Z
ORD0002812,INV0002812,cust_0312,8981.07,INR,pay0000000afc,paid,2026-01-20T20:39:00Z
ORD0002813,INV0002813,cust_0313,8169.35,INR,pay0000000afd,paid,2026-01-21T22:11:00Z
ORD0002814,INV0002814,cust_0314,9077.81,INR,pay0000000afe,paid,2026-01-13T14:53:00Z
ORD0002815,INV0002815,cust_0315,9601.93,INR,pay0000000aff,paid,2026-01-17T06:16:00Z
ORD0002816,INV0002816,cust_0316,6755.49,INR,pay0000000b00,paid,2026-01-06T21:31:00Z
ORD0002817,INV0002817,cust_0317,7535.67,INR,pay0000000b01,paid,2026-01-25T12:33:00Z
ORD0002818,INV0002818,cust_0318,2544.93,INR,pay0000000b02,paid,2026-01-05T08:09:00Z
ORD0002819,INV0002819,cust_0319,3099.88,INR,pay0000000b03,paid,2026-01-24T11:33:00Z
ORD0002820,INV0002820,cust_0320,1667.96,INR,pay0000000b04,paid,2026-01-01T13:56:00Z
ORD0002821,INV0002821,cust_0321,7609.57,INR,pay0000000b05,paid,2026-01-17T19:13:00Z
ORD0002822,INV0002822,cust_0322,2645.83,INR,pay0000000b06,paid,2026-01-03T20:55:00Z
ORD0002823,INV0002823,cust_0323,6628.14,INR,pay0000000b07,paid,2026-01-13T11:22:00Z
ORD0002824,INV0002824,cust_0324,448.74,INR,pay0000000b08,paid,2026-01-06T18:50:00Z
ORD0002825,INV0002825,cust_0325,7168.69,INR,pay0000000b09,paid,2026-01-06T15:12:00Z
ORD0002826,INV0002826,cust_0326,4931.54,INR,pay0000000b0a,paid,2026-01-13T15:26:00Z
ORD0002827,INV0002827,cust_0327,8547.97,INR,pay0000000b0b,paid,2026-01-17T22:58:00Z
ORD0002828,INV0002828,cust_0328,3867.65,INR,pay0000000b0c,paid,2026-01-08T22:33:00Z
ORD0002829,INV0002829,cust_0329,1412.75,INR,pay0000000b0d,paid,2026-01-15T07:43:00Z
ORD0002830,INV0002830,cust_0330,8948.99,INR,pay0000000b0e,paid,2026-01-10T13:13:00Z
ORD0002831,INV0002831,cust_0331,8644.61,INR,pay0000000b0f,paid,2026-01-12T12:53:00Z
ORD0002832,INV0002832,cust_0332,9268.96,INR,pay0000000b10,paid,2026-01-23T09:25:00Z
ORD0002833,INV0002833,cust_0333,8455.97,INR,pay0000000b11,paid,2026-01-04T08:06:00Z
ORD0002834,INV0002834,cust_0334,4896.08,INR,pay0000000b12,paid,2026-01-24T09:34:00Z
ORD0002835,INV0002835,cust_0335,2533.07,INR,pay0000000b13,paid,2026-01-19T08:40:00Z
ORD0002836,INV0002836,cust_0336,1417.50,INR,pay0000000b14,paid,2026-01-13T16:14:00Z
ORD0002837,INV0002837,cust_0337,7589.98,INR,pay0000000b15,paid,2026-01-03T08:58:00Z
ORD0002838,INV0002838,cust_0338,3438.46,INR,pay0000000b16,paid,2026-01-13T09:29:00Z
ORD0002839,INV0002839,cust_0339,7557.74,INR,pay0000000b17,paid,2026-01-17T06:00:00Z
ORD0002840,INV0002840,cust_0340,8505.67,INR,pay0000000b18,paid,2026-01-01T09:21:00Z
ORD0002841,INV0002841,cust_0341,8787.83,INR,pay0000000b19,paid,2026-01-20T22:59:00Z
ORD0002842,INV0002842,cust_0342,3505.69,INR,pay0000000b1a,paid,2026-01-16T21:16:00Z
ORD0002843,INV0002843,cust_0343,6255.26,INR,pay0000000b1b,paid,2026-01-04T19:58:00Z
ORD0002844,INV0002844,cust_0344,4112.91,INR,pay0000000b1c,paid,2026-01-12T17:08:00Z
ORD0002845,INV0002845,cust_0345,748.57,INR,pay0000000b1d,paid,2026-01-26T09:55:00Z
ORD0002846,INV0002846,cust_0346,5659.22,INR,pay0000000b1e,paid,2026-01-10T13:14:00Z
ORD0002847,INV0002847,cust_0347,8792.75,INR,pay0000000b1f,paid,2026-01-01T10:48:00Z
ORD0002848,INV0002848,cust_0348,7585.72,INR,pay0000000b20,paid,2026-01-06T12:38:00Z
ORD0002849,INV0002849,cust_0349,2523.07,INR,pay0000000b21,paid,2026-01-15T14:21:00Z
ORD0002850,INV0002850,cust_0350,1368.69,INR,pay0000000b22,paid,2026-01-17T19:47:00Z
ORD0002851,INV0002851,cust_0351,8163.11,INR,pay0000000b23,paid,2026-01-26T16:15:00Z
ORD0002852,INV0002852,cust_0352,8296.42,INR,pay0000000b24,paid,2026-01-24T07:33:00Z
ORD0002853,INV0002853,cust_0353,8187.10,INR,pay0000000b25,paid,2026-01-01T07:12:00Z
ORD0002854,INV0002854,cust_0354,3793.73,INR,pay0000000b26,paid,2026-01-13T18:56:00Z
ORD0002855,INV0002855,cust_0355,8002.86,INR,pay0000000b27,paid,2026-01-01T18:09:00Z
ORD0002856,INV0002856,cust_0356,2236.93,INR,pay0000000b28,paid,2026-01-04T11:49:00Z
ORD0002857,INV0002857,cust_0357,3735.78,INR,pay0000000b29,paid,2026-01-02T19:32:00Z
ORD0002858,INV0002858,cust_0358,1145.57,INR,pay0000000b2a,paid,2026-01-16T21:27:00Z
ORD0002859,INV0002859,cust_0359,5504.69,INR,pay0000000b2b,paid,2026-01-27T14:18:00Z
ORD0002860,INV0002860,cust_0360,8328.71,INR,pay0000000b2c,paid,2026-01-17T20:49:00Z
ORD0002861,INV0002861,cust_0361,5005.52,INR,pay0000000b2d,paid,2026-01-22T22:08:00Z
ORD0002862,INV0002862,cust_0362,6769.73,INR,pay0000000b2e,paid,2026-01-12T09:03:00Z
ORD0002863,INV0002863,cust_0363,7281.77,INR,pay0000000b2f,paid,2026-01-01T07:32:00Z
ORD0002864,INV0002864,cust_0364,684.89,INR,pay0000000b30,paid,2026-01-26T15:18:00Z
ORD0002865,INV0002865,cust_0365,7498.67,INR,pay0000000b31,paid,2026-01-15T14:37:00Z
ORD0002866,INV0002866,cust_0366,7409.64,INR,pay0000000b32,paid,2026-01-19T19:49:00Z
ORD0002867,INV0002867,cust_0367,9123.20,INR,pay0000000b33,paid,2026-01-25T15:53:00Z
ORD0002868,INV0002868,cust_0368,7827.57,INR,pay0000000b34,paid,2026-01-24T20:05:00Z
ORD0002869,INV0002869,cust_0369,8220.91,INR,pay0000000b35,paid,2026-01-12T18:40:00Z
ORD0002870,INV0002870,cust_0370,5933.01,INR,pay0000000b36,paid,2026-01-04T15:01:00Z
ORD0002871,INV0002871,cust_0371,8312.85,INR,pay0000000b37,paid,2026-01-07T11:56:00Z
ORD0002872,INV0002872,cust_0372,8187.40,INR,pay0000000b38,paid,2026-01-26T13:18:00Z
ORD0002873,INV0002873,cust_0373,5875.43,INR,pay0000000b39,paid,2026-01-02T19:39:00Z
ORD0002874,INV0002874,cust_0374,4964.52,INR,pay0000000b3a,paid,2026-01-05T18:40:00Z
ORD0002875,INV0002875,cust_0375,9354.18,INR,pay0000000b3b,paid,2026-01-01T20:11:00Z
ORD0002876,INV0002876,cust_0376,9893.40,INR,pay0000000b3c,paid,2026-01-24T13:33:00Z
ORD0002877,INV0002877,cust_0377,6952.27,INR,pay0000000b3d,paid,2026-01-20T17:41:00Z
ORD0002878,INV0002878,cust_0378,9411.41,INR,pay0000000b3e,paid,2026-01-18T06:53:00Z
ORD0002879,INV0002879,cust_0379,4277.65,INR,pay0000000b3f,paid,2026-01-22T09:09:00Z
ORD0002880,INV0002880,cust_0380,3584.20,INR,pay0000000b40,paid,2026-01-01T10:25:00Z
ORD0002881,INV0002881,cust_0381,1542.34,INR,pay0000000b41,paid,2026-01-14T14:05:00Z
ORD0002882,INV0002882,cust_0382,3619.62,INR,pay0000000b42,paid,2026-01-14T08:59:00Z
ORD0002883,INV0002883,cust_0383,8485.27,INR,pay0000000b43,paid,2026-01-14T09:43:00Z
ORD0002884,INV0002884,cust_0384,8469.44,INR,pay0000000b44,paid,2026-01-17T16:36:00Z
ORD0002885,INV0002885,cust_0385,2018.69,INR,pay0000000b45,paid,2026-01-25T14:25:00Z
ORD0002886,INV0002886,cust_0386,8354.63,INR,pay0000000b46,paid,2026-01-25T15:54:00Z
ORD0002887,INV0002887,cust_0387,430.32,INR,pay0000000b47,paid,2026-01-01T11:30:00Z
ORD0002888,INV0002888,cust_0388,6300.57,INR,pay0000000b48,paid,2026-01-13T18:04:00Z
ORD0002889,INV0002889,cust_0389,8008.29,INR,pay0000000b49,paid,2026-01-13T22:12:00Z
ORD0002890,INV0002890,cust_0390,8543.69,INR,pay0000000b4a,paid,2026-01-20T16:52:00Z
ORD0002891,INV0002891,cust_0391,3939.16,INR,pay0000000b4b,paid,2026-01-17T07:39:00Z
ORD0002892,INV0002892,cust_0392,9000.07,INR,pay0000000b4c,paid,2026-01-24T16:03:00Z
ORD0002893,INV0002893,cust_0393,9053.14,INR,pay0000000b4d,paid,2026-01-21T22:12:00Z
ORD0002894,INV0002894,cust_0394,6579.33,INR,pay0000000b4e,paid,2026-01-05T07:46:00Z
ORD0002895,INV0002895,cust_0395,2837.42,INR,pay0000000b4f,paid,2026-01-01T21:28:00Z
ORD0002896,INV0002896,cust_0396,1706.96,INR,pay0000000b50,paid,2026-01-02T20:56:00Z
ORD0002897,INV0002897,cust_0397,4321.42,INR,pay0000000b51,paid,2026-01-22T10:38:00Z
ORD0002898,INV0002898,cust_0398,9153.28,INR,pay0000000b52,paid,2026-01-16T21:59:00Z
ORD0002899,INV0002899,cust_0399,5933.87,INR,pay0000000b53,paid,2026-01-23T08:49:00Z
ORD0002900,INV0002900,cust_0400,5499.34,INR,pay0000000b54,paid,2026-01-22T14:04:00Z
ORD0002901,INV0002901,cust_0401,2438.88,INR,pay0000000b55,paid,2026-01-03T10:59:00Z
ORD0002902,INV0002902,cust_0402,1800.67,INR,pay0000000b56,paid,2026-01-07T17:58:00Z
ORD0002903,INV0002903,cust_0403,9727.04,INR,pay0000000b57,paid,2026-01-03T20:00:00Z
ORD0002904,INV0002904,cust_0404,829.12,INR,pay0000000b58,paid,2026-01-20T11:00:00Z
ORD0002905,INV0002905,cust_0405,4428.93,INR,pay0000000b59,paid,2026-01-08T22:42:00Z
ORD0002906,INV0002906,cust_0406,5731.40,INR,pay0000000b5a,paid,2026-01-19T17:24:00Z
ORD0002907,INV0002907,cust_0407,784.46,INR,pay0000000b5b,paid,2026-01-22T15:19:00Z
ORD0002908,INV0002908,cust_0408,9070.54,INR,pay0000000b5c,paid,2026-01-19T16:03:00Z
ORD0002909,INV0002909,cust_0409,455.90,INR,pay0000000b5d,paid,2026-01-27T09:27:00Z
ORD0002910,INV0002910,cust_0410,2484.96,INR,pay0000000b5e,paid,2026-01-15T12:43:00Z
ORD0002911,INV0002911,cust_0411,5606.30,INR,pay0000000b5f,paid,2026-01-04T10:57:00Z
ORD0002912,INV0002912,cust_0412,1790.91,INR,pay0000000b60,paid,2026-01-06T08:00:00Z
ORD0002913,INV0002913,cust_0413,9382.06,INR,pay0000000b61,paid,2026-01-27T11:06:00Z
ORD0002914,INV0002914,cust_0414,9762.89,INR,pay0000000b62,paid,2026-01-14T11:36:00Z
ORD0002915,INV0002915,cust_0415,5156.71,INR,pay0000000b63,paid,2026-01-26T20:14:00Z
ORD0002916,INV0002916,cust_0416,5660.59,INR,pay0000000b64,paid,2026-01-08T09:54:00Z
ORD0002917,INV0002917,cust_0417,3344.10,INR,pay0000000b65,paid,2026-01-14T06:21:00Z
ORD0002918,INV0002918,cust_0418,7751.72,INR,pay0000000b66,paid,2026-01-01T21:50:00Z
ORD0002919,INV0002919,cust_0419,6680.76,INR,pay0000000b67,paid,2026-01-14T18:43:00Z
ORD0002920,INV0002920,cust_0420,645.56,INR,pay0000000b68,paid,2026-01-13T21:15:00Z
ORD0002921,INV0002921,cust_0421,1541.62,INR,pay0000000b69,paid,2026-01-26T06:23:00Z
ORD0002922,INV0002922,cust_0422,889.50,INR,pay0000000b6a,paid,2026-01-22T11:11:00Z
ORD0002923,INV0002923,cust_0423,1674.51,INR,pay0000000b6b,paid,2026-01-03T18:43:00Z
ORD0002924,INV0002924,cust_0424,9830.77,INR,pay0000000b6c,paid,2026-01-04T14:25:00Z
ORD0002925,INV0002925,cust_0425,5487.34,INR,pay0000000b6d,paid,2026-01-21T11:04:00Z
ORD0002926,INV0002926,cust_0426,4177.60,INR,pay0000000b6e,paid,2026-01-15T07:35:00Z
ORD0002927,INV0002927,cust_0427,2820.60,INR,pay0000000b6f,paid,2026-01-08T19:39:00Z
ORD0002928,INV0002928,cust_0428,5737.83,INR,pay0000000b70,paid,2026-01-01T11:08:00Z
ORD0002929,INV0002929,cust_0429,9981.15,INR,pay0000000b71,paid,2026-01-20T13:42:00Z
ORD0002930,INV0002930,cust_0430,6277.82,INR,pay0000000b72,paid,2026-01-23T14:32:00Z
ORD0002931,INV0002931,cust_0431,6355.15,INR,pay0000000b73,paid,2026-01-11T22:35:00Z
ORD0002932,INV0002932,cust_0432,2978.40,INR,pay0000000b74,paid,2026-01-12T20:40:00Z
ORD0002933,INV0002933,cust_0433,8501.18,INR,pay0000000b75,paid,2026-01-25T07:44:00Z
ORD0002934,INV0002934,cust_0434,2472.09,INR,pay0000000b76,paid,2026-01-18T18:28:00Z
ORD0002935,INV0002935,cust_0435,8069.67,INR,pay0000000b77,paid,2026-01-22T11:01:00Z
ORD0002936,INV0002936,cust_0436,8186.49,INR,pay0000000b78,paid,2026-01-03T08:46:00Z
ORD0002937,INV0002937,cust_0437,5585.49,INR,pay0000000b79,paid,2026-01-16T18:34:00Z
ORD0002938,INV0002938,cust_0438,4581.66,INR,pay0000000b7a,paid,2026-01-17T21:45:00Z
ORD0002939,INV0002939,cust_0439,6053.23,INR,pay0000000b7b,paid,2026-01-07T21:47:00Z
ORD0002940,INV0002940,cust_0440,5503.59,INR,pay0000000b7c,paid,2026-01-01T18:41:00Z
ORD0002941,INV0002941,cust_0441,7297.86,INR,pay0000000b7d,paid,2026-01-09T06:42:00Z
ORD0002942,INV0002942,cust_0442,6501.33,INR,pay0000000b7e,paid,2026-01-11T20:36:00Z
ORD0002943,INV0002943,cust_0443,1765.76,INR,pay0000000b7f,paid,2026-01-09T11:49:00Z
ORD0002944,INV0002944,cust_0444,2818.56,INR,pay0000000b80,paid,2026-01-09T11:59:00Z
ORD0002945,INV0002945,cust_0445,4137.09,INR,pay0000000b81,paid,2026-01-07T10:22:00Z
ORD0002946,INV0002946,cust_0446,2591.04,INR,pay0000000b82,paid,2026-01-21T10:43:00Z
ORD0002947,INV0002947,cust_0447,8283.87,INR,pay0000000b83,paid,2026-01-13T13:55:00Z
ORD0002948,INV0002948,cust_0448,9691.44,INR,pay0000000b84,paid,2026-01-19T09:21:00Z
ORD0002949,INV0002949,cust_0449,7182.18,INR,pay0000000b85,paid,2026-01-22T16:11:00Z
ORD0002950,INV0002950,cust_0450,9779.41,INR,pay0000000b86,paid,2026-01-16T11:58:00Z
ORD0002951,INV0002951,cust_0451,6038.96,INR,pay0000000b87,paid,2026-01-06T18:37:00Z
ORD0002952,INV0002952,cust_0452,6379.68,INR,pay0000000b88,paid,2026-01-26T17:06:00Z
ORD0002953,INV0002953,cust_0453,3840.73,INR,pay0000000b89,paid,2026-01-01T21:33:00Z
ORD0002954,INV0002954,cust_0454,5863.23,INR,pay0000000b8a,paid,2026-01-11T06:39:00Z
ORD0002955,INV0002955,cust_0455,3017.60,INR,pay0000000b8b,paid,2026-01-27T14:14:00Z
ORD0002956,INV0002956,cust_0456,6539.51,INR,pay0000000b8c,paid,2026-01-04T22:52:00Z
ORD0002957,INV0002957,cust_0457,1191.95,INR,pay0000000b8d,paid,2026-01-16T21:10:00Z
ORD0002958,INV0002958,cust_0458,7394.16,INR,pay0000000b8e,paid,2026-01-11T13:17:00Z
ORD0002959,INV0002959,cust_0459,2208.95,INR,pay0000000b8f,paid,2026-01-13T15:05:00Z
ORD0002960,INV0002960,cust_0460,3431.40,INR,pay0000000b90,paid,2026-01-27T16:12:00Z
ORD0002961,INV0002961,cust_0461,3843.94,INR,pay0000000b91,paid,2026-01-20T12:52:00Z
ORD0002962,INV0002962,cust_0462,9973.00,INR,pay0000000b92,paid,2026-01-17T09:15:00Z
ORD0002963,INV0002963,cust_0463,485.16,INR,pay0000000b93,paid,2026-01-01T14:54:00Z
ORD0002964,INV0002964,cust_0464,8076.51,INR,pay0000000b94,paid,2026-01-26T08:02:00Z
ORD0002965,INV0002965,cust_0465,6461.27,INR,pay0000000b95,paid,2026-01-17T09:44:00Z
ORD0002966,INV0002966,cust_0466,635.63,INR,pay0000000b96,paid,2026-01-20T10:48:00Z
ORD0002967,INV0002967,cust_0467,1365.79,INR,pay0000000b97,paid,2026-01-08T22:33:00Z
ORD0002968,INV0002968,cust_0468,9339.26,INR,pay0000000b98,paid,2026-01-05T16:35:00Z
ORD0002969,INV0002969,cust_0469,8312.82,INR,pay0000000b99,paid,2026-01-25T20:34:00Z
ORD0002970,INV0002970,cust_0470,1762.30,INR,pay0000000b9a,paid,2026-01-05T21:45:00Z
ORD0002971,INV0002971,cust_0471,7772.87,INR,pay0000000b9b,paid,2026-01-22T14:34:00Z
ORD0002972,INV0002972,cust_0472,4429.61,INR,pay0000000b9c,paid,2026-01-12T16:50:00Z
ORD0002973,INV0002973,cust_0473,5269.17,INR,pay0000000b9d,paid,2026-01-05T15:39:00Z
ORD0002974,INV0002974,cust_0474,4494.03,INR,pay0000000b9e,paid,2026-01-11T06:08:00Z
ORD0002975,INV0002975,cust_0475,6707.13,INR,pay0000000b9f,paid,2026-01-08T13:04:00Z
ORD0002976,INV0002976,cust_0476,8664.32,INR,pay0000000ba0,paid,2026-01-27T09:51:00Z
ORD0002977,INV0002977,cust_0477,3569.42,INR,pay0000000ba1,paid,2026-01-16T07:33:00Z
ORD0002978,INV0002978,cust_0478,1914.97,INR,pay0000000ba2,paid,2026-01-22T09:18:00Z
ORD0002979,INV0002979,cust_0479,5507.84,INR,pay0000000ba3,paid,2026-01-20T18:24:00Z
ORD0002980,INV0002980,cust_0480,5149.62,INR,pay0000000ba4,paid,2026-01-05T21:54:00Z
ORD0002981,INV0002981,cust_0481,9430.32,INR,pay0000000ba5,paid,2026-01-21T20:46:00Z
ORD0002982,INV0002982,cust_0482,71.74,INR,pay0000000ba6,paid,2026-01-05T17:54:00Z
ORD0002983,INV0002983,cust_0483,3023.98,INR,pay0000000ba7,paid,2026-01-07T08:33:00Z
ORD0002984,INV0002984,cust_0484,8474.65,INR,pay0000000ba8,paid,2026-01-27T09:47:00Z
ORD0002985,INV0002985,cust_0485,1329.30,INR,pay0000000ba9,paid,2026-01-07T10:56:00Z
ORD0002986,INV0002986,cust_0486,6548.82,INR,pay0000000baa,paid,2026-01-03T07:24:00Z
ORD0002987,INV0002987,cust_0487,5453.30,INR,pay0000000bab,paid,2026-01-08T19:16:00Z
ORD0002988,INV0002988,cust_0488,5800.96,INR,pay0000000bac,paid,2026-01-15T17:01:00Z
ORD0002989,INV0002989,cust_0489,4241.51,INR,pay0000000bad,paid,2026-01-17T08:42:00Z
ORD0002990,INV0002990,cust_0490,9440.62,INR,pay0000000bae,paid,2026-01-12T21:29:00Z
ORD0002991,INV0002991,cust_0491,3813.29,INR,pay0000000baf,paid,2026-01-18T14:30:00Z
ORD0002992,INV0002992,cust_0492,5994.66,INR,pay0000000bb0,paid,2026-01-02T16:09:00Z
ORD0002993,INV0002993,cust_0493,8136.89,INR,pay0000000bb1,paid,2026-01-22T20:24:00Z
ORD0002994,INV0002994,cust_0494,1077.16,INR,pay0000000bb2,paid,2026-01-13T07:35:00Z
ORD0002995,INV0002995,cust_0495,6772.72,INR,pay0000000bb3,paid,2026-01-16T11:04:00Z
ORD0002996,INV0002996,cust_0496,8259.51,INR,pay0000000bb4,paid,2026-01-23T12:59:00Z
ORD0002997,INV0002997,cust_0497,8790.60,INR,pay0000000bb5,paid,2026-01-01T16:11:00Z
ORD0002998,INV0002998,cust_0498,5949.11,INR,pay0000000bb6,paid,2026-01-20T12:47:00Z
ORD0002999,INV0002999,cust_0499,7689.01,INR,pay0000000bb7,paid,2026-01-14T16:42:00Z
ORD0003000,INV0003000,cust_0000,2482.49,INR,pay0000000bb8,paid,2026-01-18T10:15:00Z
ORD0003001,INV0003001,cust_0001,7370.93,INR,pay0000000bb9,paid,2026-01-08T12:20:00Z
ORD0003002,INV0003002,cust_0002,1285.90,INR,pay0000000bba,paid,2026-01-16T20:47:00Z
ORD0003003,INV0003003,cust_0003,8480.02,INR,pay0000000bbb,paid,2026-01-13T15:15:00Z
ORD0003004,INV0003004,cust_0004,9079.72,INR,pay0000000bbc,paid,2026-01-09T21:39:00Z
ORD0003005,INV0003005,cust_0005,4690.31,INR,pay0000000bbd,paid,2026-01-20T20:00:00Z
ORD0003006,INV0003006,cust_0006,737.77,INR,pay0000000bbe,paid,2026-01-06T07:21:00Z
ORD0003007,INV0003007,cust_0007,5530.99,INR,pay0000000bbf,paid,2026-01-16T09:13:00Z
ORD0003008,INV0003008,cust_0008,9979.43,INR,pay0000000bc0,paid,2026-01-18T22:15:00Z
ORD0003009,INV0003009,cust_0009,1417.60,INR,pay0000000bc1,paid,2026-01-26T17:25:00Z
ORD0003010,INV0003010,cust_0010,1821.82,INR,pay0000000bc2,paid,2026-01-02T07:16:00Z
ORD0003011,INV0003011,cust_0011,9858.75,INR,pay0000000bc3,paid,2026-01-22T20:33:00Z
ORD0003012,INV0003012,cust_0012,4601.64,INR,pay0000000bc4,paid,2026-01-12T12:44:00Z
ORD0003013,INV0003013,cust_0013,3752.23,INR,pay0000000bc5,paid,2026-01-06T13:40:00Z
ORD0003014,INV0003014,cust_0014,8379.89,INR,pay0000000bc6,paid,2026-01-27T07:12:00Z
ORD0003015,INV0003015,cust_0015,2482.65,INR,pay0000000bc7,paid,2026-01-13T08:52:00Z
ORD0003016,INV0003016,cust_0016,4830.70,INR,pay0000000bc8,paid,2026-01-03T17:53:00Z
ORD0003017,INV0003017,cust_0017,5987.29,INR,pay0000000bc9,paid,2026-01-03T06:49:00Z
ORD0003018,INV0003018,cust_0018,9723.85,INR,pay0000000bca,paid,2026-01-24T17:42:00Z
ORD0003019,INV0003019,cust_0019,5016.86,INR,pay0000000bcb,paid,2026-01-09T22:12:00Z
ORD0003020,INV0003020,cust_0020,9564.38,INR,pay0000000bcc,paid,2026-01-01T19:30:00Z
ORD0003021,INV0003021,cust_0021,5246.46,INR,pay0000000bcd,paid,2026-01-03T09:09:00Z
ORD0003022,INV0003022,cust_0022,7678.01,INR,pay0000000bce,paid,2026-01-05T09:13:00Z
ORD0003023,INV0003023,cust_0023,9693.71,INR,pay0000000bcf,paid,2026-01-23T20:26:00Z
ORD0003024,INV0003024,cust_0024,7066.50,INR,pay0000000bd0,paid,2026-01-03T09:07:00Z
ORD0003025,INV0003025,cust_0025,1273.32,INR,pay0000000bd1,paid,2026-01-20T07:28:00Z
ORD0003026,INV0003026,cust_0026,9709.89,INR,pay0000000bd2,paid,2026-01-17T20:59:00Z
ORD0003027,INV0003027,cust_0027,7835.48,INR,pay0000000bd3,paid,2026-01-24T12:02:00Z
ORD0003028,INV0003028,cust_0028,3992.56,INR,pay0000000bd4,paid,2026-01-11T12:34:00Z
ORD0003029,INV0003029,cust_0029,9199.67,INR,pay0000000bd5,paid,2026-01-22T15:49:00Z
ORD0003030,INV0003030,cust_0030,8236.33,INR,pay0000000bd6,paid,2026-01-10T11:06:00Z
ORD0003031,INV0003031,cust_0031,4144.60,INR,pay0000000bd7,paid,2026-01-21T22:08:00Z
ORD0003032,INV0003032,cust_0032,3430.06,INR,pay0000000bd8,paid,2026-01-05T10:38:00Z
ORD0003033,INV0003033,cust_0033,8812.94,INR,pay0000000bd9,paid,2026-01-27T12:44:00Z
ORD0003034,INV0003034,cust_0034,8809.32,INR,pay0000000bda,paid,2026-01-26T08:51:00Z
ORD0003035,INV0003035,cust_0035,2255.43,INR,pay0000000bdb,paid,2026-01-23T17:08:00Z
ORD0003036,INV0003036,cust_0036,184.18,INR,pay0000000bdc,paid,2026-01-25T09:14:00Z
ORD0003037,INV0003037,cust_0037,2005.22,INR,pay0000000bdd,paid,2026-01-14T17:35:00Z
ORD0003038,INV0003038,cust_0038,3223.55,INR,pay0000000bde,paid,2026-01-25T10:13:00Z
ORD0003039,INV0003039,cust_0039,9317.42,INR,pay0000000bdf,paid,2026-01-24T10:01:00Z
ORD0003040,INV0003040,cust_0040,4434.81,INR,pay0000000be0,paid,2026-01-04T17:39:00Z
ORD0003041,INV0003041,cust_0041,5193.95,INR,pay0000000be1,paid,2026-01-09T07:10:00Z
ORD0003042,INV0003042,cust_0042,4526.68,INR,pay0000000be2,paid,2026-01-14T06:26:00Z
ORD0003043,INV0003043,cust_0043,2955.68,INR,pay0000000be3,paid,2026-01-17T09:21:00Z
ORD0003044,INV0003044,cust_0044,1668.02,INR,pay0000000be4,paid,2026-01-27T06:14:00Z
ORD0003045,INV0003045,cust_0045,181.79,INR,pay0000000be5,paid,2026-01-20T17:58:00Z
ORD0003046,INV0003046,cust_0046,8062.38,INR,pay0000000be6,paid,2026-01-21T20:23:00Z
ORD0003047,INV0003047,cust_0047,3894.04,INR,pay0000000be7,paid,2026-01-15T17:23:00Z
ORD0003048,INV0003048,cust_0048,9922.11,INR,pay0000000be8,paid,2026-01-08T14:30:00Z
ORD0003049,INV0003049,cust_0049,2637.96,INR,pay0000000be9,paid,2026-01-15T19:00:00Z
ORD0003050,INV0003050,cust_0050,8070.19,INR,pay0000000bea,paid,2026-01-04T22:07:00Z
ORD0003051,INV0003051,cust_0051,5812.46,INR,pay0000000beb,paid,2026-01-08T09:28:00Z
ORD0003052,INV0003052,cust_0052,948.51,INR,pay0000000bec,paid,2026-01-16T11:27:00Z
ORD0003053,INV0003053,cust_0053,5424.58,INR,pay0000000bed,paid,2026-01-04T17:28:00Z
ORD0003054,INV0003054,cust_0054,9111.17,INR,pay0000000bee,paid,2026-01-24T09:21:00Z
ORD0003055,INV0003055,cust_0055,2054.81,INR,pay0000000bef,paid,2026-01-17T07:26:00Z
ORD0003056,INV0003056,cust_0056,4848.85,INR,pay0000000bf0,paid,2026-01-23T13:21:00Z
ORD0003057,INV0003057,cust_0057,3022.01,INR,pay0000000bf1,paid,2026-01-12T22:17:00Z
ORD0003058,INV0003058,cust_0058,4205.77,INR,pay0000000bf2,paid,2026-01-06T09:45:00Z
ORD0003059,INV0003059,cust_0059,3663.83,INR,pay0000000bf3,paid,2026-01-18T22:43:00Z
ORD0003060,INV0003060,cust_0060,4508.47,INR,pay0000000bf4,paid,2026-01-20T14:31:00Z
ORD0003061,INV0003061,cust_0061,62.32,INR,pay0000000bf5,paid,2026-01-11T12:42:00Z
ORD0003062,INV0003062,cust_0062,8630.43,INR,pay0000000bf6,paid,2026-01-26T20:59:00Z
ORD0003063,INV0003063,cust_0063,4585.27,INR,pay0000000bf7,paid,2026-01-27T10:05:00Z
ORD0003064,INV0003064,cust_0064,1454.36,INR,pay0000000bf8,paid,2026-01-23T21:01:00Z
ORD0003065,INV0003065,cust_0065,4230.59,INR,pay0000000bf9,paid,2026-01-14T19:06:00Z
ORD0003066,INV0003066,cust_0066,266.44,INR,pay0000000bfa,paid,2026-01-25T08:50:00Z
ORD0003067,INV0003067,cust_0067,5097.44,INR,pay0000000bfb,paid,2026-01-22T20:07:00Z
ORD0003068,INV0003068,cust_0068,2479.13,INR,pay0000000bfc,paid,2026-01-18T08:52:00Z
ORD0003069,INV0003069,cust_0069,9000.94,INR,pay0000000bfd,paid,2026-01-23T14:36:00Z
ORD0003070,INV0003070,cust_0070,7426.07,INR,pay0000000bfe,paid,2026-01-03T16:50:00Z
ORD0003071,INV0003071,cust_0071,6389.24,INR,pay0000000bff,paid,2026-01-17T07:51:00Z
ORD0003072,INV0003072,cust_0072,6274.78,INR,pay0000000c00,paid,2026-01-27T21:59:00Z
ORD0003073,INV0003073,cust_0073,5172.63,INR,pay0000000c01,paid,2026-01-21T13:41:00Z
ORD0003074,INV0003074,cust_0074,4608.43,INR,pay0000000c02,paid,2026-01-22T09:52:00Z
ORD0003075,INV0003075,cust_0075,7868.34,INR,pay0000000c03,paid,2026-01-10T09:26:00Z
ORD0003076,INV0003076,cust_0076,5090.12,INR,pay0000000c04,paid,2026-01-10T07:31:00Z
ORD0003077,INV0003077,cust_0077,2451.31,INR,pay0000000c05,paid,2026-01-27T11:48:00Z
ORD0003078,INV0003078,cust_0078,7732.66,INR,pay0000000c06,paid,2026-01-23T22:42:00Z
ORD0003079,INV0003079,cust_0079,5965.76,INR,pay0000000c07,paid,2026-01-04T20:51:00Z
ORD0003080,INV0003080,cust_0080,9558.27,INR,pay0000000c08,paid,2026-01-09T11:56:00Z
ORD0003081,INV0003081,cust_0081,5411.15,INR,pay0000000c09,paid,2026-01-15T11:06:00Z
ORD0003082,INV0003082,cust_0082,6981.78,INR,pay0000000c0a,paid,2026-01-22T06:40:00Z
ORD0003083,INV0003083,cust_0083,9825.04,INR,pay0000000c0b,paid,2026-01-18T08:15:00Z
ORD0003084,INV0003084,cust_0084,6248.99,INR,pay0000000c0c,paid,2026-01-17T20:57:00Z
ORD0003085,INV0003085,cust_0085,240.01,INR,pay0000000c0d,paid,2026-01-24T22:40:00Z
ORD0003086,INV0003086,cust_0086,5334.04,INR,pay0000000c0e,paid,2026-01-01T08:34:00Z
ORD0003087,INV0003087,cust_0087,1454.55,INR,pay0000000c0f,paid,2026-01-06T09:28:00Z
ORD0003088,INV0003088,cust_0088,9726.37,INR,pay0000000c10,paid,2026-01-08T20:32:00Z
ORD0003089,INV0003089,cust_0089,5657.87,INR,pay0000000c11,paid,2026-01-06T07:51:00Z
ORD0003090,INV0003090,cust_0090,4396.30,INR,pay0000000c12,paid,2026-01-16T16:30:00Z
ORD0003091,INV0003091,cust_0091,1890.65,INR,pay0000000c13,paid,2026-01-27T12:24:00Z
ORD0003092,INV0003092,cust_0092,4233.16,INR,pay0000000c14,paid,2026-01-03T08:59:00Z
ORD0003093,INV0003093,cust_0093,7075.97,INR,pay0000000c15,paid,2026-01-27T14:50:00Z
ORD0003094,INV0003094,cust_0094,5873.76,INR,pay0000000c16,paid,2026-01-17T10:29:00Z
ORD0003095,INV0003095,cust_0095,7033.35,INR,pay0000000c17,paid,2026-01-16T07:17:00Z
ORD0003096,INV0003096,cust_0096,7485.35,INR,pay0000000c18,paid,2026-01-04T14:57:00Z
ORD0003097,INV0003097,cust_0097,3723.35,INR,pay0000000c19,paid,2026-01-14T07:31:00Z
ORD0003098,INV0003098,cust_0098,2984.18,INR,pay0000000c1a,paid,2026-01-22T13:21:00Z
ORD0003099,INV0003099,cust_0099,8173.72,INR,pay0000000c1b,paid,2026-01-15T18:11:00Z
ORD0003100,INV0003100,cust_0100,9717.19,INR,pay0000000c1c,paid,2026-01-14T15:53:00Z
ORD0003101,INV0003101,cust_0101,2612.33,INR,pay0000000c1d,paid,2026-01-24T14:59:00Z
ORD0003102,INV0003102,cust_0102,3280.68,INR,pay0000000c1e,paid,2026-01-05T08:28:00Z
ORD0003103,INV0003103,cust_0103,1076.74,INR,pay0000000c1f,paid,2026-01-13T10:10:00Z
ORD0003104,INV0003104,cust_0104,8661.20,INR,pay0000000c20,paid,2026-01-21T19:17:00Z
ORD0003105,INV0003105,cust_0105,5274.43,INR,pay0000000c21,paid,2026-01-19T13:17:00Z
ORD0003106,INV0003106,cust_0106,5266.84,INR,pay0000000c22,paid,2026-01-08T07:56:00Z
ORD0003107,INV0003107,cust_0107,4148.85,INR,pay0000000c23,paid,2026-01-16T10:48:00Z
ORD0003108,INV0003108,cust_0108,719.60,INR,pay0000000c24,paid,2026-01-14T06:39:00Z
ORD0003109,INV0003109,cust_0109,2253.69,INR,pay0000000c25,paid,2026-01-27T09:37:00Z
ORD0003110,INV0003110,cust_0110,7926.89,INR,pay0000000c26,paid,2026-01-20T11:52:00Z
ORD0003111,INV0003111,cust_0111,7551.75,INR,pay0000000c27,paid,2026-01-14T06:21:00Z
ORD0003112,INV0003112,cust_0112,4205.68,INR,pay0000000c28,paid,2026-01-11T06:58:00Z
ORD0003113,INV0003113,cust_0113,2924.41,INR,pay0000000c29,paid,2026-01-25T15:31:00Z
ORD0003114,INV0003114,cust_0114,1025.90,INR,pay0000000c2a,paid,2026-01-14T16:41:00Z
ORD0003115,INV0003115,cust_0115,2873.90,INR,pay0000000c2b,paid,2026-01-01T19:25:00Z
ORD0003116,INV0003116,cust_0116,5082.62,INR,pay0000000c2c,paid,2026-01-24T08:49:00Z
ORD0003117,INV0003117,cust_0117,6239.27,INR,pay0000000c2d,paid,2026-01-18T07:34:00Z
ORD0003118,INV0003118,cust_0118,4846.53,INR,pay0000000c2e,paid,2026-01-27T10:06:00Z
ORD0003119,INV0003119,cust_0119,4342.95,INR,pay0000000c2f,paid,2026-01-17T09:50:00Z
ORD0003120,INV0003120,cust_0120,9642.63,INR,pay0000000c30,paid,2026-01-13T18:16:00Z
ORD0003121,INV0003121,cust_0121,5650.57,INR,pay0000000c31,paid,2026-01-20T13:44:00Z
ORD0003122,INV0003122,cust_0122,5767.47,INR,pay0000000c32,paid,2026-01-15T15:59:00Z
ORD0003123,INV0003123,cust_0123,7226.42,INR,pay0000000c33,paid,2026-01-03T16:21:00Z
ORD0003124,INV0003124,cust_0124,8431.13,INR,pay0000000c34,paid,2026-01-22T07:07:00Z
ORD0003125,INV0003125,cust_0125,6287.10,INR,pay0000000c35,paid,2026-01-22T11:03:00Z
ORD0003126,INV0003126,cust_0126,2588.65,INR,pay0000000c36,paid,2026-01-23T18:56:00Z
ORD0003127,INV0003127,cust_0127,743.02,INR,pay0000000c37,paid,2026-01-16T08:27:00Z
ORD0003128,INV0003128,cust_0128,6254.58,INR,pay0000000c38,paid,2026-01-18T18:13:00Z
ORD0003129,INV0003129,cust_0129,7443.14,INR,pay0000000c39,paid,2026-01-21T10:06:00Z
ORD0003130,INV0003130,cust_0130,3909.77,INR,pay0000000c3a,paid,2026-01-20T07:24:00Z
ORD0003131,INV0003131,cust_0131,6007.04,INR,pay0000000c3b,paid,2026-01-10T10:19:00Z
ORD0003132,INV0003132,cust_0132,497.39,INR,pay0000000c3c,paid,2026-01-10T18:24:00Z
ORD0003133,INV0003133,cust_0133,7770.33,INR,pay0000000c3d,paid,2026-01-18T19:27:00Z
ORD0003134,INV0003134,cust_0134,1701.90,INR,pay0000000c3e,paid,2026-01-01T15:20:00Z
ORD0003135,INV0003135,cust_0135,4651.19,INR,pay0000000c3f,paid,2026-01-11T06:36:00Z
ORD0003136,INV0003136,cust_0136,2319.54,INR,pay0000000c40,paid,2026-01-07T22:51:00Z
ORD0003137,INV0003137,cust_0137,2547.97,INR,pay0000000c41,paid,2026-01-26T17:16:00Z
ORD0003138,INV0003138,cust_0138,8962.86,INR,pay0000000c42,paid,2026-01-21T11:49:00Z
ORD0003139,INV0003139,cust_0139,573.24,INR,pay0000000c43,paid,2026-01-04T18:40:00Z
ORD0003140,INV0003140,cust_0140,2405.21,INR,pay0000000c44,paid,2026-01-02T06:44:00Z
ORD0003141,INV0003141,cust_0141,1963.09,INR,pay0000000c45,paid,2026-01-04T11:09:00Z
ORD0003142,INV0003142,cust_0142,8374.64,INR,pay0000000c46,paid,2026-01-15T19:56:00Z
ORD0003143,INV0003143,cust_0143,1413.62,INR,pay0000000c47,paid,2026-01-25T16:39:00Z
ORD0003144,INV0003144,cust_0144,2950.77,INR,pay0000000c48,paid,2026-01-23T09:05:00Z
ORD0003145,INV0003145,cust_0145,2639.03,INR,pay0000000c49,paid,2026-01-18T22:40:00Z
ORD0003146,INV0003146,cust_0146,162.43,INR,pay0000000c4a,paid,2026-01-04T21:37:00Z
ORD0003147,INV0003147,cust_0147,5190.56,INR,pay0000000c4b,paid,2026-01-18T10:12:00Z
ORD0003148,INV0003148,cust_0148,9258.45,INR,pay0000000c4c,paid,2026-01-12T20:59:00Z
ORD0003149,INV0003149,cust_0149,7536.69,INR,pay0000000c4d,paid,2026-01-14T14:54:00Z
ORD0003150,INV0003150,cust_0150,565.68,INR,pay0000000c4e,paid,2026-01-07T22:16:00Z
ORD0003151,INV0003151,cust_0151,4514.75,INR,pay0000000c4f,paid,2026-01-12T18:55:00Z
ORD0003152,INV0003152,cust_0152,3678.73,INR,pay0000000c50,paid,2026-01-27T11:23:00Z
ORD0003153,INV0003153,cust_0153,1346.30,INR,pay0000000c51,paid,2026-01-04T13:32:00Z
ORD0003154,INV0003154,cust_0154,7894.71,INR,pay0000000c52,paid,2026-01-09T07:02:00Z
ORD0003155,INV0003155,cust_0155,6850.32,INR,pay0000000c53,paid,2026-01-12T15:41:00Z
ORD0003156,INV0003156,cust_0156,9126.25,INR,pay0000000c54,paid,2026-01-07T08:07:00Z
ORD0003157,INV0003157,cust_0157,7480.56,INR,pay0000000c55,paid,2026-01-15T15:49:00Z
ORD0003158,INV0003158,cust_0158,7669.79,INR,pay0000000c56,paid,2026-01-16T08:28:00Z
ORD0003159,INV0003159,cust_0159,2551.95,INR,pay0000000c57,paid,2026-01-22T15:41:00Z
ORD0003160,INV0003160,cust_0160,326.96,INR,pay0000000c58,paid,2026-01-07T18:43:00Z
ORD0003161,INV0003161,cust_0161,3713.08,INR,pay0000000c59,paid,2026-01-23T06:41:00Z
ORD0003162,INV0003162,cust_0162,710.39,INR,pay0000000c5a,paid,2026-01-20T18:15:00Z
ORD0003163,INV0003163,cust_0163,6667.04,INR,pay0000000c5b,paid,2026-01-07T07:24:00Z
ORD0003164,INV0003164,cust_0164,5723.08,INR,pay0000000c5c,paid,2026-01-17T10:17:00Z
ORD0003165,INV0003165,cust_0165,2411.67,INR,pay0000000c5d,paid,2026-01-10T06:02:00Z
ORD0003166,INV0003166,cust_0166,7503.94,INR,pay0000000c5e,paid,2026-01-13T20:30:00Z
ORD0003167,INV0003167,cust_0167,707.13,INR,pay0000000c5f,paid,2026-01-27T19:22:00Z
ORD0003168,INV0003168,cust_0168,9618.23,INR,pay0000000c60,paid,2026-01-22T17:16:00Z
ORD0003169,INV0003169,cust_0169,8597.54,INR,pay0000000c61,paid,2026-01-18T17:44:00Z
ORD0003170,INV0003170,cust_0170,2285.05,INR,pay0000000c62,paid,2026-01-15T09:00:00Z
ORD0003171,INV0003171,cust_0171,6251.95,INR,pay0000000c63,paid,2026-01-04T10:34:00Z
ORD0003172,INV0003172,cust_0172,2683.65,INR,pay0000000c64,paid,2026-01-18T18:51:00Z
ORD0003173,INV0003173,cust_0173,6153.07,INR,pay0000000c65,paid,2026-01-17T22:49:00Z
ORD0003174,INV0003174,cust_0174,3302.79,INR,pay0000000c66,paid,2026-01-16T10:53:00Z
ORD0003175,INV0003175,cust_0175,4717.44,INR,pay0000000c67,paid,2026-01-22T10:16:00Z
ORD0003176,INV0003176,cust_0176,7648.06,INR,pay0000000c68,paid,2026-01-20T18:45:00Z
ORD0003177,INV0003177,cust_0177,9489.98,INR,pay0000000c69,paid,2026-01-07T13:37:00Z
ORD0003178,INV0003178,cust_0178,2503.41,INR,pay0000000c6a,paid,2026-01-19T09:09:00Z
ORD0003179,INV0003179,cust_0179,4114.33,INR,pay0000000c6b,paid,2026-01-27T11:56:00Z
ORD0003180,INV0003180,cust_0180,5426.98,INR,pay0000000c6c,paid,2026-01-17T07:45:00Z
ORD0003181,INV0003181,cust_0181,1764.33,INR,pay0000000c6d,paid,2026-01-05T09:02:00Z
ORD0003182,INV0003182,cust_0182,1847.65,INR,pay0000000c6e,paid,2026-01-01T06:04:00Z
ORD0003183,INV0003183,cust_0183,4555.51,INR,pay0000000c6f,paid,2026-01-13T09:02:00Z
ORD0003184,INV0003184,cust_0184,6263.59,INR,pay0000000c70,paid,2026-01-22T21:45:00Z
ORD0003185,INV0003185,cust_0185,3103.24,INR,pay0000000c71,paid,2026-01-07T17:24:00Z
ORD0003186,INV0003186,cust_0186,3039.19,INR,pay0000000c72,paid,2026-01-11T13:41:00Z
ORD0003187,INV0003187,cust_0187,501.65,INR,pay0000000c73,paid,2026-01-26T21:17:00Z
ORD0003188,INV0003188,cust_0188,2049.59,INR,pay0000000c74,paid,2026-01-11T15:26:00Z
ORD0003189,INV0003189,cust_0189,8289.85,INR,pay0000000c75,paid,2026-01-04T07:00:00Z
ORD0003190,INV0003190,cust_0190,7886.06,INR,pay0000000c76,paid,2026-01-13T11:00:00Z
ORD0003191,INV0003191,cust_0191,9992.65,INR,pay0000000c77,paid,2026-01-24T18:28:00Z
ORD0003192,INV0003192,cust_0192,4543.76,INR,pay0000000c78,paid,2026-01-22T18:27:00Z
ORD0003193,INV0003193,cust_0193,9611.42,INR,pay0000000c79,paid,2026-01-12T15:55:00Z
ORD0003194,INV0003194,cust_0194,9356.29,INR,pay0000000c7a,paid,2026-01-08T15:00:00Z
ORD0003195,INV0003195,cust_0195,4186.96,INR,pay0000000c7b,paid,2026-01-20T14:49:00Z
ORD0003196,INV0003196,cust_0196,8110.55,INR,pay0000000c7c,paid,2026-01-18T12:27:00Z
ORD0003197,INV0003197,cust_0197,5813.70,INR,pay0000000c7d,paid,2026-01-05T18:34:00Z
ORD0003198,INV0003198,cust_0198,4254.42,INR,pay0000000c7e,paid,2026-01-06T18:38:00Z
ORD0003199,INV0003199,cust_0199,5666.63,INR,pay0000000c7f,paid,2026-01-14T22:57:00Z
ORD0003200,INV0003200,cust_0200,7157.63,INR,pay0000000c80,paid,2026-01-22T21:50:00Z
ORD0003201,INV0003201,cust_0201,3895.17,INR,pay0000000c81,paid,2026-01-26T19:11:00Z
ORD0003202,INV0003202,cust_0202,5975.06,INR,pay0000000c82,paid,2026-01-15T18:01:00Z
ORD0003203,INV0003203,cust_0203,238.59,INR,pay0000000c83,paid,2026-01-03T10:27:00Z
ORD0003204,INV0003204,cust_0204,6622.14,INR,pay0000000c84,paid,2026-01-17T11:24:00Z
ORD0003205,INV0003205,cust_0205,5806.72,INR,pay0000000c85,paid,2026-01-01T17:59:00Z
ORD0003206,INV0003206,cust_0206,3792.52,INR,pay0000000c86,paid,2026-01-11T22:20:00Z
ORD0003207,INV0003207,cust_0207,3054.12,INR,pay0000000c87,paid,2026-01-23T08:42:00Z
ORD0003208,INV0003208,cust_0208,4043.03,INR,pay0000000c88,paid,2026-01-20T11:50:00Z
ORD0003209,INV0003209,cust_0209,8364.61,INR,pay0000000c89,paid,2026-01-27T10:17:00Z
ORD0003210,INV0003210,cust_0210,4228.79,INR,pay0000000c8a,paid,2026-01-05T19:17:00Z
ORD0003211,INV0003211,cust_0211,9893.33,INR,pay0000000c8b,paid,2026-01-16T16:32:00Z
ORD0003212,INV0003212,cust_0212,8510.65,INR,pay0000000c8c,paid,2026-01-23T14:46:00Z
ORD0003213,INV0003213,cust_0213,1387.97,INR,pay0000000c8d,paid,2026-01-04T17:43:00Z
ORD0003214,INV0003214,cust_0214,8760.69,INR,pay0000000c8e,paid,2026-01-02T16:27:00Z
ORD0003215,INV0003215,cust_0215,1329.65,INR,pay0000000c8f,paid,2026-01-12T21:53:00Z
ORD0003216,INV0003216,cust_0216,6633.24,INR,pay0000000c90,paid,2026-01-13T13:59:00Z
ORD0003217,INV0003217,cust_0217,9973.17,INR,pay0000000c91,paid,2026-01-02T20:10:00Z
ORD0003218,INV0003218,cust_0218,9070.11,INR,pay0000000c92,paid,2026-01-16T11:32:00Z
ORD0003219,INV0003219,cust_0219,9310.31,INR,pay0000000c93,paid,2026-01-24T14:00:00Z
ORD0003220,INV0003220,cust_0220,6841.18,INR,pay0000000c94,paid,2026-01-27T22:11:00Z
ORD0003221,INV0003221,cust_0221,2525.46,INR,pay0000000c95,paid,2026-01-03T10:26:00Z
ORD0003222,INV0003222,cust_0222,5690.85,INR,pay0000000c96,paid,2026-01-26T17:00:00Z
ORD0003223,INV0003223,cust_0223,6731.40,INR,pay0000000c97,paid,2026-01-23T07:05:00Z
ORD0003224,INV0003224,cust_0224,15.75,INR,pay0000000c98,paid,2026-01-20T11:54:00Z
ORD0003225,INV0003225,cust_0225,6893.48,INR,pay0000000c99,paid,2026-01-03T16:11:00Z
ORD0003226,INV0003226,cust_0226,462.38,INR,pay0000000c9a,paid,2026-01-24T17:14:00Z
ORD0003227,INV0003227,cust_0227,1432.78,INR,pay0000000c9b,paid,2026-01-07T07:02:00Z
ORD0003228,INV0003228,cust_0228,6229.85,INR,pay0000000c9c,paid,2026-01-11T06:00:00Z
ORD0003229,INV0003229,cust_0229,8707.94,INR,pay0000000c9d,paid,2026-01-21T08:56:00Z
ORD0003230,INV0003230,cust_0230,5895.63,INR,pay0000000c9e,paid,2026-01-23T16:44:00Z
ORD0003231,INV0003231,cust_0231,1481.91,INR,pay0000000c9f,paid,2026-01-26T22:29:00Z
ORD0003232,INV0003232,cust_0232,2242.01,INR,pay0000000ca0,paid,2026-01-14T17:08:00Z
ORD0003233,INV0003233,cust_0233,4956.55,INR,pay0000000ca1,paid,2026-01-25T09:26:00Z
ORD0003234,INV0003234,cust_0234,8320.53,INR,pay0000000ca2,paid,2026-01-24T22:59:00Z
ORD0003235,INV0003235,cust_0235,3264.54,INR,pay0000000ca3,paid,2026-01-26T08:13:00Z
ORD0003236,INV0003236,cust_0236,8128.14,INR,pay0000000ca4,paid,2026-01-18T18:14:00Z
ORD0003237,INV0003237,cust_0237,9249.75,INR,pay0000000ca5,paid,2026-01-26T17:28:00Z
ORD0003238,INV0003238,cust_0238,8643.76,INR,pay0000000ca6,paid,2026-01-08T16:55:00Z
ORD0003239,INV0003239,cust_0239,4258.35,INR,pay0000000ca7,paid,2026-01-09T19:02:00Z
ORD0003240,INV0003240,cust_0240,6173.62,INR,pay0000000ca8,paid,2026-01-18T13:45:00Z
ORD0003241,INV0003241,cust_0241,5283.32,INR,pay0000000ca9,paid,2026-01-07T15:11:00Z
ORD0003242,INV0003242,cust_0242,8370.47,INR,pay0000000caa,paid,2026-01-21T15:25:00Z
ORD0003243,INV0003243,cust_0243,8564.57,INR,pay0000000cab,paid,2026-01-15T14:45:00Z
ORD0003244,INV0003244,cust_0244,6504.85,INR,pay0000000cac,paid,2026-01-11T17:05:00Z
ORD0003245,INV0003245,cust_0245,5924.95,INR,pay0000000cad,paid,2026-01-06T06:38:00Z
ORD0003246,INV0003246,cust_0246,9466.44,INR,pay0000000cae,paid,2026-01-25T16:06:00Z
ORD0003247,INV0003247,cust_0247,3250.06,INR,pay0000000caf,paid,2026-01-24T06:42:00Z
ORD0003248,INV0003248,cust_0248,1050.74,INR,pay0000000cb0,paid,2026-01-03T09:29:00Z
ORD0003249,INV0003249,cust_0249,205.24,INR,pay0000000cb1,paid,2026-01-05T16:51:00Z
ORD0003250,INV0003250,cust_0250,571.05,INR,pay0000000cb2,paid,2026-01-22T11:10:00Z
ORD0003251,INV0003251,cust_0251,6516.47,INR,pay0000000cb3,paid,2026-01-12T13:20:00Z
ORD0003252,INV0003252,cust_0252,11.81,INR,pay0000000cb4,paid,2026-01-03T10:11:00Z
ORD0003253,INV0003253,cust_0253,9443.20,INR,pay0000000cb5,paid,2026-01-19T17:55:00Z
ORD0003254,INV0003254,cust_0254,4384.70,INR,pay0000000cb6,paid,2026-01-25T07:05:00Z
ORD0003255,INV0003255,cust_0255,9052.36,INR,pay0000000cb7,paid,2026-01-24T11:58:00Z
ORD0003256,INV0003256,cust_0256,6649.99,INR,pay0000000cb8,paid,2026-01-20T16:02:00Z
ORD0003257,INV0003257,cust_0257,8026.44,INR,pay0000000cb9,paid,2026-01-15T12:54:00Z
ORD0003258,INV0003258,cust_0258,524.22,INR,pay0000000cba,paid,2026-01-12T17:41:00Z
ORD0003259,INV0003259,cust_0259,8700.14,INR,pay0000000cbb,paid,2026-01-03T07:00:00Z
ORD0003260,INV0003260,cust_0260,6527.56,INR,pay0000000cbc,paid,2026-01-07T15:49:00Z
ORD0003261,INV0003261,cust_0261,9413.47,INR,pay0000000cbd,paid,2026-01-19T09:00:00Z
ORD0003262,INV0003262,cust_0262,334.59,INR,pay0000000cbe,paid,2026-01-07T19:02:00Z
ORD0003263,INV0003263,cust_0263,7977.50,INR,pay0000000cbf,paid,2026-01-10T08:04:00Z
ORD0003264,INV0003264,cust_0264,9545.54,INR,pay0000000cc0,paid,2026-01-04T13:41:00Z
ORD0003265,INV0003265,cust_0265,1832.27,INR,pay0000000cc1,paid,2026-01-18T17:22:00Z
ORD0003266,INV0003266,cust_0266,3575.06,INR,pay0000000cc2,paid,2026-01-05T07:23:00Z
ORD0003267,INV0003267,cust_0267,5975.53,INR,pay0000000cc3,paid,2026-01-19T06:41:00Z
ORD0003268,INV0003268,cust_0268,9892.07,INR,pay0000000cc4,paid,2026-01-27T07:04:00Z
ORD0003269,INV0003269,cust_0269,5011.95,INR,pay0000000cc5,paid,2026-01-09T07:49:00Z
ORD0003270,INV0003270,cust_0270,5257.88,INR,pay0000000cc6,paid,2026-01-09T10:45:00Z
ORD0003271,INV0003271,cust_0271,3035.13,INR,pay0000000cc7,paid,2026-01-10T17:55:00Z
ORD0003272,INV0003272,cust_0272,3957.88,INR,pay0000000cc8,paid,2026-01-25T11:21:00Z
ORD0003273,INV0003273,cust_0273,6641.26,INR,pay0000000cc9,paid,2026-01-12T06:04:00Z
ORD0003274,INV0003274,cust_0274,3288.12,INR,pay0000000cca,paid,2026-01-09T10:57:00Z
ORD0003275,INV0003275,cust_0275,4821.93,INR,pay0000000ccb,paid,2026-01-18T14:11:00Z
ORD0003276,INV0003276,cust_0276,6941.24,INR,pay0000000ccc,paid,2026-01-19T10:14:00Z
ORD0003277,INV0003277,cust_0277,1003.75,INR,pay0000000ccd,paid,2026-01-03T06:47:00Z
ORD0003278,INV0003278,cust_0278,8801.82,INR,pay0000000cce,paid,2026-01-22T07:22:00Z
ORD0003279,INV0003279,cust_0279,5677.94,INR,pay0000000ccf,paid,2026-01-18T19:32:00Z
ORD0003280,INV0003280,cust_0280,931.79,INR,pay0000000cd0,paid,2026-01-13T18:28:00Z
ORD0003281,INV0003281,cust_0281,73.10,INR,pay0000000cd1,paid,2026-01-10T16:59:00Z
ORD0003282,INV0003282,cust_0282,5904.00,INR,pay0000000cd2,paid,2026-01-18T20:20:00Z
ORD0003283,INV0003283,cust_0283,8090.21,INR,pay0000000cd3,paid,2026-01-14T15:10:00Z
ORD0003284,INV0003284,cust_0284,8846.21,INR,pay0000000cd4,paid,2026-01-08T19:42:00Z
ORD0003285,INV0003285,cust_0285,1488.37,INR,pay0000000cd5,paid,2026-01-15T17:22:00Z
ORD0003286,INV0003286,cust_0286,4863.75,INR,pay0000000cd6,paid,2026-01-01T10:00:00Z
ORD0003287,INV0003287,cust_0287,2371.10,INR,pay0000000cd7,paid,2026-01-23T06:11:00Z
ORD0003288,INV0003288,cust_0288,1769.21,INR,pay0000000cd8,paid,2026-01-04T11:04:00Z
ORD0003289,INV0003289,cust_0289,5481.22,INR,pay0000000cd9,paid,2026-01-19T21:46:00Z
ORD0003290,INV0003290,cust_0290,4553.03,INR,pay0000000cda,paid,2026-01-04T09:32:00Z
ORD0003291,INV0003291,cust_0291,3489.58,INR,pay0000000cdb,paid,2026-01-18T08:46:00Z
ORD0003292,INV0003292,cust_0292,4867.77,INR,pay0000000cdc,paid,2026-01-23T21:10:00Z
ORD0003293,INV0003293,cust_0293,5423.66,INR,pay0000000cdd,paid,2026-01-02T07:48:00Z
ORD0003294,INV0003294,cust_0294,8032.77,INR,pay0000000cde,paid,2026-01-26T12:04:00Z
ORD0003295,INV0003295,cust_0295,1625.81,INR,pay0000000cdf,paid,2026-01-17T21:57:00Z
ORD0003296,INV0003296,cust_0296,9254.15,INR,pay0000000ce0,paid,2026-01-10T07:42:00Z
ORD0003297,INV0003297,cust_0297,7579.72,INR,pay0000000ce1,paid,2026-01-25T21:10:00Z
ORD0003298,INV0003298,cust_0298,2246.34,INR,pay0000000ce2,paid,2026-01-20T15:34:00Z
ORD0003299,INV0003299,cust_0299,9919.43,INR,pay0000000ce3,paid,2026-01-05T07:16:00Z
ORD0003300,INV0003300,cust_0300,2928.02,INR,pay0000000ce4,paid,2026-01-21T12:46:00Z
ORD0003301,INV0003301,cust_0301,697.46,INR,pay0000000ce5,paid,2026-01-14T17:36:00Z
ORD0003302,INV0003302,cust_0302,7063.24,INR,pay0000000ce6,paid,2026-01-05T06:08:00Z
ORD0003303,INV0003303,cust_0303,2909.53,INR,pay0000000ce7,paid,2026-01-23T10:14:00Z
ORD0003304,INV0003304,cust_0304,5227.19,INR,pay0000000ce8,paid,2026-01-12T10:44:00Z
ORD0003305,INV0003305,cust_0305,2038.85,INR,pay0000000ce9,paid,2026-01-02T10:32:00Z
ORD0003306,INV0003306,cust_0306,498.19,INR,pay0000000cea,paid,2026-01-14T14:25:00Z
ORD0003307,INV0003307,cust_0307,8654.47,INR,pay0000000ceb,paid,2026-01-02T17:45:00Z
ORD0003308,INV0003308,cust_0308,4618.42,INR,pay0000000cec,paid,2026-01-15T20:22:00Z
ORD0003309,INV0003309,cust_0309,1389.32,INR,pay0000000ced,paid,2026-01-25T08:43:00Z
ORD0003310,INV0003310,cust_0310,945.14,INR,pay0000000cee,paid,2026-01-14T08:30:00Z
ORD0003311,INV0003311,cust_0311,433.62,INR,pay0000000cef,paid,2026-01-06T22:13:00Z
ORD0003312,INV0003312,cust_0312,8835.54,INR,pay0000000cf0,paid,2026-01-24T14:04:00Z
ORD0003313,INV0003313,cust_0313,1586.62,INR,pay0000000cf1,paid,2026-01-19T08:51:00Z
ORD0003314,INV0003314,cust_0314,151.71,INR,pay0000000cf2,paid,2026-01-17T07:23:00Z
ORD0003315,INV0003315,cust_0315,8826.02,INR,pay0000000cf3,paid,2026-01-14T18:29:00Z
ORD0003316,INV0003316,cust_0316,4136.40,INR,pay0000000cf4,paid,2026-01-05T08:36:00Z
ORD0003317,INV0003317,cust_0317,638.80,INR,pay0000000cf5,paid,2026-01-10T15:49:00Z
ORD0003318,INV0003318,cust_0318,4628.96,INR,pay0000000cf6,paid,2026-01-14T18:12:00Z
ORD0003319,INV0003319,cust_0319,1982.24,INR,pay0000000cf7,paid,2026-01-23T13:36:00Z
ORD0003320,INV0003320,cust_0320,1759.00,INR,pay0000000cf8,paid,2026-01-15T12:08:00Z
ORD0003321,INV0003321,cust_0321,9254.11,INR,pay0000000cf9,paid,2026-01-27T09:05:00Z
ORD0003322,INV0003322,cust_0322,8245.02,INR,pay0000000cfa,paid,2026-01-14T10:58:00Z
ORD0003323,INV0003323,cust_0323,5822.55,INR,pay0000000cfb,paid,2026-01-23T16:17:00Z
ORD0003324,INV0003324,cust_0324,5386.69,INR,pay0000000cfc,paid,2026-01-21T07:34:00Z
ORD0003325,INV0003325,cust_0325,6234.78,INR,pay0000000cfd,paid,2026-01-22T09:47:00Z
ORD0003326,INV0003326,cust_0326,2522.65,INR,pay0000000cfe,paid,2026-01-24T15:58:00Z
ORD0003327,INV0003327,cust_0327,5991.25,INR,pay0000000cff,paid,2026-01-22T18:16:00Z
ORD0003328,INV0003328,cust_0328,8446.01,INR,pay0000000d00,paid,2026-01-08T10:46:00Z
ORD0003329,INV0003329,cust_0329,1962.26,INR,pay0000000d01,paid,2026-01-12T07:23:00Z
ORD0003330,INV0003330,cust_0330,2739.07,INR,pay0000000d02,paid,2026-01-07T07:51:00Z
ORD0003331,INV0003331,cust_0331,8900.48,INR,pay0000000d03,paid,2026-01-22T22:31:00Z
ORD0003332,INV0003332,cust_0332,7541.82,INR,pay0000000d04,paid,2026-01-09T17:55:00Z
ORD0003333,INV0003333,cust_0333,5915.98,INR,pay0000000d05,paid,2026-01-22T14:31:00Z
ORD0003334,INV0003334,cust_0334,7471.97,INR,pay0000000d06,paid,2026-01-24T14:46:00Z
ORD0003335,INV0003335,cust_0335,3785.03,INR,pay0000000d07,paid,2026-01-08T19:23:00Z
ORD0003336,INV0003336,cust_0336,2845.11,INR,pay0000000d08,paid,2026-01-13T18:59:00Z
ORD0003337,INV0003337,cust_0337,4013.78,INR,pay0000000d09,paid,2026-01-26T08:27:00Z
ORD0003338,INV0003338,cust_0338,1861.85,INR,pay0000000d0a,paid,2026-01-11T15:23:00Z
ORD0003339,INV0003339,cust_0339,88.04,INR,pay0000000d0b,paid,2026-01-19T16:59:00Z
ORD0003340,INV0003340,cust_0340,8548.44,INR,pay0000000d0c,paid,2026-01-11T11:48:00Z
ORD0003341,INV0003341,cust_0341,8252.33,INR,pay0000000d0d,paid,2026-01-12T18:25:00Z
ORD0003342,INV0003342,cust_0342,8954.05,INR,pay0000000d0e,paid,2026-01-08T06:29:00Z
ORD0003343,INV0003343,cust_0343,8151.59,INR,pay0000000d0f,paid,2026-01-23T09:17:00Z
ORD0003344,INV0003344,cust_0344,8536.60,INR,pay0000000d10,paid,2026-01-10T07:42:00Z
ORD0003345,INV0003345,cust_0345,2603.50,INR,pay0000000d11,paid,2026-01-26T11:26:00Z
ORD0003346,INV0003346,cust_0346,9296.75,INR,pay0000000d12,paid,2026-01-10T12:45:00Z
ORD0003347,INV0003347,cust_0347,2311.97,INR,pay0000000d13,paid,2026-01-22T20:14:00Z
ORD0003348,INV0003348,cust_0348,1284.07,INR,pay0000000d14,paid,2026-01-16T22:52:00Z
ORD0003349,INV0003349,cust_0349,1265.88,INR,pay0000000d15,paid,2026-01-03T17:46:00Z
ORD0003350,INV0003350,cust_0350,2949.93,INR,pay0000000d16,paid,2026-01-11T11:13:00Z
ORD0003351,INV0003351,cust_0351,1852.78,INR,pay0000000d17,paid,2026-01-14T22:51:00Z
ORD0003352,INV0003352,cust_0352,7138.21,INR,pay0000000d18,paid,2026-01-21T21:03:00Z
ORD0003353,INV0003353,cust_0353,1720.47,INR,pay0000000d19,paid,2026-01-21T06:44:00Z
ORD0003354,INV0003354,cust_0354,9183.31,INR,pay0000000d1a,paid,2026-01-24T10:14:00Z
ORD0003355,INV0003355,cust_0355,6058.47,INR,pay0000000d1b,paid,2026-01-14T18:43:00Z
ORD0003356,INV0003356,cust_0356,4912.65,INR,pay0000000d1c,paid,2026-01-01T09:17:00Z
ORD0003357,INV0003357,cust_0357,6603.68,INR,pay0000000d1d,paid,2026-01-23T17:52:00Z
ORD0003358,INV0003358,cust_0358,664.36,INR,pay0000000d1e,paid,2026-01-01T17:20:00Z
ORD0003359,INV0003359,cust_0359,483.46,INR,pay0000000d1f,paid,2026-01-02T06:58:00Z
ORD0003360,INV0003360,cust_0360,1873.36,INR,pay0000000d20,paid,2026-01-24T10:04:00Z
ORD0003361,INV0003361,cust_0361,6952.52,INR,pay0000000d21,paid,2026-01-07T09:27:00Z
ORD0003362,INV0003362,cust_0362,6020.30,INR,pay0000000d22,paid,2026-01-23T09:49:00Z
ORD0003363,INV0003363,cust_0363,6585.30,INR,pay0000000d23,paid,2026-01-23T08:31:00Z
ORD0003364,INV0003364,cust_0364,2082.39,INR,pay0000000d24,paid,2026-01-13T17:22:00Z
ORD0003365,INV0003365,cust_0365,4102.47,INR,pay0000000d25,paid,2026-01-06T06:38:00Z
ORD0003366,INV0003366,cust_0366,6623.27,INR,pay0000000d26,paid,2026-01-16T13:22:00Z
ORD0003367,INV0003367,cust_0367,3698.59,INR,pay0000000d27,paid,2026-01-27T12:58:00Z
ORD0003368,INV0003368,cust_0368,6715.22,INR,pay0000000d28,paid,2026-01-23T20:14:00Z
ORD0003369,INV0003369,cust_0369,5480.79,INR,pay0000000d29,paid,2026-01-20T11:00:00Z
ORD0003370,INV0003370,cust_0370,7252.65,INR,pay0000000d2a,paid,2026-01-23T13:50:00Z
ORD0003371,INV0003371,cust_0371,4442.85,INR,pay0000000d2b,paid,2026-01-14T08:32:00Z
ORD0003372,INV0003372,cust_0372,965.89,INR,pay0000000d2c,paid,2026-01-02T20:02:00Z
ORD0003373,INV0003373,cust_0373,5225.16,INR,pay0000000d2d,paid,2026-01-26T09:48:00Z
ORD0003374,INV0003374,cust_0374,2101.13,INR,pay0000000d2e,paid,2026-01-13T07:06:00Z
ORD0003375,INV0003375,cust_0375,4161.82,INR,pay0000000d2f,paid,2026-01-04T17:41:00Z
ORD0003376,INV0003376,cust_0376,5858.94,INR,pay0000000d30,paid,2026-01-22T11:45:00Z
ORD0003377,INV0003377,cust_0377,8832.06,INR,pay0000000d31,paid,2026-01-21T19:59:00Z
ORD0003378,INV0003378,cust_0378,2713.16,INR,pay0000000d32,paid,2026-01-25T18:30:00Z
ORD0003379,INV0003379,cust_0379,2759.14,INR,pay0000000d33,paid,2026-01-05T10:13:00Z
ORD0003380,INV0003380,cust_0380,1697.25,INR,pay0000000d34,paid,2026-01-23T22:01:00Z
ORD0003381,INV0003381,cust_0381,3067.22,INR,pay0000000d35,paid,2026-01-09T10:22:00Z
ORD0003382,INV0003382,cust_0382,8558.09,INR,pay0000000d36,paid,2026-01-22T11:11:00Z
ORD0003383,INV0003383,cust_0383,3958.41,INR,pay0000000d37,paid,2026-01-06T16:13:00Z
ORD0003384,INV0003384,cust_0384,2545.10,INR,pay0000000d38,paid,2026-01-27T21:55:00Z
ORD0003385,INV0003385,cust_0385,1208.13,INR,pay0000000d39,paid,2026-01-18T07:17:00Z
ORD0003386,INV0003386,cust_0386,8683.78,INR,pay0000000d3a,paid,2026-01-08T06:31:00Z
ORD0003387,INV0003387,cust_0387,5865.39,INR,pay0000000d3b,paid,2026-01-10T09:41:00Z
ORD0003388,INV0003388,cust_0388,9321.37,INR,pay0000000d3c,paid,2026-01-22T08:14:00Z
ORD0003389,INV0003389,cust_0389,606.16,INR,pay0000000d3d,paid,2026-01-17T15:42:00Z
ORD0003390,INV0003390,cust_0390,7555.74,INR,pay0000000d3e,paid,2026-01-16T17:24:00Z
ORD0003391,INV0003391,cust_0391,8296.65,INR,pay0000000d3f,paid,2026-01-16T07:23:00Z
ORD0003392,INV0003392,cust_0392,8386.08,INR,pay0000000d40,paid,2026-01-06T08:23:00Z
ORD0003393,INV0003393,cust_0393,2811.70,INR,pay0000000d41,paid,2026-01-03T08:36:00Z
ORD0003394,INV0003394,cust_0394,2853.13,INR,pay0000000d42,paid,2026-01-01T08:36:00Z
ORD0003395,INV0003395,cust_0395,2222.94,INR,pay0000000d43,paid,2026-01-19T16:28:00Z
ORD0003396,INV0003396,cust_0396,1943.42,INR,pay0000000d44,paid,2026-01-02T21:51:00Z
ORD0003397,INV0003397,cust_0397,1664.85,INR,pay0000000d45,paid,2026-01-22T06:04:00Z
ORD0003398,INV0003398,cust_0398,1574.41,INR,pay0000000d46,paid,2026-01-10T08:12:00Z
ORD0003399,INV0003399,cust_0399,4513.83,INR,pay0000000d47,paid,2026-01-20T18:29:00Z
ORD0003400,INV0003400,cust_0400,4262.04,INR,pay0000000d48,paid,2026-01-02T22:30:00Z
ORD0003401,INV0003401,cust_0401,5148.78,INR,pay0000000d49,paid,2026-01-16T13:05:00Z
ORD0003402,INV0003402,cust_0402,6842.07,INR,pay0000000d4a,paid,2026-01-13T06:29:00Z
ORD0003403,INV0003403,cust_0403,5612.41,INR,pay0000000d4b,paid,2026-01-20T21:41:00Z
ORD0003404,INV0003404,cust_0404,8819.95,INR,pay0000000d4c,paid,2026-01-21T12:40:00Z
ORD0003405,INV0003405,cust_0405,7327.03,INR,pay0000000d4d,paid,2026-01-23T15:12:00Z
ORD0003406,INV0003406,cust_0406,3242.65,INR,pay0000000d4e,paid,2026-01-07T06:32:00Z
ORD0003407,INV0003407,cust_0407,1910.14,INR,pay0000000d4f,paid,2026-01-08T09:09:00Z
ORD0003408,INV0003408,cust_0408,731.17,INR,pay0000000d50,paid,2026-01-12T06:49:00Z
ORD0003409,INV0003409,cust_0409,2860.14,INR,pay0000000d51,paid,2026-01-10T20:51:00Z
ORD0003410,INV0003410,cust_0410,1475.94,INR,pay0000000d52,paid,2026-01-14T20:25:00Z
ORD0003411,INV0003411,cust_0411,8000.55,INR,pay0000000d53,paid,2026-01-14T21:25:00Z
ORD0003412,INV0003412,cust_0412,4725.04,INR,pay0000000d54,paid,2026-01-10T08:26:00Z
ORD0003413,INV0003413,cust_0413,4478.54,INR,pay0000000d55,paid,2026-01-23T07:16:00Z
ORD0003414,INV0003414,cust_0414,3305.23,INR,pay0000000d56,paid,2026-01-23T13:30:00Z
ORD0003415,INV0003415,cust_0415,4053.77,INR,pay0000000d57,paid,2026-01-09T19:39:00Z
ORD0003416,INV0003416,cust_0416,1157.48,INR,pay0000000d58,paid,2026-01-21T17:08:00Z
ORD0003417,INV0003417,cust_0417,2163.89,INR,pay0000000d59,paid,2026-01-02T17:37:00Z
ORD0003418,INV0003418,cust_0418,3672.54,INR,pay0000000d5a,paid,2026-01-04T11:33:00Z
ORD0003419,INV0003419,cust_0419,2168.94,INR,pay0000000d5b,paid,2026-01-14T15:15:00Z
ORD0003420,INV0003420,cust_0420,9611.68,INR,pay0000000d5c,paid,2026-01-17T16:39:00Z
ORD0003421,INV0003421,cust_0421,4345.55,INR,pay0000000d5d,paid,2026-01-22T19:15:00Z
ORD0003422,INV0003422,cust_0422,9176.46,INR,pay0000000d5e,paid,2026-01-10T13:19:00Z
ORD0003423,INV0003423,cust_0423,8306.65,INR,pay0000000d5f,paid,2026-01-10T09:25:00Z
ORD0003424,INV0003424,cust_0424,7900.58,INR,pay0000000d60,paid,2026-01-20T13:53:00Z
ORD0003425,INV0003425,cust_0425,4732.92,INR,pay0000000d61,paid,2026-01-10T13:36:00Z
ORD0003426,INV0003426,cust_0426,5518.66,INR,pay0000000d62,paid,2026-01-25T11:09:00Z
ORD0003427,INV0003427,cust_0427,5253.16,INR,pay0000000d63,paid,2026-01-14T10:38:00Z
ORD0003428,INV0003428,cust_0428,2296.41,INR,pay0000000d64,paid,2026-01-19T22:37:00Z
ORD0003429,INV0003429,cust_0429,1091.44,INR,pay0000000d65,paid,2026-01-01T20:08:00Z
ORD0003430,INV0003430,cust_0430,459.57,INR,pay0000000d66,paid,2026-01-16T16:19:00Z
ORD0003431,INV0003431,cust_0431,6614.14,INR,pay0000000d67,paid,2026-01-23T19:23:00Z
ORD0003432,INV0003432,cust_0432,1388.19,INR,pay0000000d68,paid,2026-01-25T10:02:00Z
ORD0003433,INV0003433,cust_0433,4005.33,INR,pay0000000d69,paid,2026-01-03T10:46:00Z
ORD0003434,INV0003434,cust_0434,8634.36,INR,pay0000000d6a,paid,2026-01-01T10:57:00Z
ORD0003435,INV0003435,cust_0435,7699.85,INR,pay0000000d6b,paid,2026-01-15T16:54:00Z
ORD0003436,INV0003436,cust_0436,6243.03,INR,pay0000000d6c,paid,2026-01-13T12:21:00Z
ORD0003437,INV0003437,cust_0437,8808.66,INR,pay0000000d6d,paid,2026-01-16T06:35:00Z
ORD0003438,INV0003438,cust_0438,6395.90,INR,pay0000000d6e,paid,2026-01-07T08:16:00Z
ORD0003439,INV0003439,cust_0439,1988.40,INR,pay0000000d6f,paid,2026-01-09T16:25:00Z
ORD0003440,INV0003440,cust_0440,5688.69,INR,pay0000000d70,paid,2026-01-18T17:03:00Z
ORD0003441,INV0003441,cust_0441,2002.47,INR,pay0000000d71,paid,2026-01-27T19:10:00Z
ORD0003442,INV0003442,cust_0442,3255.87,INR,pay0000000d72,paid,2026-01-15T15:11:00Z
ORD0003443,INV0003443,cust_0443,1135.17,INR,pay0000000d73,paid,2026-01-01T15:14:00Z
ORD0003444,INV0003444,cust_0444,4363.77,INR,pay0000000d74,paid,2026-01-17T18:50:00Z
ORD0003445,INV0003445,cust_0445,3295.35,INR,pay0000000d75,paid,2026-01-23T10:36:00Z
ORD0003446,INV0003446,cust_0446,530.57,INR,pay0000000d76,paid,2026-01-05T08:41:00Z
ORD0003447,INV0003447,cust_0447,3004.41,INR,pay0000000d77,paid,2026-01-03T20:16:00Z
ORD0003448,INV0003448,cust_0448,8828.47,INR,pay0000000d78,paid,2026-01-11T07:09:00Z
ORD0003449,INV0003449,cust_0449,8757.62,INR,pay0000000d79,paid,2026-01-12T07:10:00Z
ORD0003450,INV0003450,cust_0450,2944.48,INR,pay0000000d7a,paid,2026-01-14T18:21:00Z
ORD0003451,INV0003451,cust_0451,7657.85,INR,pay0000000d7b,paid,2026-01-25T11:12:00Z
ORD0003452,INV0003452,cust_0452,1612.65,INR,pay0000000d7c,paid,2026-01-20T13:00:00Z
ORD0003453,INV0003453,cust_0453,4212.64,INR,pay0000000d7d,paid,2026-01-19T09:13:00Z
ORD0003454,INV0003454,cust_0454,2306.20,INR,pay0000000d7e,paid,2026-01-07T14:26:00Z
ORD0003455,INV0003455,cust_0455,9451.65,INR,pay0000000d7f,paid,2026-01-14T20:23:00Z
ORD0003456,INV0003456,cust_0456,1493.91,INR,pay0000000d80,paid,2026-01-25T21:39:00Z
ORD0003457,INV0003457,cust_0457,3309.99,INR,pay0000000d81,paid,2026-01-08T07:11:00Z
ORD0003458,INV0003458,cust_0458,825.42,INR,pay0000000d82,paid,2026-01-06T13:47:00Z
ORD0003459,INV0003459,cust_0459,8562.05,INR,pay0000000d83,paid,2026-01-16T11:15:00Z
ORD0003460,INV0003460,cust_0460,9629.87,INR,pay0000000d84,paid,2026-01-26T10:02:00Z
ORD0003461,INV0003461,cust_0461,719.09,INR,pay0000000d85,paid,2026-01-26T06:05:00Z
ORD0003462,INV0003462,cust_0462,6945.70,INR,pay0000000d86,paid,2026-01-26T10:18:00Z
ORD0003463,INV0003463,cust_0463,4341.77,INR,pay0000000d87,paid,2026-01-27T14:42:00Z
ORD0003464,INV0003464,cust_0464,1070.25,INR,pay0000000d88,paid,2026-01-27T21:41:00Z
ORD0003465,INV0003465,cust_0465,2736.01,INR,pay0000000d89,paid,2026-01-14T09:39:00Z
ORD0003466,INV0003466,cust_0466,529.77,INR,pay0000000d8a,paid,2026-01-13T17:40:00Z
ORD0003467,INV0003467,cust_0467,9657.12,INR,pay0000000d8b,paid,2026-01-15T10:50:00Z
ORD0003468,INV0003468,cust_0468,3564.68,INR,pay0000000d8c,paid,2026-01-17T08:11:00Z
ORD0003469,INV0003469,cust_0469,8421.54,INR,pay0000000d8d,paid,2026-01-19T16:24:00Z
ORD0003470,INV0003470,cust_0470,2675.95,INR,pay0000000d8e,paid,2026-01-17T10:15:00Z
ORD0003471,INV0003471,cust_0471,4737.95,INR,pay0000000d8f,paid,2026-01-19T08:50:00Z
ORD0003472,INV0003472,cust_0472,906.27,INR,pay0000000d90,paid,2026-01-02T09:33:00Z
ORD0003473,INV0003473,cust_0473,5801.51,INR,pay0000000d91,paid,2026-01-14T07:42:00Z
ORD0003474,INV0003474,cust_0474,9053.72,INR,pay0000000d92,paid,2026-01-27T21:18:00Z
ORD0003475,INV0003475,cust_0475,9783.31,INR,pay0000000d93,paid,2026-01-08T10:22:00Z
ORD0003476,INV0003476,cust_0476,6477.34,INR,pay0000000d94,paid,2026-01-09T17:11:00Z
ORD0003477,INV0003477,cust_0477,9414.91,INR,pay0000000d95,paid,2026-01-25T09:31:00Z
ORD0003478,INV0003478,cust_0478,9497.92,INR,pay0000000d96,paid,2026-01-16T18:47:00Z
ORD0003479,INV0003479,cust_0479,4769.76,INR,pay0000000d97,paid,2026-01-06T11:01:00Z
ORD0003480,INV0003480,cust_0480,1189.75,INR,pay0000000d98,paid,2026-01-13T11:24:00Z
ORD0003481,INV0003481,cust_0481,2738.35,INR,pay0000000d99,paid,2026-01-19T18:54:00Z
ORD0003482,INV0003482,cust_0482,20.80,INR,pay0000000d9a,paid,2026-01-23T12:12:00Z
ORD0003483,INV0003483,cust_0483,9203.20,INR,pay0000000d9b,paid,2026-01-27T06:19:00Z
ORD0003484,INV0003484,cust_0484,6288.28,INR,pay0000000d9c,paid,2026-01-19T16:00:00Z
ORD0003485,INV0003485,cust_0485,9024.65,INR,pay0000000d9d,paid,2026-01-12T18:49:00Z
ORD0003486,INV0003486,cust_0486,1991.70,INR,pay0000000d9e,paid,2026-01-26T20:31:00Z
ORD0003487,INV0003487,cust_0487,1909.83,INR,pay0000000d9f,paid,2026-01-13T19:40:00Z
ORD0003488,INV0003488,cust_0488,9207.80,INR,pay0000000da0,paid,2026-01-20T16:26:00Z
ORD0003489,INV0003489,cust_0489,9665.34,INR,pay0000000da1,paid,2026-01-16T21:20:00Z
ORD0003490,INV0003490,cust_0490,5952.92,INR,pay0000000da2,paid,2026-01-05T06:26:00Z
ORD0003491,INV0003491,cust_0491,882.81,INR,pay0000000da3,paid,2026-01-05T10:01:00Z
ORD0003492,INV0003492,cust_0492,9729.98,INR,pay0000000da4,paid,2026-01-06T10:37:00Z
ORD0003493,INV0003493,cust_0493,9745.61,INR,pay0000000da5,paid,2026-01-25T19:13:00Z
ORD0003494,INV0003494,cust_0494,3316.45,INR,pay0000000da6,paid,2026-01-25T18:14:00Z
ORD0003495,INV0003495,cust_0495,7556.86,INR,pay0000000da7,paid,2026-01-26T10:41:00Z
ORD0003496,INV0003496,cust_0496,7583.26,INR,pay0000000da8,paid,2026-01-10T11:02:00Z
ORD0003497,INV0003497,cust_0497,5398.58,INR,pay0000000da9,paid,2026-01-01T16:06:00Z
ORD0003498,INV0003498,cust_0498,2343.69,INR,pay0000000daa,paid,2026-01-21T07:02:00Z
ORD0003499,INV0003499,cust_0499,8928.29,INR,pay0000000dab,paid,2026-01-08T11:04:00Z
ORD0003500,INV0003500,cust_0000,1597.15,INR,pay0000000dac,paid,2026-01-04T11:50:00Z
ORD0003501,INV0003501,cust_0001,5367.01,INR,pay0000000dad,paid,2026-01-22T09:45:00Z
ORD0003502,INV0003502,cust_0002,4570.92,INR,pay0000000dae,paid,2026-01-18T19:34:00Z
ORD0003503,INV0003503,cust_0003,93.45,INR,pay0000000daf,paid,2026-01-04T09:33:00Z
ORD0003504,INV0003504,cust_0004,618.28,INR,pay0000000db0,paid,2026-01-13T15:19:00Z
ORD0003505,INV0003505,cust_0005,9736.50,INR,pay0000000db1,paid,2026-01-17T21:28:00Z
ORD0003506,INV0003506,cust_0006,8728.19,INR,pay0000000db2,paid,2026-01-11T22:20:00Z
ORD0003507,INV0003507,cust_0007,2959.56,INR,pay0000000db3,paid,2026-01-13T15:49:00Z
ORD0003508,INV0003508,cust_0008,7599.00,INR,pay0000000db4,paid,2026-01-05T12:18:00Z
ORD0003509,INV0003509,cust_0009,9758.45,INR,pay0000000db5,paid,2026-01-14T10:11:00Z
ORD0003510,INV0003510,cust_0010,3209.84,INR,pay0000000db6,paid,2026-01-23T08:02:00Z
ORD0003511,INV0003511,cust_0011,5582.34,INR,pay0000000db7,paid,2026-01-07T09:18:00Z
ORD0003512,INV0003512,cust_0012,9620.82,INR,pay0000000db8,paid,2026-01-19T09:05:00Z
ORD0003513,INV0003513,cust_0013,8659.76,INR,pay0000000db9,paid,2026-01-25T19:37:00Z
ORD0003514,INV0003514,cust_0014,2916.73,INR,pay0000000dba,paid,2026-01-19T22:06:00Z
ORD0003515,INV0003515,cust_0015,2093.37,INR,pay0000000dbb,paid,2026-01-04T06:03:00Z
ORD0003516,INV0003516,cust_0016,224.53,INR,pay0000000dbc,paid,2026-01-24T11:45:00Z
ORD0003517,INV0003517,cust_0017,7848.30,INR,pay0000000dbd,paid,2026-01-06T16:12:00Z
ORD0003518,INV0003518,cust_0018,1015.42,INR,pay0000000dbe,paid,2026-01-01T16:40:00Z
ORD0003519,INV0003519,cust_0019,2837.75,INR,pay0000000dbf,paid,2026-01-08T22:57:00Z
ORD0003520,INV0003520,cust_0020,9812.51,INR,pay0000000dc0,paid,2026-01-12T11:59:00Z
ORD0003521,INV0003521,cust_0021,8166.62,INR,pay0000000dc1,paid,2026-01-19T07:03:00Z
ORD0003522,INV0003522,cust_0022,4536.89,INR,pay0000000dc2,paid,2026-01-06T20:48:00Z
ORD0003523,INV0003523,cust_0023,1864.23,INR,pay0000000dc3,paid,2026-01-18T12:56:00Z
ORD0003524,INV0003524,cust_0024,7063.75,INR,pay0000000dc4,paid,2026-01-26T12:13:00Z
ORD0003525,INV0003525,cust_0025,878.48,INR,pay0000000dc5,paid,2026-01-17T16:40:00Z
ORD0003526,INV0003526,cust_0026,7869.76,INR,pay0000000dc6,paid,2026-01-27T18:11:00Z
ORD0003527,INV0003527,cust_0027,3200.04,INR,pay0000000dc7,paid,2026-01-25T09:00:00Z
ORD0003528,INV0003528,cust_0028,5309.13,INR,pay0000000dc8,paid,2026-01-26T11:12:00Z
ORD0003529,INV0003529,cust_0029,7062.19,INR,pay0000000dc9,paid,2026-01-18T22:46:00Z
ORD0003530,INV0003530,cust_0030,4839.84,INR,pay0000000dca,paid,2026-01-24T08:33:00Z
ORD0003531,INV0003531,cust_0031,8018.78,INR,pay0000000dcb,paid,2026-01-24T06:25:00Z
ORD0003532,INV0003532,cust_0032,6827.48,INR,pay0000000dcc,paid,2026-01-02T19:48:00Z
ORD0003533,INV0003533,cust_0033,1756.62,INR,pay0000000dcd,paid,2026-01-01T22:06:00Z
ORD0003534,INV0003534,cust_0034,792.06,INR,pay0000000dce,paid,2026-01-20T10:29:00Z
ORD0003535,INV0003535,cust_0035,1229.51,INR,pay0000000dcf,paid,2026-01-15T22:44:00Z
ORD0003536,INV0003536,cust_0036,4398.52,INR,pay0000000dd0,paid,2026-01-19T13:34:00Z
ORD0003537,INV0003537,cust_0037,5221.44,INR,pay0000000dd1,paid,2026-01-06T06:45:00Z
ORD0003538,INV0003538,cust_0038,3956.77,INR,pay0000000dd2,paid,2026-01-12T18:34:00Z
ORD0003539,INV0003539,cust_0039,3715.93,INR,pay0000000dd3,paid,2026-01-19T09:08:00Z
ORD0003540,INV0003540,cust_0040,6472.01,INR,pay0000000dd4,paid,2026-01-17T11:21:00Z
ORD0003541,INV0003541,cust_0041,7042.64,INR,pay0000000dd5,paid,2026-01-14T06:48:00Z
ORD0003542,INV0003542,cust_0042,6079.73,INR,pay0000000dd6,paid,2026-01-20T06:28:00Z
ORD0003543,INV0003543,cust_0043,6478.30,INR,pay0000000dd7,paid,2026-01-14T19:37:00Z
ORD0003544,INV0003544,cust_0044,6024.81,INR,pay0000000dd8,paid,2026-01-20T18:31:00Z
ORD0003545,INV0003545,cust_0045,3224.06,INR,pay0000000dd9,paid,2026-01-22T21:16:00Z
ORD0003546,INV0003546,cust_0046,8924.27,INR,pay0000000dda,paid,2026-01-19T15:25:00Z
ORD0003547,INV0003547,cust_0047,2034.42,INR,pay0000000ddb,paid,2026-01-26T22:54:00Z
ORD0003548,INV0003548,cust_0048,2548.13,INR,pay0000000ddc,paid,2026-01-10T20:33:00Z
ORD0003549,INV0003549,cust_0049,7691.86,INR,pay0000000ddd,paid,2026-01-19T09:24:00Z
ORD0003550,INV0003550,cust_0050,2786.04,INR,pay0000000dde,paid,2026-01-10T16:00:00Z
ORD0003551,INV0003551,cust_0051,5402.75,INR,pay0000000ddf,paid,2026-01-26T18:56:00Z
ORD0003552,INV0003552,cust_0052,1245.12,INR,pay0000000de0,paid,2026-01-27T07:10:00Z
ORD0003553,INV0003553,cust_0053,414.83,INR,pay0000000de1,paid,2026-01-13T18:18:00Z
ORD0003554,INV0003554,cust_0054,194.56,INR,pay0000000de2,paid,2026-01-27T11:17:00Z
ORD0003555,INV0003555,cust_0055,1099.44,INR,pay0000000de3,paid,2026-01-25T13:00:00Z
ORD0003556,INV0003556,cust_0056,1996.81,INR,pay0000000de4,paid,2026-01-22T07:21:00Z
ORD0003557,INV0003557,cust_0057,5676.29,INR,pay0000000de5,paid,2026-01-18T13:39:00Z
ORD0003558,INV0003558,cust_0058,8966.23,INR,pay0000000de6,paid,2026-01-24T09:35:00Z
ORD0003559,INV0003559,cust_0059,2485.53,INR,pay0000000de7,paid,2026-01-01T10:59:00Z
ORD0003560,INV0003560,cust_0060,500.38,INR,pay0000000de8,paid,2026-01-01T12:02:00Z
ORD0003561,INV0003561,cust_0061,7971.78,INR,pay0000000de9,paid,2026-01-22T18:06:00Z
ORD0003562,INV0003562,cust_0062,2136.81,INR,pay0000000dea,paid,2026-01-01T17:24:00Z
ORD0003563,INV0003563,cust_0063,8050.24,INR,pay0000000deb,paid,2026-01-19T12:52:00Z
ORD0003564,INV0003564,cust_0064,9412.85,INR,pay0000000dec,paid,2026-01-10T19:28:00Z
ORD0003565,INV0003565,cust_0065,5036.61,INR,pay0000000ded,paid,2026-01-24T06:41:00Z
ORD0003566,INV0003566,cust_0066,4350.77,INR,pay0000000dee,paid,2026-01-21T07:01:00Z
ORD0003567,INV0003567,cust_0067,9322.18,INR,pay0000000def,paid,2026-01-23T09:03:00Z
ORD0003568,INV0003568,cust_0068,3182.35,INR,pay0000000df0,paid,2026-01-09T10:38:00Z
ORD0003569,INV0003569,cust_0069,2880.81,INR,pay0000000df1,paid,2026-01-22T16:27:00Z
ORD0003570,INV0003570,cust_0070,3929.03,INR,pay0000000df2,paid,2026-01-06T15:02:00Z
ORD0003571,INV0003571,cust_0071,1326.68,INR,pay0000000df3,paid,2026-01-04T16:58:00Z
ORD0003572,INV0003572,cust_0072,9151.12,INR,pay0000000df4,paid,2026-01-16T10:20:00Z
ORD0003573,INV0003573,cust_0073,8971.46,INR,pay0000000df5,paid,2026-01-06T09:38:00Z
ORD0003574,INV0003574,cust_0074,9776.36,INR,pay0000000df6,paid,2026-01-21T15:28:00Z
ORD0003575,INV0003575,cust_0075,5042.36,INR,pay0000000df7,paid,2026-01-13T15:34:00Z
ORD0003576,INV0003576,cust_0076,2341.61,INR,pay0000000df8,paid,2026-01-20T19:20:00Z
ORD0003577,INV0003577,cust_0077,8580.05,INR,pay0000000df9,paid,2026-01-08T13:20:00Z
ORD0003578,INV0003578,cust_0078,1443.43,INR,pay0000000dfa,paid,2026-01-10T16:46:00Z
ORD0003579,INV0003579,cust_0079,595.94,INR,pay0000000dfb,paid,2026-01-01T13:25:00Z
ORD0003580,INV0003580,cust_0080,9762.19,INR,pay0000000dfc,paid,2026-01-03T21:15:00Z
ORD0003581,INV0003581,cust_0081,4863.20,INR,pay0000000dfd,paid,2026-01-16T11:27:00Z
ORD0003582,INV0003582,cust_0082,7675.40,INR,pay0000000dfe,paid,2026-01-08T17:35:00Z
ORD0003583,INV0003583,cust_0083,1797.74,INR,pay0000000dff,paid,2026-01-06T15:10:00Z
ORD0003584,INV0003584,cust_0084,9014.54,INR,pay0000000e00,paid,2026-01-11T09:25:00Z
ORD0003585,INV0003585,cust_0085,3866.31,INR,pay0000000e01,paid,2026-01-20T08:28:00Z
ORD0003586,INV0003586,cust_0086,552.62,INR,pay0000000e02,paid,2026-01-17T07:23:00Z
ORD0003587,INV0003587,cust_0087,3226.81,INR,pay0000000e03,paid,2026-01-09T21:14:00Z
ORD0003588,INV0003588,cust_0088,1485.02,INR,pay0000000e04,paid,2026-01-10T20:55:00Z
ORD0003589,INV0003589,cust_0089,1253.67,INR,pay0000000e05,paid,2026-01-12T15:44:00Z
ORD0003590,INV0003590,cust_0090,3039.42,INR,pay0000000e06,paid,2026-01-20T12:02:00Z
ORD0003591,INV0003591,cust_0091,5607.70,INR,pay0000000e07,paid,2026-01-01T13:12:00Z
ORD0003592,INV0003592,cust_0092,876.84,INR,pay0000000e08,paid,2026-01-26T08:44:00Z
ORD0003593,INV0003593,cust_0093,5469.81,INR,pay0000000e09,paid,2026-01-20T11:27:00Z
ORD0003594,INV0003594,cust_0094,5614.33,INR,pay0000000e0a,paid,2026-01-06T08:22:00Z
ORD0003595,INV0003595,cust_0095,2063.34,INR,pay0000000e0b,paid,2026-01-01T15:52:00Z
ORD0003596,INV0003596,cust_0096,7180.10,INR,pay0000000e0c,paid,2026-01-03T16:11:00Z
ORD0003597,INV0003597,cust_0097,4289.41,INR,pay0000000e0d,paid,2026-01-11T12:59:00Z
ORD0003598,INV0003598,cust_0098,8454.18,INR,pay0000000e0e,paid,2026-01-26T22:03:00Z
ORD0003599,INV0003599,cust_0099,1130.96,INR,pay0000000e0f,paid,2026-01-12T19:43:00Z
ORD0003600,INV0003600,cust_0100,9120.86,INR,pay0000000e10,paid,2026-01-13T21:05:00Z
ORD0003601,INV0003601,cust_0101,3978.05,INR,pay0000000e11,paid,2026-01-06T18:37:00Z
ORD0003602,INV0003602,cust_0102,8536.55,INR,pay0000000e12,paid,2026-01-13T10:37:00Z
ORD0003603,INV0003603,cust_0103,3948.38,INR,pay0000000e13,paid,2026-01-21T19:16:00Z
ORD0003604,INV0003604,cust_0104,6035.52,INR,pay0000000e14,paid,2026-01-19T06:44:00Z
ORD0003605,INV0003605,cust_0105,5034.92,INR,pay0000000e15,paid,2026-01-08T06:34:00Z
ORD0003606,INV0003606,cust_0106,7389.82,INR,pay0000000e16,paid,2026-01-03T19:42:00Z
ORD0003607,INV0003607,cust_0107,1789.68,INR,pay0000000e17,paid,2026-01-21T15:24:00Z
ORD0003608,INV0003608,cust_0108,3124.94,INR,pay0000000e18,paid,2026-01-20T20:37:00Z
ORD0003609,INV0003609,cust_0109,9555.83,INR,pay0000000e19,paid,2026-01-12T21:21:00Z
ORD0003610,INV0003610,cust_0110,5456.53,INR,pay0000000e1a,paid,2026-01-05T22:47:00Z
ORD0003611,INV0003611,cust_0111,4630.34,INR,pay0000000e1b,paid,2026-01-24T20:46:00Z
ORD0003612,INV0003612,cust_0112,6952.59,INR,pay0000000e1c,paid,2026-01-21T08:52:00Z
ORD0003613,INV0003613,cust_0113,1971.40,INR,pay0000000e1d,paid,2026-01-21T20:57:00Z
ORD0003614,INV0003614,cust_0114,9608.95,INR,pay0000000e1e,paid,2026-01-09T16:51:00Z
ORD0003615,INV0003615,cust_0115,2166.22,INR,pay0000000e1f,paid,2026-01-14T21:48:00Z
ORD0003616,INV0003616,cust_0116,5492.93,INR,pay0000000e20,paid,2026-01-04T08:11:00Z
ORD0003617,INV0003617,cust_0117,2206.17,INR,pay0000000e21,paid,2026-01-17T22:21:00Z
ORD0003618,INV0003618,cust_0118,2581.99,INR,pay0000000e22,paid,2026-01-20T21:53:00Z
ORD0003619,INV0003619,cust_0119,9614.52,INR,pay0000000e23,paid,2026-01-11T06:56:00Z
ORD0003620,INV0003620,cust_0120,9090.55,INR,pay0000000e24,paid,2026-01-27T11:53:00Z
ORD0003621,INV0003621,cust_0121,497.76,INR,pay0000000e25,paid,2026-01-12T16:09:00Z
ORD0003622,INV0003622,cust_0122,6141.27,INR,pay0000000e26,paid,2026-01-07T13:52:00Z
ORD0003623,INV0003623,cust_0123,6894.07,INR,pay0000000e27,paid,2026-01-11T22:34:00Z
ORD0003624,INV0003624,cust_0124,129.66,INR,pay0000000e28,paid,2026-01-25T16:12:00Z
ORD0003625,INV0003625,cust_0125,6041.37,INR,pay0000000e29,paid,2026-01-08T08:00:00Z
ORD0003626,INV0003626,cust_0126,6018.63,INR,pay0000000e2a,paid,2026-01-16T15:08:00Z
ORD0003627,INV0003627,cust_0127,2556.70,INR,pay0000000e2b,paid,2026-01-24T19:02:00Z
ORD0003628,INV0003628,cust_0128,3445.27,INR,pay0000000e2c,paid,2026-01-27T09:54:00Z
ORD0003629,INV0003629,cust_0129,2229.84,INR,pay0000000e2d,paid,2026-01-23T20:13:00Z
ORD0003630,INV0003630,cust_0130,9784.71,INR,pay0000000e2e,paid,2026-01-23T22:31:00Z
ORD0003631,INV0003631,cust_0131,1471.54,INR,pay0000000e2f,paid,2026-01-15T08:13:00Z
ORD0003632,INV0003632,cust_0132,6292.09,INR,pay0000000e30,paid,2026-01-13T13:13:00Z
ORD0003633,INV0003633,cust_0133,637.85,INR,pay0000000e31,paid,2026-01-23T06:40:00Z
ORD0003634,INV0003634,cust_0134,9167.61,INR,pay0000000e32,paid,2026-01-25T19:05:00Z
ORD0003635,INV0003635,cust_0135,2587.75,INR,pay0000000e33,paid,2026-01-03T16:55:00Z
ORD0003636,INV0003636,cust_0136,5115.16,INR,pay0000000e34,paid,2026-01-19T11:22:00Z
ORD0003637,INV0003637,cust_0137,6925.85,INR,pay0000000e35,paid,2026-01-05T22:58:00Z
ORD0003638,INV0003638,cust_0138,4796.31,INR,pay0000000e36,paid,2026-01-01T11:34:00Z
ORD0003639,INV0003639,cust_0139,6822.38,INR,pay0000000e37,paid,2026-01-13T19:00:00Z
ORD0003640,INV0003640,cust_0140,5470.59,INR,pay0000000e38,paid,2026-01-03T18:51:00Z
ORD0003641,INV0003641,cust_0141,807.61,INR,pay0000000e39,paid,2026-01-02T09:39:00Z
ORD0003642,INV0003642,cust_0142,3395.35,INR,pay0000000e3a,paid,2026-01-21T12:21:00Z
ORD0003643,INV0003643,cust_0143,2790.02,INR,pay0000000e3b,paid,2026-01-02T17:07:00Z
ORD0003644,INV0003644,cust_0144,5739.27,INR,pay0000000e3c,paid,2026-01-01T10:31:00Z
ORD0003645,INV0003645,cust_0145,5107.43,INR,pay0000000e3d,paid,2026-01-14T12:27:00Z
ORD0003646,INV0003646,cust_0146,2765.87,INR,pay0000000e3e,paid,2026-01-21T14:43:00Z
ORD0003647,INV0003647,cust_0147,6212.33,INR,pay0000000e3f,paid,2026-01-11T12:59:00Z
ORD0003648,INV0003648,cust_0148,8365.16,INR,pay0000000e40,paid,2026-01-02T19:31:00Z
ORD0003649,INV0003649,cust_0149,9028.66,INR,pay0000000e41,paid,2026-01-22T06:36:00Z
ORD0003650,INV0003650,cust_0150,8011.20,INR,pay0000000e42,paid,2026-01-09T22:29:00Z
ORD0003651,INV0003651,cust_0151,3681.35,INR,pay0000000e43,paid,2026-01-04T13:53:00Z
ORD0003652,INV0003652,cust_0152,4762.12,INR,pay0000000e44,paid,2026-01-05T21:07:00Z
ORD0003653,INV0003653,cust_0153,228.06,INR,pay0000000e45,paid,2026-01-21T19:51:00Z
ORD0003654,INV0003654,cust_0154,8276.54,INR,pay0000000e46,paid,2026-01-04T18:53:00Z
ORD0003655,INV0003655,cust_0155,9936.17,INR,pay0000000e47,paid,2026-01-07T22:48:00Z
ORD0003656,INV0003656,cust_0156,2160.31,INR,pay0000000e48,paid,2026-01-18T21:28:00Z
ORD0003657,INV0003657,cust_0157,2337.50,INR,pay0000000e49,paid,2026-01-24T13:13:00Z
ORD0003658,INV0003658,cust_0158,4718.42,INR,pay0000000e4a,paid,2026-01-01T14:06:00Z
ORD0003659,INV0003659,cust_0159,6534.36,INR,pay0000000e4b,paid,2026-01-04T17:12:00Z
ORD0003660,INV0003660,cust_0160,1958.38,INR,pay0000000e4c,paid,2026-01-18T10:25:00Z
ORD0003661,INV0003661,cust_0161,1754.64,INR,pay0000000e4d,paid,2026-01-02T14:04:00Z
ORD0003662,INV0003662,cust_0162,2444.44,INR,pay0000000e4e,paid,2026-01-03T07:46:00Z
ORD0003663,INV0003663,cust_0163,1409.57,INR,pay0000000e4f,paid,2026-01-01T14:48:00Z
ORD0003664,INV0003664,cust_0164,7234.58,INR,pay0000000e50,paid,2026-01-19T14:06:00Z
ORD0003665,INV0003665,cust_0165,3897.64,INR,pay0000000e51,paid,2026-01-25T13:53:00Z
ORD0003666,INV0003666,cust_0166,6465.54,INR,pay0000000e52,paid,2026-01-10T09:40:00Z
ORD0003667,INV0003667,cust_0167,5709.10,INR,pay0000000e53,paid,2026-01-15T06:37:00Z
ORD0003668,INV0003668,cust_0168,7810.69,INR,pay0000000e54,paid,2026-01-13T14:55:00Z
ORD0003669,INV0003669,cust_0169,1865.76,INR,pay0000000e55,paid,2026-01-12T08:31:00Z
ORD0003670,INV0003670,cust_0170,151.68,INR,pay0000000e56,paid,2026-01-09T12:11:00Z
ORD0003671,INV0003671,cust_0171,376.67,INR,pay0000000e57,paid,2026-01-07T15:24:00Z
ORD0003672,INV0003672,cust_0172,4984.59,INR,pay0000000e58,paid,2026-01-01T10:34:00Z
ORD0003673,INV0003673,cust_0173,1785.85,INR,pay0000000e59,paid,2026-01-02T10:49:00Z
ORD0003674,INV0003674,cust_0174,8177.94,INR,pay0000000e5a,paid,2026-01-26T13:25:00Z
ORD0003675,INV0003675,cust_0175,5706.12,INR,pay0000000e5b,paid,2026-01-19T06:00:00Z
ORD0003676,INV0003676,cust_0176,3286.92,INR,pay0000000e5c,paid,2026-01-01T07:06:00Z
ORD0003677,INV0003677,cust_0177,8372.02,INR,pay0000000e5d,paid,2026-01-19T06:01:00Z
ORD0003678,INV0003678,cust_0178,943.21,INR,pay0000000e5e,paid,2026-01-07T07:41:00Z
ORD0003679,INV0003679,cust_0179,1149.59,INR,pay0000000e5f,paid,2026-01-07T18:36:00Z
ORD0003680,INV0003680,cust_0180,797.41,INR,pay0000000e60,paid,2026-01-21T18:31:00Z
ORD0003681,INV0003681,cust_0181,3320.73,INR,pay0000000e61,paid,2026-01-23T14:47:00Z
ORD0003682,INV0003682,cust_0182,1168.49,INR,pay0000000e62,paid,2026-01-19T11:35:00Z
ORD0003683,INV0003683,cust_0183,4773.79,INR,pay0000000e63,paid,2026-01-09T15:15:00Z
ORD0003684,INV0003684,cust_0184,1522.28,INR,pay0000000e64,paid,2026-01-27T13:48:00Z
ORD0003685,INV0003685,cust_0185,9763.81,INR,pay0000000e65,paid,2026-01-05T11:23:00Z
ORD0003686,INV0003686,cust_0186,166.44,INR,pay0000000e66,paid,2026-01-05T16:11:00Z
ORD0003687,INV0003687,cust_0187,867.79,INR,pay0000000e67,paid,2026-01-05T06:37:00Z
ORD0003688,INV0003688,cust_0188,4682.46,INR,pay0000000e68,paid,2026-01-26T21:56:00Z
ORD0003689,INV0003689,cust_0189,2188.59,INR,pay0000000e69,paid,2026-01-22T11:26:00Z
ORD0003690,INV0003690,cust_0190,2360.61,INR,pay0000000e6a,paid,2026-01-05T21:26:00Z
ORD0003691,INV0003691,cust_0191,3151.85,INR,pay0000000e6b,paid,2026-01-24T06:43:00Z
ORD0003692,INV0003692,cust_0192,8678.41,INR,pay0000000e6c,paid,2026-01-23T17:37:00Z
ORD0003693,INV0003693,cust_0193,1114.06,INR,pay0000000e6d,paid,2026-01-04T09:20:00Z
ORD0003694,INV0003694,cust_0194,958.35,INR,pay0000000e6e,paid,2026-01-06T19:34:00Z
ORD0003695,INV0003695,cust_0195,8418.07,INR,pay0000000e6f,paid,2026-01-18T19:16:00Z
ORD0003696,INV0003696,cust_0196,9219.97,INR,pay0000000e70,paid,2026-01-17T19:08:00Z
ORD0003697,INV0003697,cust_0197,621.43,INR,pay0000000e71,paid,2026-01-01T22:33:00Z
ORD0003698,INV0003698,cust_0198,252.83,INR,pay0000000e72,paid,2026-01-17T13:28:00Z
ORD0003699,INV0003699,cust_0199,5924.78,INR,pay0000000e73,paid,2026-01-04T07:31:00Z
ORD0003700,INV0003700,cust_0200,1374.74,INR,pay0000000e74,paid,2026-01-03T19:19:00Z
ORD0003701,INV0003701,cust_0201,7732.76,INR,pay0000000e75,paid,2026-01-24T22:59:00Z
ORD0003702,INV0003702,cust_0202,7663.40,INR,pay0000000e76,paid,2026-01-21T10:53:00Z
ORD0003703,INV0003703,cust_0203,2926.35,INR,pay0000000e77,paid,2026-01-18T14:32:00Z
ORD0003704,INV0003704,cust_0204,9972.59,INR,pay0000000e78,paid,2026-01-02T22:10:00Z
ORD0003705,INV0003705,cust_0205,5539.21,INR,pay0000000e79,paid,2026-01-14T16:17:00Z
ORD0003706,INV0003706,cust_0206,8977.48,INR,pay0000000e7a,paid,2026-01-01T11:04:00Z
ORD0003707,INV0003707,cust_0207,5160.51,INR,pay0000000e7b,paid,2026-01-22T10:55:00Z
ORD0003708,INV0003708,cust_0208,20.62,INR,pay0000000e7c,paid,2026-01-07T12:00:00Z
ORD0003709,INV0003709,cust_0209,2612.46,INR,pay0000000e7d,paid,2026-01-26T15:47:00Z
ORD0003710,INV0003710,cust_0210,6230.85,INR,pay0000000e7e,paid,2026-01-04T06:00:00Z
ORD0003711,INV0003711,cust_0211,8164.44,INR,pay0000000e7f,paid,2026-01-19T08:07:00Z
ORD0003712,INV0003712,cust_0212,32.78,INR,pay0000000e80,paid,2026-01-01T08:24:00Z
ORD0003713,INV0003713,cust_0213,1461.09,INR,pay0000000e81,paid,2026-01-22T21:12:00Z
ORD0003714,INV0003714,cust_0214,9914.78,INR,pay0000000e82,paid,2026-01-25T20:47:00Z
ORD0003715,INV0003715,cust_0215,8342.82,INR,pay0000000e83,paid,2026-01-24T16:19:00Z
ORD0003716,INV0003716,cust_0216,9091.96,INR,pay0000000e84,paid,2026-01-18T19:30:00Z
ORD0003717,INV0003717,cust_0217,536.23,INR,pay0000000e85,paid,2026-01-01T22:17:00Z
ORD0003718,INV0003718,cust_0218,1250.08,INR,pay0000000e86,paid,2026-01-04T13:28:00Z
ORD0003719,INV0003719,cust_0219,897.99,INR,pay0000000e87,paid,2026-01-11T08:42:00Z
ORD0003720,INV0003720,cust_0220,7285.29,INR,pay0000000e88,paid,2026-01-09T16:32:00Z
ORD0003721,INV0003721,cust_0221,3245.58,INR,pay0000000e89,paid,2026-01-05T06:12:00Z
ORD0003722,INV0003722,cust_0222,6975.20,INR,pay0000000e8a,paid,2026-01-01T08:23:00Z
ORD0003723,INV0003723,cust_0223,2917.25,INR,pay0000000e8b,paid,2026-01-14T19:01:00Z
ORD0003724,INV0003724,cust_0224,6031.73,INR,pay0000000e8c,paid,2026-01-20T14:18:00Z
ORD0003725,INV0003725,cust_0225,4534.24,INR,pay0000000e8d,paid,2026-01-15T10:45:00Z
ORD0003726,INV0003726,cust_0226,9245.41,INR,pay0000000e8e,paid,2026-01-21T06:51:00Z
ORD0003727,INV0003727,cust_0227,7226.73,INR,pay0000000e8f,paid,2026-01-17T10:58:00Z
ORD0003728,INV0003728,cust_0228,6259.37,INR,pay0000000e90,paid,2026-01-25T15:00:00Z
ORD0003729,INV0003729,cust_0229,5571.66,INR,pay0000000e91,paid,2026-01-12T22:56:00Z
ORD0003730,INV0003730,cust_0230,3410.37,INR,pay0000000e92,paid,2026-01-05T20:14:00Z
ORD0003731,INV0003731,cust_0231,1680.30,INR,pay0000000e93,paid,2026-01-08T17:29:00Z
ORD0003732,INV0003732,cust_0232,1677.16,INR,pay0000000e94,paid,2026-01-20T09:49:00Z
ORD0003733,INV0003733,cust_0233,3486.43,INR,pay0000000e95,paid,2026-01-04T09:43:00Z
ORD0003734,INV0003734,cust_0234,8249.97,INR,pay0000000e96,paid,2026-01-21T16:22:00Z
ORD0003735,INV0003735,cust_0235,9088.57,INR,pay0000000e97,paid,2026-01-13T09:56:00Z
ORD0003736,INV0003736,cust_0236,1817.91,INR,pay0000000e98,paid,2026-01-08T07:16:00Z
ORD0003737,INV0003737,cust_0237,5893.35,INR,pay0000000e99,paid,2026-01-08T22:09:00Z
ORD0003738,INV0003738,cust_0238,9519.52,INR,pay0000000e9a,paid,2026-01-06T12:57:00Z
ORD0003739,INV0003739,cust_0239,9706.74,INR,pay0000000e9b,paid,2026-01-21T19:04:00Z
ORD0003740,INV0003740,cust_0240,6871.74,INR,pay0000000e9c,paid,2026-01-09T17:00:00Z
ORD0003741,INV0003741,cust_0241,3413.94,INR,pay0000000e9d,paid,2026-01-08T14:19:00Z
ORD0003742,INV0003742,cust_0242,3207.99,INR,pay0000000e9e,paid,2026-01-21T11:57:00Z
ORD0003743,INV0003743,cust_0243,2298.89,INR,pay0000000e9f,paid,2026-01-21T15:24:00Z
ORD0003744,INV0003744,cust_0244,3495.67,INR,pay0000000ea0,paid,2026-01-08T06:23:00Z
ORD0003745,INV0003745,cust_0245,3246.43,INR,pay0000000ea1,paid,2026-01-16T10:16:00Z
ORD0003746,INV0003746,cust_0246,4428.47,INR,pay0000000ea2,paid,2026-01-03T21:26:00Z
ORD0003747,INV0003747,cust_0247,3337.90,INR,pay0000000ea3,paid,2026-01-25T09:47:00Z
ORD0003748,INV0003748,cust_0248,7011.35,INR,pay0000000ea4,paid,2026-01-06T18:28:00Z
ORD0003749,INV0003749,cust_0249,4391.25,INR,pay0000000ea5,paid,2026-01-23T18:59:00Z
ORD0003750,INV0003750,cust_0250,8980.03,INR,pay0000000ea6,paid,2026-01-05T14:04:00Z
ORD0003751,INV0003751,cust_0251,4291.26,INR,pay0000000ea7,paid,2026-01-18T20:32:00Z
ORD0003752,INV0003752,cust_0252,4902.70,INR,pay0000000ea8,paid,2026-01-27T08:42:00Z
ORD0003753,INV0003753,cust_0253,162.75,INR,pay0000000ea9,paid,2026-01-02T19:59:00Z
ORD0003754,INV0003754,cust_0254,5936.01,INR,pay0000000eaa,paid,2026-01-16T15:09:00Z
ORD0003755,INV0003755,cust_0255,2855.81,INR,pay0000000eab,paid,2026-01-26T12:19:00Z
ORD0003756,INV0003756,cust_0256,9218.89,INR,pay0000000eac,paid,2026-01-24T18:35:00Z
ORD0003757,INV0003757,cust_0257,3531.13,INR,pay0000000ead,paid,2026-01-26T19:53:00Z
ORD0003758,INV0003758,cust_0258,3740.87,INR,pay0000000eae,paid,2026-01-06T17:16:00Z
ORD0003759,INV0003759,cust_0259,8404.40,INR,pay0000000eaf,paid,2026-01-10T08:49:00Z
ORD0003760,INV0003760,cust_0260,6427.09,INR,pay0000000eb0,paid,2026-01-16T12:34:00Z
ORD0003761,INV0003761,cust_0261,4866.19,INR,pay0000000eb1,paid,2026-01-08T06:54:00Z
ORD0003762,INV0003762,cust_0262,2367.93,INR,pay0000000eb2,paid,2026-01-11T15:32:00Z
ORD0003763,INV0003763,cust_0263,5543.94,INR,pay0000000eb3,paid,2026-01-17T14:37:00Z
ORD0003764,INV0003764,cust_0264,9087.46,INR,pay0000000eb4,paid,2026-01-25T06:22:00Z
ORD0003765,INV0003765,cust_0265,1910.73,INR,pay0000000eb5,paid,2026-01-03T11:52:00Z
ORD0003766,INV0003766,cust_0266,7866.71,INR,pay0000000eb6,paid,2026-01-09T08:51:00Z
ORD0003767,INV0003767,cust_0267,312.31,INR,pay0000000eb7,paid,2026-01-04T18:03:00Z
ORD0003768,INV0003768,cust_0268,5540.35,INR,pay0000000eb8,paid,2026-01-14T06:52:00Z
ORD0003769,INV0003769,cust_0269,7486.90,INR,pay0000000eb9,paid,2026-01-24T22:24:00Z
ORD0003770,INV0003770,cust_0270,660.17,INR,pay0000000eba,paid,2026-01-23T12:06:00Z
ORD0003771,INV0003771,cust_0271,6214.94,INR,pay0000000ebb,paid,2026-01-20T07:05:00Z
ORD0003772,INV0003772,cust_0272,3127.80,INR,pay0000000ebc,paid,2026-01-16T09:15:00Z
ORD0003773,INV0003773,cust_0273,6188.38,INR,pay0000000ebd,paid,2026-01-27T20:48:00Z
ORD0003774,INV0003774,cust_0274,8190.96,INR,pay0000000ebe,paid,2026-01-24T09:56:00Z
ORD0003775,INV0003775,cust_0275,1636.45,INR,pay0000000ebf,paid,2026-01-25T17:43:00Z
ORD0003776,INV0003776,cust_0276,539.02,INR,pay0000000ec0,paid,2026-01-24T22:16:00Z
ORD0003777,INV0003777,cust_0277,8869.67,INR,pay0000000ec1,paid,2026-01-21T20:52:00Z
ORD0003778,INV0003778,cust_0278,9665.15,INR,pay0000000ec2,paid,2026-01-01T09:04:00Z
ORD0003779,INV0003779,cust_0279,3546.01,INR,pay0000000ec3,paid,2026-01-17T11:45:00Z
ORD0003780,INV0003780,cust_0280,1750.54,INR,pay0000000ec4,paid,2026-01-18T22:43:00Z
ORD0003781,INV0003781,cust_0281,4950.85,INR,pay0000000ec5,paid,2026-01-05T20:38:00Z
ORD0003782,INV0003782,cust_0282,9919.21,INR,pay0000000ec6,paid,2026-01-14T09:27:00Z
ORD0003783,INV0003783,cust_0283,1169.63,INR,pay0000000ec7,paid,2026-01-25T21:53:00Z
ORD0003784,INV0003784,cust_0284,7102.24,INR,pay0000000ec8,paid,2026-01-20T18:16:00Z
ORD0003785,INV0003785,cust_0285,5619.85,INR,pay0000000ec9,paid,2026-01-07T21:21:00Z
ORD0003786,INV0003786,cust_0286,4400.89,INR,pay0000000eca,paid,2026-01-18T09:57:00Z
ORD0003787,INV0003787,cust_0287,5741.02,INR,pay0000000ecb,paid,2026-01-01T17:50:00Z
ORD0003788,INV0003788,cust_0288,5253.13,INR,pay0000000ecc,paid,2026-01-02T06:10:00Z
ORD0003789,INV0003789,cust_0289,3079.00,INR,pay0000000ecd,paid,2026-01-07T10:13:00Z
ORD0003790,INV0003790,cust_0290,8647.78,INR,pay0000000ece,paid,2026-01-04T18:37:00Z
ORD0003791,INV0003791,cust_0291,8010.02,INR,pay0000000ecf,paid,2026-01-13T17:54:00Z
ORD0003792,INV0003792,cust_0292,4955.95,INR,pay0000000ed0,paid,2026-01-01T18:51:00Z
ORD0003793,INV0003793,cust_0293,2583.53,INR,pay0000000ed1,paid,2026-01-19T17:44:00Z
ORD0003794,INV0003794,cust_0294,1215.47,INR,pay0000000ed2,paid,2026-01-27T19:57:00Z
ORD0003795,INV0003795,cust_0295,51.26,INR,pay0000000ed3,paid,2026-01-16T06:13:00Z
ORD0003796,INV0003796,cust_0296,8533.80,INR,pay0000000ed4,paid,2026-01-21T22:49:00Z
ORD0003797,INV0003797,cust_0297,2226.73,INR,pay0000000ed5,paid,2026-01-23T09:39:00Z
ORD0003798,INV0003798,cust_0298,3030.75,INR,pay0000000ed6,paid,2026-01-18T15:32:00Z
ORD0003799,INV0003799,cust_0299,6303.65,INR,pay0000000ed7,paid,2026-01-26T08:52:00Z
ORD0003800,INV0003800,cust_0300,496.26,INR,pay0000000ed8,paid,2026-01-05T09:23:00Z
ORD0003801,INV0003801,cust_0301,3829.45,INR,pay0000000ed9,paid,2026-01-25T18:44:00Z
ORD0003802,INV0003802,cust_0302,2574.72,INR,pay0000000eda,paid,2026-01-08T16:14:00Z
ORD0003803,INV0003803,cust_0303,184.05,INR,pay0000000edb,paid,2026-01-27T09:56:00Z
ORD0003804,INV0003804,cust_0304,8065.48,INR,pay0000000edc,paid,2026-01-05T21:32:00Z
ORD0003805,INV0003805,cust_0305,1287.19,INR,pay0000000edd,paid,2026-01-11T21:15:00Z
ORD0003806,INV0003806,cust_0306,8025.75,INR,pay0000000ede,paid,2026-01-04T10:34:00Z
ORD0003807,INV0003807,cust_0307,3460.22,INR,pay0000000edf,paid,2026-01-26T09:08:00Z
ORD0003808,INV0003808,cust_0308,5906.25,INR,pay0000000ee0,paid,2026-01-16T22:06:00Z
ORD0003809,INV0003809,cust_0309,3951.63,INR,pay0000000ee1,paid,2026-01-21T07:48:00Z
ORD0003810,INV0003810,cust_0310,2386.13,INR,pay0000000ee2,paid,2026-01-24T18:01:00Z
ORD0003811,INV0003811,cust_0311,4567.68,INR,pay0000000ee3,paid,2026-01-25T17:49:00Z
ORD0003812,INV0003812,cust_0312,4918.24,INR,pay0000000ee4,paid,2026-01-05T07:22:00Z
ORD0003813,INV0003813,cust_0313,646.16,INR,pay0000000ee5,paid,2026-01-27T22:29:00Z
ORD0003814,INV0003814,cust_0314,2768.77,INR,pay0000000ee6,paid,2026-01-25T21:34:00Z
ORD0003815,INV0003815,cust_0315,7582.64,INR,pay0000000ee7,paid,2026-01-02T12:06:00Z
ORD0003816,INV0003816,cust_0316,2398.59,INR,pay0000000ee8,paid,2026-01-17T06:49:00Z
ORD0003817,INV0003817,cust_0317,769.36,INR,pay0000000ee9,paid,2026-01-27T15:32:00Z
ORD0003818,INV0003818,cust_0318,4024.42,INR,pay0000000eea,paid,2026-01-02T11:36:00Z
ORD0003819,INV0003819,cust_0319,7887.57,INR,pay0000000eeb,paid,2026-01-13T22:25:00Z
ORD0003820,INV0003820,cust_0320,5417.69,INR,pay0000000eec,paid,2026-01-27T15:02:00Z
ORD0003821,INV0003821,cust_0321,1432.18,INR,pay0000000eed,paid,2026-01-01T20:41:00Z
ORD0003822,INV0003822,cust_0322,9920.28,INR,pay0000000eee,paid,2026-01-03T12:21:00Z
ORD0003823,INV0003823,cust_0323,4208.60,INR,pay0000000eef,paid,2026-01-16T19:44:00Z
ORD0003824,INV0003824,cust_0324,2289.72,INR,pay0000000ef0,paid,2026-01-17T19:46:00Z
ORD0003825,INV0003825,cust_0325,4266.80,INR,pay0000000ef1,paid,2026-01-22T06:51:00Z
ORD0003826,INV0003826,cust_0326,5492.36,INR,pay0000000ef2,paid,2026-01-13T13:11:00Z
ORD0003827,INV0003827,cust_0327,8156.84,INR,pay0000000ef3,paid,2026-01-08T14:00:00Z
ORD0003828,INV0003828,cust_0328,9899.26,INR,pay0000000ef4,paid,2026-01-27T10:30:00Z
ORD0003829,INV0003829,cust_0329,883.79,INR,pay0000000ef5,paid,2026-01-11T20:27:00Z
ORD0003830,INV0003830,cust_0330,7154.31,INR,pay0000000ef6,paid,2026-01-21T16:26:00Z
ORD0003831,INV0003831,cust_0331,5249.88,INR,pay0000000ef7,paid,2026-01-20T20:31:00Z
ORD0003832,INV0003832,cust_0332,1669.98,INR,pay0000000ef8,paid,2026-01-14T08:37:00Z
ORD0003833,INV0003833,cust_0333,8197.06,INR,pay0000000ef9,paid,2026-01-17T14:09:00Z
ORD0003834,INV0003834,cust_0334,4224.90,INR,pay0000000efa,paid,2026-01-24T10:29:00Z
ORD0003835,INV0003835,cust_0335,7409.69,INR,pay0000000efb,paid,2026-01-06T11:41:00Z
ORD0003836,INV0003836,cust_0336,8709.56,INR,pay0000000efc,paid,2026-01-12T21:27:00Z
ORD0003837,INV0003837,cust_0337,1122.86,INR,pay0000000efd,paid,2026-01-14T11:03:00Z
ORD0003838,INV0003838,cust_0338,5700.81,INR,pay0000000efe,paid,2026-01-12T09:18:00Z
ORD0003839,INV0003839,cust_0339,5808.43,INR,pay0000000eff,paid,2026-01-08T07:23:00Z
ORD0003840,INV0003840,cust_0340,6071.90,INR,pay0000000f00,paid,2026-01-01T12:37:00Z
ORD0003841,INV0003841,cust_0341,4337.80,INR,pay0000000f01,paid,2026-01-19T06:06:00Z
ORD0003842,INV0003842,cust_0342,2821.86,INR,pay0000000f02,paid,2026-01-16T08:03:00Z
ORD0003843,INV0003843,cust_0343,4876.19,INR,pay0000000f03,paid,2026-01-25T06:58:00Z
ORD0003844,INV0003844,cust_0344,2039.42,INR,pay0000000f04,paid,2026-01-15T07:56:00Z
ORD0003845,INV0003845,cust_0345,3058.50,INR,pay0000000f05,paid,2026-01-19T12:13:00Z
ORD0003846,INV0003846,cust_0346,1929.55,INR,pay0000000f06,paid,2026-01-09T14:24:00Z
ORD0003847,INV0003847,cust_0347,9054.47,INR,pay0000000f07,paid,2026-01-26T20:10:00Z
ORD0003848,INV0003848,cust_0348,4547.75,INR,pay0000000f08,paid,2026-01-08T06:34:00Z
ORD0003849,INV0003849,cust_0349,2732.44,INR,pay0000000f09,paid,2026-01-02T11:56:00Z
ORD0003850,INV0003850,cust_0350,8578.40,INR,pay0000000f0a,paid,2026-01-18T16:06:00Z
ORD0003851,INV0003851,cust_0351,6345.85,INR,pay0000000f0b,paid,2026-01-08T10:29:00Z
ORD0003852,INV0003852,cust_0352,5177.16,INR,pay0000000f0c,paid,2026-01-06T08:10:00Z
ORD0003853,INV0003853,cust_0353,2335.02,INR,pay0000000f0d,paid,2026-01-12T07:19:00Z
ORD0003854,INV0003854,cust_0354,4406.72,INR,pay0000000f0e,paid,2026-01-15T18:41:00Z
ORD0003855,INV0003855,cust_0355,1747.77,INR,pay0000000f0f,paid,2026-01-18T15:22:00Z
ORD0003856,INV0003856,cust_0356,6542.12,INR,pay0000000f10,paid,2026-01-24T17:01:00Z
ORD0003857,INV0003857,cust_0357,5731.60,INR,pay0000000f11,paid,2026-01-14T15:52:00Z
ORD0003858,INV0003858,cust_0358,3815.39,INR,pay0000000f12,paid,2026-01-25T19:54:00Z
ORD0003859,INV0003859,cust_0359,7500.93,INR,pay0000000f13,paid,2026-01-04T11:38:00Z
ORD0003860,INV0003860,cust_0360,820.31,INR,pay0000000f14,paid,2026-01-12T15:56:00Z
ORD0003861,INV0003861,cust_0361,6136.87,INR,pay0000000f15,paid,2026-01-08T11:57:00Z
ORD0003862,INV0003862,cust_0362,2597.77,INR,pay0000000f16,paid,2026-01-07T11:00:00Z
ORD0003863,INV0003863,cust_0363,432.15,INR,pay0000000f17,paid,2026-01-05T17:57:00Z
ORD0003864,INV0003864,cust_0364,627.63,INR,pay0000000f18,paid,2026-01-04T13:21:00Z
ORD0003865,INV0003865,cust_0365,7166.25,INR,pay0000000f19,paid,2026-01-02T13:54:00Z
ORD0003866,INV0003866,cust_0366,5818.13,INR,pay0000000f1a,paid,2026-01-26T15:44:00Z
ORD0003867,INV0003867,cust_0367,8139.48,INR,pay0000000f1b,paid,2026-01-08T12:56:00Z
ORD0003868,INV0003868,cust_0368,4137.58,INR,pay0000000f1c,paid,2026-01-06T19:08:00Z
ORD0003869,INV0003869,cust_0369,7768.85,INR,pay0000000f1d,paid,2026-01-18T13:07:00Z
ORD0003870,INV0003870,cust_0370,953.60,INR,pay0000000f1e,paid,2026-01-06T07:28:00Z
ORD0003871,INV0003871,cust_0371,9522.64,INR,pay0000000f1f,paid,2026-01-20T10:03:00Z
ORD0003872,INV0003872,cust_0372,5210.26,INR,pay0000000f20,paid,2026-01-13T12:04:00Z
ORD0003873,INV0003873,cust_0373,3902.50,INR,pay0000000f21,paid,2026-01-09T11:04:00Z
ORD0003874,INV0003874,cust_0374,8130.14,INR,pay0000000f22,paid,2026-01-09T08:36:00Z
ORD0003875,INV0003875,cust_0375,8360.36,INR,pay0000000f23,paid,2026-01-04T10:11:00Z
ORD0003876,INV0003876,cust_0376,5055.12,INR,pay0000000f24,paid,2026-01-12T13:46:00Z
ORD0003877,INV0003877,cust_0377,8970.01,INR,pay0000000f25,paid,2026-01-09T21:20:00Z
ORD0003878,INV0003878,cust_0378,4185.06,INR,pay0000000f26,paid,2026-01-09T18:06:00Z
ORD0003879,INV0003879,cust_0379,4469.03,INR,pay0000000f27,paid,2026-01-04T20:51:00Z
ORD0003880,INV0003880,cust_0380,7783.61,INR,pay0000000f28,paid,2026-01-18T14:20:00Z
ORD0003881,INV0003881,cust_0381,1115.38,INR,pay0000000f29,paid,2026-01-03T17:44:00Z
ORD0003882,INV0003882,cust_0382,3337.32,INR,pay0000000f2a,paid,2026-01-04T14:13:00Z
ORD0003883,INV0003883,cust_0383,2498.12,INR,pay0000000f2b,paid,2026-01-22T07:33:00Z
ORD0003884,INV0003884,cust_0384,4838.88,INR,pay0000000f2c,paid,2026-01-21T10:16:00Z
ORD0003885,INV0003885,cust_0385,3930.46,INR,pay0000000f2d,paid,2026-01-23T14:55:00Z
ORD0003886,INV0003886,cust_0386,5265.89,INR,pay0000000f2e,paid,2026-01-18T13:45:00Z
ORD0003887,INV0003887,cust_0387,5664.17,INR,pay0000000f2f,paid,2026-01-26T09:37:00Z
ORD0003888,INV0003888,cust_0388,5695.95,INR,pay0000000f30,paid,2026-01-16T21:02:00Z
ORD0003889,INV0003889,cust_0389,8703.09,INR,pay0000000f31,paid,2026-01-19T12:13:00Z
ORD0003890,INV0003890,cust_0390,5858.04,INR,pay0000000f32,paid,2026-01-14T17:06:00Z
ORD0003891,INV0003891,cust_0391,1744.89,INR,pay0000000f33,paid,2026-01-11T20:45:00Z
ORD0003892,INV0003892,cust_0392,2887.92,INR,pay0000000f34,paid,2026-01-02T22:21:00Z
ORD0003893,INV0003893,cust_0393,3772.29,INR,pay0000000f35,paid,2026-01-24T22:33:00Z
ORD0003894,INV0003894,cust_0394,8129.76,INR,pay0000000f36,paid,2026-01-11T19:45:00Z
ORD0003895,INV0003895,cust_0395,1807.51,INR,pay0000000f37,paid,2026-01-01T22:17:00Z
ORD0003896,INV0003896,cust_0396,6133.93,INR,pay0000000f38,paid,2026-01-25T11:23:00Z
ORD0003897,INV0003897,cust_0397,6691.22,INR,pay0000000f39,paid,2026-01-11T17:05:00Z
ORD0003898,INV0003898,cust_0398,1672.48,INR,pay0000000f3a,paid,2026-01-06T11:55:00Z
ORD0003899,INV0003899,cust_0399,5596.88,INR,pay0000000f3b,paid,2026-01-06T17:46:00Z
ORD0003900,INV0003900,cust_0400,9263.11,INR,pay0000000f3c,paid,2026-01-10T20:11:00Z
ORD0003901,INV0003901,cust_0401,7979.20,INR,pay0000000f3d,paid,2026-01-09T11:41:00Z
ORD0003902,INV0003902,cust_0402,1782.62,INR,pay0000000f3e,paid,2026-01-26T11:15:00Z
ORD0003903,INV0003903,cust_0403,6017.51,INR,pay0000000f3f,paid,2026-01-06T06:50:00Z
ORD0003904,INV0003904,cust_0404,4382.86,INR,pay0000000f40,paid,2026-01-13T11:53:00Z
ORD0003905,INV0003905,cust_0405,2755.16,INR,pay0000000f41,paid,2026-01-27T16:52:00Z
ORD0003906,INV0003906,cust_0406,2041.39,INR,pay0000000f42,paid,2026-01-06T08:30:00Z
ORD0003907,INV0003907,cust_0407,790.08,INR,pay0000000f43,paid,2026-01-02T08:36:00Z
ORD0003908,INV0003908,cust_0408,2110.45,INR,pay0000000f44,paid,2026-01-18T11:08:00Z
ORD0003909,INV0003909,cust_0409,986.95,INR,pay0000000f45,paid,2026-01-03T13:24:00Z
ORD0003910,INV0003910,cust_0410,228.00,INR,pay0000000f46,paid,2026-01-17T10:29:00Z
ORD0003911,INV0003911,cust_0411,2951.35,INR,pay0000000f47,paid,2026-01-13T09:59:00Z
ORD0003912,INV0003912,cust_0412,580.59,INR,pay0000000f48,paid,2026-01-16T19:55:00Z
ORD0003913,INV0003913,cust_0413,7436.37,INR,pay0000000f49,paid,2026-01-17T17:00:00Z
ORD0003914,INV0003914,cust_0414,4860.20,INR,pay0000000f4a,paid,2026-01-06T12:17:00Z
ORD0003915,INV0003915,cust_0415,4467.85,INR,pay0000000f4b,paid,2026-01-22T10:54:00Z
ORD0003916,INV0003916,cust_0416,9099.78,INR,pay0000000f4c,paid,2026-01-07T19:07:00Z
ORD0003917,INV0003917,cust_0417,7476.64,INR,pay0000000f4d,paid,2026-01-03T19:19:00Z
ORD0003918,INV0003918,cust_0418,4084.89,INR,pay0000000f4e,paid,2026-01-12T14:57:00Z
ORD0003919,INV0003919,cust_0419,2066.78,INR,pay0000000f4f,paid,2026-01-15T11:29:00Z
ORD0003920,INV0003920,cust_0420,5002.60,INR,pay0000000f50,paid,2026-01-14T07:27:00Z
ORD0003921,INV0003921,cust_0421,6342.64,INR,pay0000000f51,paid,2026-01-10T11:39:00Z
ORD0003922,INV0003922,cust_0422,8486.42,INR,pay0000000f52,paid,2026-01-03T21:20:00Z
ORD0003923,INV0003923,cust_0423,4633.20,INR,pay0000000f53,paid,2026-01-01T08:53:00Z
ORD0003924,INV0003924,cust_0424,1984.56,INR,pay0000000f54,paid,2026-01-06T15:44:00Z
ORD0003925,INV0003925,cust_0425,3014.73,INR,pay0000000f55,paid,2026-01-18T13:28:00Z
ORD0003926,INV0003926,cust_0426,820.47,INR,pay0000000f56,paid,2026-01-25T21:10:00Z
ORD0003927,INV0003927,cust_0427,8193.38,INR,pay0000000f57,paid,2026-01-11T12:32:00Z
ORD0003928,INV0003928,cust_0428,5984.74,INR,pay0000000f58,paid,2026-01-25T06:10:00Z
ORD0003929,INV0003929,cust_0429,3881.82,INR,pay0000000f59,paid,2026-01-24T13:24:00Z
ORD0003930,INV0003930,cust_0430,439.76,INR,pay0000000f5a,paid,2026-01-09T20:11:00Z
ORD0003931,INV0003931,cust_0431,7408.97,INR,pay0000000f5b,paid,2026-01-09T08:41:00Z
ORD0003932,INV0003932,cust_0432,2386.69,INR,pay0000000f5c,paid,2026-01-17T16:40:00Z
ORD0003933,INV0003933,cust_0433,2814.31,INR,pay0000000f5d,paid,2026-01-06T08:25:00Z
ORD0003934,INV0003934,cust_0434,8186.30,INR,pay0000000f5e,paid,2026-01-19T06:53:00Z
ORD0003935,INV0003935,cust_0435,5006.24,INR,pay0000000f5f,paid,2026-01-18T08:16:00Z
ORD0003936,INV0003936,cust_0436,6794.98,INR,pay0000000f60,paid,2026-01-21T19:47:00Z
ORD0003937,INV0003937,cust_0437,5302.28,INR,pay0000000f61,paid,2026-01-17T14:17:00Z
ORD0003938,INV0003938,cust_0438,5690.71,INR,pay0000000f62,paid,2026-01-25T20:53:00Z
ORD0003939,INV0003939,cust_0439,2693.62,INR,pay0000000f63,paid,2026-01-14T20:08:00Z
ORD0003940,INV0003940,cust_0440,4242.63,INR,pay0000000f64,paid,2026-01-18T08:23:00Z
ORD0003941,INV0003941,cust_0441,918.60,INR,pay0000000f65,paid,2026-01-17T17:52:00Z
ORD0003942,INV0003942,cust_0442,9844.65,INR,pay0000000f66,paid,2026-01-02T10:28:00Z
ORD0003943,INV0003943,cust_0443,1158.39,INR,pay0000000f67,paid,2026-01-01T22:19:00Z
ORD0003944,INV0003944,cust_0444,6818.77,INR,pay0000000f68,paid,2026-01-27T18:01:00Z
ORD0003945,INV0003945,cust_0445,7899.71,INR,pay0000000f69,paid,2026-01-14T07:21:00Z
ORD0003946,INV0003946,cust_0446,4662.84,INR,pay0000000f6a,paid,2026-01-09T19:37:00Z
ORD0003947,INV0003947,cust_0447,4161.11,INR,pay0000000f6b,paid,2026-01-16T20:42:00Z
ORD0003948,INV0003948,cust_0448,4943.82,INR,pay0000000f6c,paid,2026-01-23T09:35:00Z
ORD0003949,INV0003949,cust_0449,4415.62,INR,pay0000000f6d,paid,2026-01-14T21:58:00Z
ORD0003950,INV0003950,cust_0450,6446.49,INR,pay0000000f6e,paid,2026-01-01T22:28:00Z
ORD0003951,INV0003951,cust_0451,2291.21,INR,pay0000000f6f,paid,2026-01-17T16:43:00Z
ORD0003952,INV0003952,cust_0452,7884.31,INR,pay0000000f70,paid,2026-01-07T19:13:00Z
ORD0003953,INV0003953,cust_0453,7277.91,INR,pay0000000f71,paid,2026-01-20T22:48:00Z
ORD0003954,INV0003954,cust_0454,3388.26,INR,pay0000000f72,paid,2026-01-01T15:36:00Z
ORD0003955,INV0003955,cust_0455,7287.03,INR,pay0000000f73,paid,2026-01-15T07:16:00Z
ORD0003956,INV0003956,cust_0456,7346.69,INR,pay0000000f74,paid,2026-01-25T08:34:00Z
ORD0003957,INV0003957,cust_0457,8801.88,INR,pay0000000f75,paid,2026-01-02T08:25:00Z
ORD0003958,INV0003958,cust_0458,7095.11,INR,pay0000000f76,paid,2026-01-01T21:12:00Z
ORD0003959,INV0003959,cust_0459,8781.34,INR,pay0000000f77,paid,2026-01-17T08:43:00Z
ORD0003960,INV0003960,cust_0460,5148.66,INR,pay0000000f78,paid,2026-01-04T10:26:00Z
ORD0003961,INV0003961,cust_0461,8073.41,INR,pay0000000f79,paid,2026-01-07T13:29:00Z
ORD0003962,INV0003962,cust_0462,9673.44,INR,pay0000000f7a,paid,2026-01-01T19:52:00Z
ORD0003963,INV0003963,cust_0463,4254.09,INR,pay0000000f7b,paid,2026-01-19T15:10:00Z
ORD0003964,INV0003964,cust_0464,6205.84,INR,pay0000000f7c,paid,2026-01-18T13:56:00Z
ORD0003965,INV0003965,cust_0465,3176.80,INR,pay0000000f7d,paid,2026-01-22T06:07:00Z
ORD0003966,INV0003966,cust_0466,6406.51,INR,pay0000000f7e,paid,2026-01-14T20:01:00Z
ORD0003967,INV0003967,cust_0467,6473.98,INR,pay0000000f7f,paid,2026-01-11T20:12:00Z
ORD0003968,INV0003968,cust_0468,6372.56,INR,pay0000000f80,paid,2026-01-17T11:17:00Z
ORD0003969,INV0003969,cust_0469,7790.66,INR,pay0000000f81,paid,2026-01-25T14:42:00Z
ORD0003970,INV0003970,cust_0470,8213.35,INR,pay0000000f82,paid,2026-01-23T08:29:00Z
ORD0003971,INV0003971,cust_0471,9023.09,INR,pay0000000f83,paid,2026-01-01T18:40:00Z
ORD0003972,INV0003972,cust_0472,7112.25,INR,pay0000000f84,paid,2026-01-04T16:56:00Z
ORD0003973,INV0003973,cust_0473,7928.09,INR,pay0000000f85,paid,2026-01-25T07:06:00Z
ORD0003974,INV0003974,cust_0474,6096.37,INR,pay0000000f86,paid,2026-01-24T10:57:00Z
ORD0003975,INV0003975,cust_0475,9856.18,INR,pay0000000f87,paid,2026-01-15T07:07:00Z
ORD0003976,INV0003976,cust_0476,1641.57,INR,pay0000000f88,paid,2026-01-14T15:02:00Z
ORD0003977,INV0003977,cust_0477,5386.05,INR,pay0000000f89,paid,2026-01-21T07:33:00Z
ORD0003978,INV0003978,cust_0478,4221.44,INR,pay0000000f8a,paid,2026-01-05T22:10:00Z
ORD0003979,INV0003979,cust_0479,6834.18,INR,pay0000000f8b,paid,2026-01-25T15:53:00Z
ORD0003980,INV0003980,cust_0480,9930.04,INR,pay0000000f8c,paid,2026-01-01T06:29:00Z
ORD0003981,INV0003981,cust_0481,6081.01,INR,pay0000000f8d,paid,2026-01-11T11:41:00Z
ORD0003982,INV0003982,cust_0482,936.31,INR,pay0000000f8e,paid,2026-01-03T19:34:00Z
ORD0003983,INV0003983,cust_0483,7192.18,INR,pay0000000f8f,paid,2026-01-04T18:54:00Z
ORD0003984,INV0003984,cust_0484,4263.73,INR,pay0000000f90,paid,2026-01-13T10:00:00Z
ORD0003985,INV0003985,cust_0485,8820.08,INR,pay0000000f91,paid,2026-01-01T13:39:00Z
ORD0003986,INV0003986,cust_0486,9681.57,INR,pay0000000f92,paid,2026-01-14T12:43:00Z
ORD0003987,INV0003987,cust_0487,3424.02,INR,pay0000000f93,paid,2026-01-26T18:40:00Z
ORD0003988,INV0003988,cust_0488,3507.32,INR,pay0000000f94,paid,2026-01-17T21:57:00Z
ORD0003989,INV0003989,cust_0489,7720.26,INR,pay0000000f95,paid,2026-01-24T15:51:00Z
ORD0003990,INV0003990,cust_0490,6900.74,INR,pay0000000f96,paid,2026-01-12T12:26:00Z
ORD0003991,INV0003991,cust_0491,9848.90,INR,pay0000000f97,paid,2026-01-05T13:29:00Z
ORD0003992,INV0003992,cust_0492,2796.93,INR,pay0000000f98,paid,2026-01-19T20:25:00Z
ORD0003993,INV0003993,cust_0493,3955.22,INR,pay0000000f99,paid,2026-01-21T20:00:00Z
ORD0003994,INV0003994,cust_0494,3342.04,INR,pay0000000f9a,paid,2026-01-05T15:02:00Z
ORD0003995,INV0003995,cust_0495,8017.15,INR,pay0000000f9b,paid,2026-01-14T14:32:00Z
ORD0003996,INV0003996,cust_0496,8286.36,INR,pay0000000f9c,paid,2026-01-12T14:43:00Z
ORD0003997,INV0003997,cust_0497,8677.44,INR,pay0000000f9d,paid,2026-01-23T14:53:00Z
ORD0003998,INV0003998,cust_0498,3698.90,INR,pay0000000f9e,paid,2026-01-23T20:31:00Z
ORD0003999,INV0003999,cust_0499,9851.86,INR,pay0000000f9f,paid,2026-01-23T18:26:00Z
ORD0004000,INV0004000,cust_0000,2425.33,INR,pay0000000fa0,paid,2026-01-14T07:24:00Z
ORD0004001,INV0004001,cust_0001,6557.85,INR,pay0000000fa1,paid,2026-01-17T19:18:00Z
ORD0004002,INV0004002,cust_0002,6102.22,INR,pay0000000fa2,paid,2026-01-10T21:58:00Z
ORD0004003,INV0004003,cust_0003,534.50,INR,pay0000000fa3,paid,2026-01-09T11:38:00Z
ORD0004004,INV0004004,cust_0004,4311.80,INR,pay0000000fa4,paid,2026-01-19T10:00:00Z
ORD0004005,INV0004005,cust_0005,4762.44,INR,pay0000000fa5,paid,2026-01-19T19:11:00Z
ORD0004006,INV0004006,cust_0006,6191.68,INR,pay0000000fa6,paid,2026-01-20T10:37:00Z
ORD0004007,INV0004007,cust_0007,7701.71,INR,pay0000000fa7,paid,2026-01-18T13:13:00Z
ORD0004008,INV0004008,cust_0008,9076.87,INR,pay0000000fa8,paid,2026-01-13T22:29:00Z
ORD0004009,INV0004009,cust_0009,1968.88,INR,pay0000000fa9,paid,2026-01-12T19:00:00Z
ORD0004010,INV0004010,cust_0010,5512.03,INR,pay0000000faa,paid,2026-01-06T07:33:00Z
ORD0004011,INV0004011,cust_0011,1007.91,INR,pay0000000fab,paid,2026-01-11T12:38:00Z
ORD0004012,INV0004012,cust_0012,6291.11,INR,pay0000000fac,paid,2026-01-03T10:08:00Z
ORD0004013,INV0004013,cust_0013,3124.41,INR,pay0000000fad,paid,2026-01-02T20:59:00Z
ORD0004014,INV0004014,cust_0014,7600.64,INR,pay0000000fae,paid,2026-01-24T08:50:00Z
ORD0004015,INV0004015,cust_0015,9135.11,INR,pay0000000faf,paid,2026-01-10T08:13:00Z
ORD0004016,INV0004016,cust_0016,6033.38,INR,pay0000000fb0,paid,2026-01-16T16:09:00Z
ORD0004017,INV0004017,cust_0017,352.83,INR,pay0000000fb1,paid,2026-01-19T19:41:00Z
ORD0004018,INV0004018,cust_0018,7788.39,INR,pay0000000fb2,paid,2026-01-26T10:18:00Z
ORD0004019,INV0004019,cust_0019,7443.81,INR,pay0000000fb3,paid,2026-01-21T10:03:00Z
ORD0004020,INV0004020,cust_0020,8725.49,INR,pay0000000fb4,paid,2026-01-08T06:36:00Z
ORD0004021,INV0004021,cust_0021,9886.87,INR,pay0000000fb5,paid,2026-01-26T09:39:00Z
ORD0004022,INV0004022,cust_0022,4206.42,INR,pay0000000fb6,paid,2026-01-05T07:41:00Z
ORD0004023,INV0004023,cust_0023,9225.61,INR,pay0000000fb7,paid,2026-01-01T08:30:00Z
ORD0004024,INV0004024,cust_0024,9811.73,INR,pay0000000fb8,paid,2026-01-01T20:39:00Z
ORD0004025,INV0004025,cust_0025,6001.50,INR,pay0000000fb9,paid,2026-01-11T21:09:00Z
ORD0004026,INV0004026,cust_0026,75.54,INR,pay0000000fba,paid,2026-01-10T13:50:00Z
ORD0004027,INV0004027,cust_0027,7458.50,INR,pay0000000fbb,paid,2026-01-06T16:14:00Z
ORD0004028,INV0004028,cust_0028,6492.25,INR,pay0000000fbc,paid,2026-01-11T18:06:00Z
ORD0004029,INV0004029,cust_0029,5204.55,INR,pay0000000fbd,paid,2026-01-07T11:04:00Z
ORD0004030,INV0004030,cust_0030,7948.69,INR,pay0000000fbe,paid,2026-01-19T11:02:00Z
ORD0004031,INV0004031,cust_0031,7808.61,INR,pay0000000fbf,paid,2026-01-27T08:37:00Z
ORD0004032,INV0004032,cust_0032,2206.66,INR,pay0000000fc0,paid,2026-01-15T07:12:00Z
ORD0004033,INV0004033,cust_0033,8936.60,INR,pay0000000fc1,paid,2026-01-10T14:54:00Z
ORD0004034,INV0004034,cust_0034,5.89,INR,pay0000000fc2,paid,2026-01-25T14:31:00Z
ORD0004035,INV0004035,cust_0035,5610.11,INR,pay0000000fc3,paid,2026-01-14T10:49:00Z
ORD0004036,INV0004036,cust_0036,9683.40,INR,pay0000000fc4,paid,2026-01-01T21:26:00Z
ORD0004037,INV0004037,cust_0037,6383.49,INR,pay0000000fc5,paid,2026-01-03T21:40:00Z
ORD0004038,INV0004038,cust_0038,3751.35,INR,pay0000000fc6,paid,2026-01-03T21:44:00Z
ORD0004039,INV0004039,cust_0039,6223.99,INR,pay0000000fc7,paid,2026-01-12T08:17:00Z
ORD0004040,INV0004040,cust_0040,2687.18,INR,pay0000000fc8,paid,2026-01-02T08:35:00Z
ORD0004041,INV0004041,cust_0041,7648.27,INR,pay0000000fc9,paid,2026-01-24T09:20:00Z
ORD0004042,INV0004042,cust_0042,8401.64,INR,pay0000000fca,paid,2026-01-20T18:42:00Z
ORD0004043,INV0004043,cust_0043,1231.55,INR,pay0000000fcb,paid,2026-01-13T07:41:00Z
ORD0004044,INV0004044,cust_0044,9361.03,INR,pay0000000fcc,paid,2026-01-27T06:45:00Z
ORD0004045,INV0004045,cust_0045,1234.24,INR,pay0000000fcd,paid,2026-01-18T14:01:00Z
ORD0004046,INV0004046,cust_0046,7469.21,INR,pay0000000fce,paid,2026-01-18T10:11:00Z
ORD0004047,INV0004047,cust_0047,4017.05,INR,pay0000000fcf,paid,2026-01-13T11:49:00Z
ORD0004048,INV0004048,cust_0048,3903.04,INR,pay0000000fd0,paid,2026-01-27T18:43:00Z
ORD0004049,INV0004049,cust_0049,5606.26,INR,pay0000000fd1,paid,2026-01-18T06:09:00Z
ORD0004050,INV0004050,cust_0050,7322.11,INR,pay0000000fd2,paid,2026-01-11T08:57:00Z
ORD0004051,INV0004051,cust_0051,7442.48,INR,pay0000000fd3,paid,2026-01-20T12:55:00Z
ORD0004052,INV0004052,cust_0052,4383.05,INR,pay0000000fd4,paid,2026-01-05T12:03:00Z
ORD0004053,INV0004053,cust_0053,3150.52,INR,pay0000000fd5,paid,2026-01-09T06:32:00Z
ORD0004054,INV0004054,cust_0054,8817.56,INR,pay0000000fd6,paid,2026-01-14T21:02:00Z
ORD0004055,INV0004055,cust_0055,451.27,INR,pay0000000fd7,paid,2026-01-20T11:02:00Z
ORD0004056,INV0004056,cust_0056,6455.14,INR,pay0000000fd8,paid,2026-01-03T15:55:00Z
ORD0004057,INV0004057,cust_0057,8506.40,INR,pay0000000fd9,paid,2026-01-13T18:06:00Z
ORD0004058,INV0004058,cust_0058,5809.33,INR,pay0000000fda,paid,2026-01-11T07:21:00Z
ORD0004059,INV0004059,cust_0059,6906.09,INR,pay0000000fdb,paid,2026-01-04T09:38:00Z
ORD0004060,INV0004060,cust_0060,8380.19,INR,pay0000000fdc,paid,2026-01-22T11:09:00Z
ORD0004061,INV0004061,cust_0061,9494.44,INR,pay0000000fdd,paid,2026-01-16T06:30:00Z
ORD0004062,INV0004062,cust_0062,2925.45,INR,pay0000000fde,paid,2026-01-10T21:46:00Z
ORD0004063,INV0004063,cust_0063,7123.74,INR,pay0000000fdf,paid,2026-01-22T10:58:00Z
ORD0004064,INV0004064,cust_0064,4098.65,INR,pay0000000fe0,paid,2026-01-24T08:52:00Z
ORD0004065,INV0004065,cust_0065,2562.27,INR,pay0000000fe1,paid,2026-01-19T14:26:00Z
ORD0004066,INV0004066,cust_0066,1391.95,INR,pay0000000fe2,paid,2026-01-14T11:15:00Z
ORD0004067,INV0004067,cust_0067,34.10,INR,pay0000000fe3,paid,2026-01-12T13:00:00Z
ORD0004068,INV0004068,cust_0068,177.42,INR,pay0000000fe4,paid,2026-01-05T17:31:00Z
ORD0004069,INV0004069,cust_0069,4212.77,INR,pay0000000fe5,paid,2026-01-02T16:59:00Z
ORD0004070,INV0004070,cust_0070,4159.73,INR,pay0000000fe6,paid,2026-01-13T13:27:00Z
ORD0004071,INV0004071,cust_0071,924.91,INR,pay0000000fe7,paid,2026-01-21T19:17:00Z
ORD0004072,INV0004072,cust_0072,1270.45,INR,pay0000000fe8,paid,2026-01-01T12:37:00Z
ORD0004073,INV0004073,cust_0073,8451.21,INR,pay0000000fe9,paid,2026-01-24T13:40:00Z
ORD0004074,INV0004074,cust_0074,249.37,INR,pay0000000fea,paid,2026-01-20T14:21:00Z
ORD0004075,INV0004075,cust_0075,4829.16,INR,pay0000000feb,paid,2026-01-25T17:36:00Z
ORD0004076,INV0004076,cust_0076,8996.20,INR,pay0000000fec,paid,2026-01-04T11:25:00Z
ORD0004077,INV0004077,cust_0077,5598.58,INR,pay0000000fed,paid,2026-01-14T07:08:00Z
ORD0004078,INV0004078,cust_0078,9940.49,INR,pay0000000fee,paid,2026-01-16T15:42:00Z
ORD0004079,INV0004079,cust_0079,6612.75,INR,pay0000000fef,paid,2026-01-19T10:02:00Z
ORD0004080,INV0004080,cust_0080,6348.62,INR,pay0000000ff0,paid,2026-01-10T15:59:00Z
ORD0004081,INV0004081,cust_0081,1308.96,INR,pay0000000ff1,paid,2026-01-18T06:40:00Z
ORD0004082,INV0004082,cust_0082,6246.57,INR,pay0000000ff2,paid,2026-01-13T17:40:00Z
ORD0004083,INV0004083,cust_0083,9298.68,INR,pay0000000ff3,paid,2026-01-27T15:48:00Z
ORD0004084,INV0004084,cust_0084,1650.21,INR,pay0000000ff4,paid,2026-01-06T17:09:00Z
ORD0004085,INV0004085,cust_0085,553.75,INR,pay0000000ff5,paid,2026-01-11T19:24:00Z
ORD0004086,INV0004086,cust_0086,4287.26,INR,pay0000000ff6,paid,2026-01-04T19:53:00Z
ORD0004087,INV0004087,cust_0087,324.64,INR,pay0000000ff7,paid,2026-01-15T06:18:00Z
ORD0004088,INV0004088,cust_0088,9461.03,INR,pay0000000ff8,paid,2026-01-13T06:08:00Z
ORD0004089,INV0004089,cust_0089,664.42,INR,pay0000000ff9,paid,2026-01-12T22:23:00Z
ORD0004090,INV0004090,cust_0090,2092.16,INR,pay0000000ffa,paid,2026-01-22T06:04:00Z
ORD0004091,INV0004091,cust_0091,6661.44,INR,pay0000000ffb,paid,2026-01-03T19:31:00Z
ORD0004092,INV0004092,cust_0092,3642.10,INR,pay0000000ffc,paid,2026-01-17T20:36:00Z
ORD0004093,INV0004093,cust_0093,2685.79,INR,pay0000000ffd,paid,2026-01-10T08:13:00Z
ORD0004094,INV0004094,cust_0094,4643.24,INR,pay0000000ffe,paid,2026-01-19T14:03:00Z
ORD0004095,INV0004095,cust_0095,7679.76,INR,pay0000000fff,paid,2026-01-24T17:13:00Z
ORD0004096,INV0004096,cust_0096,9629.88,INR,pay0000001000,paid,2026-01-15T07:20:00Z
ORD0004097,INV0004097,cust_0097,9794.25,INR,pay0000001001,paid,2026-01-24T08:48:00Z
ORD0004098,INV0004098,cust_0098,5578.36,INR,pay0000001002,paid,2026-01-13T19:47:00Z
ORD0004099,INV0004099,cust_0099,4510.57,INR,pay0000001003,paid,2026-01-11T18:56:00Z
ORD0004100,INV0004100,cust_0100,9244.07,INR,pay0000001004,paid,2026-01-11T21:16:00Z
ORD0004101,INV0004101,cust_0101,5740.06,INR,pay0000001005,paid,2026-01-01T17:43:00Z
ORD0004102,INV0004102,cust_0102,2551.85,INR,pay0000001006,paid,2026-01-24T21:54:00Z
ORD0004103,INV0004103,cust_0103,2567.30,INR,pay0000001007,paid,2026-01-01T09:36:00Z
ORD0004104,INV0004104,cust_0104,2541.45,INR,pay0000001008,paid,2026-01-07T12:54:00Z
ORD0004105,INV0004105,cust_0105,2235.33,INR,pay0000001009,paid,2026-01-26T10:13:00Z
ORD0004106,INV0004106,cust_0106,423.57,INR,pay000000100a,paid,2026-01-06T10:20:00Z
ORD0004107,INV0004107,cust_0107,9806.78,INR,pay000000100b,paid,2026-01-26T20:24:00Z
ORD0004108,INV0004108,cust_0108,2713.33,INR,pay000000100c,paid,2026-01-06T20:30:00Z
ORD0004109,INV0004109,cust_0109,1676.99,INR,pay000000100d,paid,2026-01-08T16:41:00Z
ORD0004110,INV0004110,cust_0110,7198.34,INR,pay000000100e,paid,2026-01-06T06:36:00Z
ORD0004111,INV0004111,cust_0111,6.39,INR,pay000000100f,paid,2026-01-03T19:39:00Z
ORD0004112,INV0004112,cust_0112,1841.97,INR,pay0000001010,paid,2026-01-17T14:18:00Z
ORD0004113,INV0004113,cust_0113,5191.71,INR,pay0000001011,paid,2026-01-22T08:38:00Z
ORD0004114,INV0004114,cust_0114,6381.47,INR,pay0000001012,paid,2026-01-01T21:21:00Z
ORD0004115,INV0004115,cust_0115,2822.82,INR,pay0000001013,paid,2026-01-23T16:08:00Z
ORD0004116,INV0004116,cust_0116,4645.63,INR,pay0000001014,paid,2026-01-11T19:36:00Z
ORD0004117,INV0004117,cust_0117,2120.39,INR,pay0000001015,paid,2026-01-18T13:07:00Z
ORD0004118,INV0004118,cust_0118,4129.54,INR,pay0000001016,paid,2026-01-26T15:15:00Z
ORD0004119,INV0004119,cust_0119,7957.06,INR,pay0000001017,paid,2026-01-14T10:58:00Z
ORD0004120,INV0004120,cust_0120,4900.40,INR,pay0000001018,paid,2026-01-07T12:04:00Z
ORD0004121,INV0004121,cust_0121,359.10,INR,pay0000001019,paid,2026-01-13T18:59:00Z
ORD0004122,INV0004122,cust_0122,2179.06,INR,pay000000101a,paid,2026-01-18T17:03:00Z
ORD0004123,INV0004123,cust_0123,3518.33,INR,pay000000101b,paid,2026-01-20T16:10:00Z
ORD0004124,INV0004124,cust_0124,1423.43,INR,pay000000101c,paid,2026-01-21T15:05:00Z
ORD0004125,INV0004125,cust_0125,8300.13,INR,pay000000101d,paid,2026-01-23T15:46:00Z
ORD0004126,INV0004126,cust_0126,2838.76,INR,pay000000101e,paid,2026-01-01T19:30:00Z
ORD0004127,INV0004127,cust_0127,4759.69,INR,pay000000101f,paid,2026-01-14T10:23:00Z
ORD0004128,INV0004128,cust_0128,4510.73,INR,pay0000001020,paid,2026-01-27T11:00:00Z
ORD0004129,INV0004129,cust_0129,2006.83,INR,pay0000001021,paid,2026-01-26T22:42:00Z
ORD0004130,INV0004130,cust_0130,8346.03,INR,pay0000001022,paid,2026-01-09T19:46:00Z
ORD0004131,INV0004131,cust_0131,2807.48,INR,pay0000001023,paid,2026-01-11T21:41:00Z
ORD0004132,INV0004132,cust_0132,6160.92,INR,pay0000001024,paid,2026-01-23T21:47:00Z
ORD0004133,INV0004133,cust_0133,8835.20,INR,pay0000001025,paid,2026-01-20T08:16:00Z
ORD0004134,INV0004134,cust_0134,6184.02,INR,pay0000001026,paid,2026-01-24T16:52:00Z
ORD0004135,INV0004135,cust_0135,6267.25,INR,pay0000001027,paid,2026-01-23T12:09:00Z
ORD0004136,INV0004136,cust_0136,1342.55,INR,pay0000001028,paid,2026-01-05T13:37:00Z
ORD0004137,INV0004137,cust_0137,7540.07,INR,pay0000001029,paid,2026-01-18T08:42:00Z
ORD0004138,INV0004138,cust_0138,5902.03,INR,pay000000102a,paid,2026-01-11T13:16:00Z
ORD0004139,INV0004139,cust_0139,1918.15,INR,pay000000102b,paid,2026-01-22T20:27:00Z
ORD0004140,INV0004140,cust_0140,2029.88,INR,pay000000102c,paid,2026-01-27T22:45:00Z
ORD0004141,INV0004141,cust_0141,8673.69,INR,pay000000102d,paid,2026-01-21T11:21:00Z
ORD0004142,INV0004142,cust_0142,7303.96,INR,pay000000102e,paid,2026-01-16T08:54:00Z
ORD0004143,INV0004143,cust_0143,9536.48,INR,pay000000102f,paid,2026-01-05T12:28:00Z
ORD0004144,INV0004144,cust_0144,611.16,INR,pay0000001030,paid,2026-01-11T15:04:00Z
ORD0004145,INV0004145,cust_0145,2101.40,INR,pay0000001031,paid,2026-01-23T14:36:00Z
ORD0004146,INV0004146,cust_0146,4907.49,INR,pay0000001032,paid,2026-01-24T14:25:00Z
ORD0004147,INV0004147,cust_0147,7205.55,INR,pay0000001033,paid,2026-01-15T14:36:00Z
ORD0004148,INV0004148,cust_0148,5683.84,INR,pay0000001034,paid,2026-01-08T06:54:00Z
ORD0004149,INV0004149,cust_0149,4146.57,INR,pay0000001035,paid,2026-01-26T09:03:00Z
ORD0004150,INV0004150,cust_0150,1480.43,INR,pay0000001036,paid,2026-01-14T08:24:00Z
ORD0004151,INV0004151,cust_0151,3741.37,INR,pay0000001037,paid,2026-01-11T20:43:00Z
ORD0004152,INV0004152,cust_0152,3471.00,INR,pay0000001038,paid,2026-01-16T22:25:00Z
ORD0004153,INV0004153,cust_0153,3763.87,INR,pay0000001039,paid,2026-01-16T17:06:00Z
ORD0004154,INV0004154,cust_0154,2884.36,INR,pay000000103a,paid,2026-01-01T06:03:00Z
ORD0004155,INV0004155,cust_0155,5468.28,INR,pay000000103b,paid,2026-01-26T19:51:00Z
ORD0004156,INV0004156,cust_0156,607.82,INR,pay000000103c,paid,2026-01-12T08:26:00Z
ORD0004157,INV0004157,cust_0157,1121.85,INR,pay000000103d,paid,2026-01-05T11:57:00Z
ORD0004158,INV0004158,cust_0158,8077.35,INR,pay000000103e,paid,2026-01-17T21:59:00Z
ORD0004159,INV0004159,cust_0159,8897.23,INR,pay000000103f,paid,2026-01-27T12:12:00Z
ORD0004160,INV0004160,cust_0160,4469.84,INR,pay0000001040,paid,2026-01-01T22:49:00Z
ORD0004161,INV0004161,cust_0161,9098.91,INR,pay0000001041,paid,2026-01-02T08:28:00Z
ORD0004162,INV0004162,cust_0162,482.96,INR,pay0000001042,paid,2026-01-20T15:51:00Z
ORD0004163,INV0004163,cust_0163,5380.99,INR,pay0000001043,paid,2026-01-21T19:03:00Z
ORD0004164,INV0004164,cust_0164,3494.49,INR,pay0000001044,paid,2026-01-24T07:34:00Z
ORD0004165,INV0004165,cust_0165,6387.82,INR,pay0000001045,paid,2026-01-25T14:47:00Z
ORD0004166,INV0004166,cust_0166,6069.82,INR,pay0000001046,paid,2026-01-01T19:40:00Z
ORD0004167,INV0004167,cust_0167,5088.40,INR,pay0000001047,paid,2026-01-27T21:08:00Z
ORD0004168,INV0004168,cust_0168,5827.09,INR,pay0000001048,paid,2026-01-09T09:13:00Z
ORD0004169,INV0004169,cust_0169,5527.08,INR,pay0000001049,paid,2026-01-01T15:20:00Z
ORD0004170,INV0004170,cust_0170,7906.13,INR,pay000000104a,paid,2026-01-25T18:48:00Z
ORD0004171,INV0004171,cust_0171,5346.85,INR,pay000000104b,paid,2026-01-01T16:31:00Z
ORD0004172,INV0004172,cust_0172,7102.08,INR,pay000000104c,paid,2026-01-01T16:37:00Z
ORD0004173,INV0004173,cust_0173,16.42,INR,pay000000104d,paid,2026-01-06T14:17:00Z
ORD0004174,INV0004174,cust_0174,948.96,INR,pay000000104e,paid,2026-01-12T22:38:00Z
ORD0004175,INV0004175,cust_0175,6406.80,INR,pay000000104f,paid,2026-01-27T06:29:00Z
ORD0004176,INV0004176,cust_0176,2389.01,INR,pay0000001050,paid,2026-01-04T20:42:00Z
ORD0004177,INV0004177,cust_0177,4585.03,INR,pay0000001051,paid,2026-01-15T17:39:00Z
ORD0004178,INV0004178,cust_0178,704.33,INR,pay0000001052,paid,2026-01-17T19:47:00Z
ORD0004179,INV0004179,cust_0179,2117.53,INR,pay0000001053,paid,2026-01-01T22:33:00Z
ORD0004180,INV0004180,cust_0180,3360.44,INR,pay0000001054,paid,2026-01-26T22:55:00Z
ORD0004181,INV0004181,cust_0181,2903.82,INR,pay0000001055,paid,2026-01-04T19:10:00Z
ORD0004182,INV0004182,cust_0182,9353.05,INR,pay0000001056,paid,2026-01-14T06:47:00Z
ORD0004183,INV0004183,cust_0183,3955.44,INR,pay0000001057,paid,2026-01-23T14:10:00Z
ORD0004184,INV0004184,cust_0184,3072.45,INR,pay0000001058,paid,2026-01-17T12:06:00Z
ORD0004185,INV0004185,cust_0185,4030.99,INR,pay0000001059,paid,2026-01-13T11:53:00Z
ORD0004186,INV0004186,cust_0186,6739.39,INR,pay000000105a,paid,2026-01-22T08:23:00Z
ORD0004187,INV0004187,cust_0187,8375.03,INR,pay000000105b,paid,2026-01-25T08:29:00Z
ORD0004188,INV0004188,cust_0188,8172.77,INR,pay000000105c,paid,2026-01-05T18:52:00Z
ORD0004189,INV0004189,cust_0189,4349.45,INR,pay000000105d,paid,2026-01-20T06:59:00Z
ORD0004190,INV0004190,cust_0190,4830.21,INR,pay000000105e,paid,2026-01-24T10:14:00Z
ORD0004191,INV0004191,cust_0191,287.85,INR,pay000000105f,paid,2026-01-05T11:14:00Z
ORD0004192,INV0004192,cust_0192,3322.25,INR,pay0000001060,paid,2026-01-27T14:55:00Z
ORD0004193,INV0004193,cust_0193,4702.84,INR,pay0000001061,paid,2026-01-02T14:51:00Z
ORD0004194,INV0004194,cust_0194,7379.28,INR,pay0000001062,paid,2026-01-09T08:40:00Z
ORD0004195,INV0004195,cust_0195,3296.21,INR,pay0000001063,paid,2026-01-07T22:04:00Z
ORD0004196,INV0004196,cust_0196,422.24,INR,pay0000001064,paid,2026-01-27T20:47:00Z
ORD0004197,INV0004197,cust_0197,3703.77,INR,pay0000001065,paid,2026-01-19T08:20:00Z
ORD0004198,INV0004198,cust_0198,3880.47,INR,pay0000001066,paid,2026-01-17T18:10:00Z
ORD0004199,INV0004199,cust_0199,2768.77,INR,pay0000001067,paid,2026-01-18T22:28:00Z
ORD0004200,INV0004200,cust_0200,9035.80,INR,pay0000001068,paid,2026-01-05T06:43:00Z
ORD0004201,INV0004201,cust_0201,4190.37,INR,pay0000001069,paid,2026-01-22T09:11:00Z
ORD0004202,INV0004202,cust_0202,930.00,INR,pay000000106a,paid,2026-01-18T09:09:00Z
ORD0004203,INV0004203,cust_0203,4062.63,INR,pay000000106b,paid,2026-01-21T09:32:00Z
ORD0004204,INV0004204,cust_0204,5126.81,INR,pay000000106c,paid,2026-01-01T18:24:00Z
ORD0004205,INV0004205,cust_0205,4772.68,INR,pay000000106d,paid,2026-01-19T10:14:00Z
ORD0004206,INV0004206,cust_0206,1514.72,INR,pay000000106e,paid,2026-01-13T13:14:00Z
ORD0004207,INV0004207,cust_0207,8913.04,INR,pay000000106f,paid,2026-01-14T15:38:00Z
ORD0004208,INV0004208,cust_0208,3320.41,INR,pay0000001070,paid,2026-01-02T19:31:00Z
ORD0004209,INV0004209,cust_0209,4343.64,INR,pay0000001071,paid,2026-01-17T13:12:00Z
ORD0004210,INV0004210,cust_0210,144.14,INR,pay0000001072,paid,2026-01-26T21:28:00Z
ORD0004211,INV0004211,cust_0211,8811.61,INR,pay0000001073,paid,2026-01-26T12:06:00Z
ORD0004212,INV0004212,cust_0212,452.82,INR,pay0000001074,paid,2026-01-22T16:28:00Z
ORD0004213,INV0004213,cust_0213,6754.76,INR,pay0000001075,paid,2026-01-03T22:30:00Z
ORD0004214,INV0004214,cust_0214,7755.55,INR,pay0000001076,paid,2026-01-08T22:17:00Z
ORD0004215,INV0004215,cust_0215,3267.95,INR,pay0000001077,paid,2026-01-12T22:34:00Z
ORD0004216,INV0004216,cust_0216,3269.88,INR,pay0000001078,paid,2026-01-03T15:56:00Z
ORD0004217,INV0004217,cust_0217,7361.39,INR,pay0000001079,paid,2026-01-04T10:59:00Z
ORD0004218,INV0004218,cust_0218,2085.92,INR,pay000000107a,paid,2026-01-13T20:07:00Z
ORD0004219,INV0004219,cust_0219,8146.60,INR,pay000000107b,paid,2026-01-18T08:47:00Z
ORD0004220,INV0004220,cust_0220,9215.07,INR,pay000000107c,paid,2026-01-15T20:34:00Z
ORD0004221,INV0004221,cust_0221,3177.49,INR,pay000000107d,paid,2026-01-26T14:22:00Z
ORD0004222,INV0004222,cust_0222,4325.27,INR,pay000000107e,paid,2026-01-16T15:01:00Z
ORD0004223,INV0004223,cust_0223,4485.28,INR,pay000000107f,paid,2026-01-10T06:04:00Z
ORD0004224,INV0004224,cust_0224,6434.40,INR,pay0000001080,paid,2026-01-11T21:13:00Z
ORD0004225,INV0004225,cust_0225,9112.97,INR,pay0000001081,paid,2026-01-04T17:37:00Z
ORD0004226,INV0004226,cust_0226,9620.40,INR,pay0000001082,paid,2026-01-06T10:42:00Z
ORD0004227,INV0004227,cust_0227,8121.22,INR,pay0000001083,paid,2026-01-24T12:45:00Z
ORD0004228,INV0004228,cust_0228,935.38,INR,pay0000001084,paid,2026-01-11T17:58:00Z
ORD0004229,INV0004229,cust_0229,8620.57,INR,pay0000001085,paid,2026-01-08T13:11:00Z
ORD0004230,INV0004230,cust_0230,7726.58,INR,pay0000001086,paid,2026-01-12T08:35:00Z
ORD0004231,INV0004231,cust_0231,6119.01,INR,pay0000001087,paid,2026-01-14T18:01:00Z
ORD0004232,INV0004232,cust_0232,8338.12,INR,pay0000001088,paid,2026-01-13T21:45:00Z
ORD0004233,INV0004233,cust_0233,1287.74,INR,pay0000001089,paid,2026-01-12T17:34:00Z
ORD0004234,INV0004234,cust_0234,5112.15,INR,pay000000108a,paid,2026-01-09T09:27:00Z
ORD0004235,INV0004235,cust_0235,1699.09,INR,pay000000108b,paid,2026-01-06T08:32:00Z
ORD0004236,INV0004236,cust_0236,5791.16,INR,pay000000108c,paid,2026-01-03T15:57:00Z
ORD0004237,INV0004237,cust_0237,3149.17,INR,pay000000108d,paid,2026-01-27T14:42:00Z
ORD0004238,INV0004238,cust_0238,619.18,INR,pay000000108e,paid,2026-01-23T14:52:00Z
ORD0004239,INV0004239,cust_0239,8507.49,INR,pay000000108f,paid,2026-01-15T15:01:00Z
ORD0004240,INV0004240,cust_0240,7543.90,INR,pay0000001090,paid,2026-01-05T18:18:00Z
ORD0004241,INV0004241,cust_0241,8085.85,INR,pay0000001091,paid,2026-01-01T10:27:00Z
ORD0004242,INV0004242,cust_0242,7859.89,INR,pay0000001092,paid,2026-01-01T18:45:00Z
ORD0004243,INV0004243,cust_0243,1982.69,INR,pay0000001093,paid,2026-01-14T18:28:00Z
ORD0004244,INV0004244,cust_0244,3963.93,INR,pay0000001094,paid,2026-01-14T19:27:00Z
ORD0004245,INV0004245,cust_0245,3291.73,INR,pay0000001095,paid,2026-01-24T18:58:00Z
ORD0004246,INV0004246,cust_0246,9967.83,INR,pay0000001096,paid,2026-01-02T10:50:00Z
ORD0004247,INV0004247,cust_0247,2313.75,INR,pay0000001097,paid,2026-01-09T07:04:00Z
ORD0004248,INV0004248,cust_0248,5811.24,INR,pay0000001098,paid,2026-01-08T19:31:00Z
ORD0004249,INV0004249,cust_0249,988.43,INR,pay0000001099,paid,2026-01-16T20:39:00Z
ORD0004250,INV0004250,cust_0250,3197.17,INR,pay000000109a,paid,2026-01-09T18:07:00Z
ORD0004251,INV0004251,cust_0251,2577.29,INR,pay000000109b,paid,2026-01-25T17:04:00Z
ORD0004252,INV0004252,cust_0252,9525.70,INR,pay000000109c,paid,2026-01-12T19:56:00Z
ORD0004253,INV0004253,cust_0253,3957.02,INR,pay000000109d,paid,2026-01-27T07:07:00Z
ORD0004254,INV0004254,cust_0254,7886.18,INR,pay000000109e,paid,2026-01-05T18:13:00Z
ORD0004255,INV0004255,cust_0255,7873.91,INR,pay000000109f,paid,2026-01-12T18:57:00Z
ORD0004256,INV0004256,cust_0256,7952.50,INR,pay00000010a0,paid,2026-01-06T11:31:00Z
ORD0004257,INV0004257,cust_0257,9240.84,INR,pay00000010a1,paid,2026-01-09T08:19:00Z
ORD0004258,INV0004258,cust_0258,8318.24,INR,pay00000010a2,paid,2026-01-27T16:00:00Z
ORD0004259,INV0004259,cust_0259,7645.00,INR,pay00000010a3,paid,2026-01-24T12:53:00Z
ORD0004260,INV0004260,cust_0260,2687.44,INR,pay00000010a4,paid,2026-01-18T18:30:00Z
ORD0004261,INV0004261,cust_0261,5624.77,INR,pay00000010a5,paid,2026-01-08T06:19:00Z
ORD0004262,INV0004262,cust_0262,698.15,INR,pay00000010a6,paid,2026-01-09T17:17:00Z
ORD0004263,INV0004263,cust_0263,5061.25,INR,pay00000010a7,paid,2026-01-10T12:09:00Z
ORD0004264,INV0004264,cust_0264,4807.35,INR,pay00000010a8,paid,2026-01-17T22:29:00Z
ORD0004265,INV0004265,cust_0265,1410.22,INR,pay00000010a9,paid,2026-01-23T06:18:00Z
ORD0004266,INV0004266,cust_0266,2562.05,INR,pay00000010aa,paid,2026-01-15T21:41:00Z
ORD0004267,INV0004267,cust_0267,7327.88,INR,pay00000010ab,paid,2026-01-17T17:32:00Z
ORD0004268,INV0004268,cust_0268,2555.22,INR,pay00000010ac,paid,2026-01-03T15:13:00Z
ORD0004269,INV0004269,cust_0269,9843.98,INR,pay00000010ad,paid,2026-01-03T14:14:00Z
ORD0004270,INV0004270,cust_0270,1796.28,INR,pay00000010ae,paid,2026-01-21T09:51:00Z
ORD0004271,INV0004271,cust_0271,818.86,INR,pay00000010af,paid,2026-01-18T20:06:00Z
ORD0004272,INV0004272,cust_0272,6620.06,INR,pay00000010b0,paid,2026-01-17T16:27:00Z
ORD0004273,INV0004273,cust_0273,4767.01,INR,pay00000010b1,paid,2026-01-27T07:26:00Z
ORD0004274,INV0004274,cust_0274,29.11,INR,pay00000010b2,paid,2026-01-05T19:52:00Z
ORD0004275,INV0004275,cust_0275,8484.15,INR,pay00000010b3,paid,2026-01-24T08:23:00Z
ORD0004276,INV0004276,cust_0276,2062.05,INR,pay00000010b4,paid,2026-01-01T18:02:00Z
ORD0004277,INV0004277,cust_0277,1945.06,INR,pay00000010b5,paid,2026-01-17T19:55:00Z
ORD0004278,INV0004278,cust_0278,202.83,INR,pay00000010b6,paid,2026-01-22T16:58:00Z
ORD0004279,INV0004279,cust_0279,1007.19,INR,pay00000010b7,paid,2026-01-04T15:50:00Z
ORD0004280,INV0004280,cust_0280,5042.35,INR,pay00000010b8,paid,2026-01-02T09:20:00Z
ORD0004281,INV0004281,cust_0281,6179.26,INR,pay00000010b9,paid,2026-01-19T10:01:00Z
ORD0004282,INV0004282,cust_0282,2624.85,INR,pay00000010ba,paid,2026-01-07T22:09:00Z
ORD0004283,INV0004283,cust_0283,2918.73,INR,pay00000010bb,paid,2026-01-02T07:20:00Z
ORD0004284,INV0004284,cust_0284,6976.34,INR,pay00000010bc,paid,2026-01-06T07:23:00Z
ORD0004285,INV0004285,cust_0285,1007.49,INR,pay00000010bd,paid,2026-01-22T07:54:00Z
ORD0004286,INV0004286,cust_0286,2689.62,INR,pay00000010be,paid,2026-01-18T15:13:00Z
ORD0004287,INV0004287,cust_0287,1832.76,INR,pay00000010bf,paid,2026-01-12T11:33:00Z
ORD0004288,INV0004288,cust_0288,1665.14,INR,pay00000010c0,paid,2026-01-08T14:21:00Z
ORD0004289,INV0004289,cust_0289,2275.98,INR,pay00000010c1,paid,2026-01-10T11:32:00Z
ORD0004290,INV0004290,cust_0290,3129.22,INR,pay00000010c2,paid,2026-01-20T20:27:00Z
ORD0004291,INV0004291,cust_0291,5373.69,INR,pay00000010c3,paid,2026-01-14T19:12:00Z
ORD0004292,INV0004292,cust_0292,7656.27,INR,pay00000010c4,paid,2026-01-26T17:15:00Z
ORD0004293,INV0004293,cust_0293,4970.56,INR,pay00000010c5,paid,2026-01-21T13:17:00Z
ORD0004294,INV0004294,cust_0294,6559.50,INR,pay00000010c6,paid,2026-01-12T11:39:00Z
ORD0004295,INV0004295,cust_0295,8758.92,INR,pay00000010c7,paid,2026-01-25T08:21:00Z
ORD0004296,INV0004296,cust_0296,4244.22,INR,pay00000010c8,paid,2026-01-12T16:36:00Z
ORD0004297,INV0004297,cust_0297,9413.09,INR,pay00000010c9,paid,2026-01-13T11:23:00Z
ORD0004298,INV0004298,cust_0298,3152.26,INR,pay00000010ca,paid,2026-01-04T14:30:00Z
ORD0004299,INV0004299,cust_0299,8907.36,INR,pay00000010cb,paid,2026-01-19T17:10:00Z
ORD0004300,INV0004300,cust_0300,9955.69,INR,pay00000010cc,paid,2026-01-09T18:27:00Z
ORD0004301,INV0004301,cust_0301,3549.85,INR,pay00000010cd,paid,2026-01-07T19:08:00Z
ORD0004302,INV0004302,cust_0302,3560.55,INR,pay00000010ce,paid,2026-01-24T13:09:00Z
ORD0004303,INV0004303,cust_0303,7419.20,INR,pay00000010cf,paid,2026-01-25T18:31:00Z
ORD0004304,INV0004304,cust_0304,3557.10,INR,pay00000010d0,paid,2026-01-16T08:10:00Z
ORD0004305,INV0004305,cust_0305,7322.40,INR,pay00000010d1,paid,2026-01-14T12:47:00Z
ORD0004306,INV0004306,cust_0306,3402.19,INR,pay00000010d2,paid,2026-01-09T12:42:00Z
ORD0004307,INV0004307,cust_0307,5250.09,INR,pay00000010d3,paid,2026-01-24T19:15:00Z
ORD0004308,INV0004308,cust_0308,7667.24,INR,pay00000010d4,paid,2026-01-18T10:18:00Z
ORD0004309,INV0004309,cust_0309,2483.45,INR,pay00000010d5,paid,2026-01-20T08:26:00Z
ORD0004310,INV0004310,cust_0310,7070.41,INR,pay00000010d6,paid,2026-01-17T08:06:00Z
ORD0004311,INV0004311,cust_0311,7288.80,INR,pay00000010d7,paid,2026-01-15T08:01:00Z
ORD0004312,INV0004312,cust_0312,2188.33,INR,pay00000010d8,paid,2026-01-16T10:24:00Z
ORD0004313,INV0004313,cust_0313,8131.62,INR,pay00000010d9,paid,2026-01-27T06:06:00Z
ORD0004314,INV0004314,cust_0314,8545.84,INR,pay00000010da,paid,2026-01-16T06:35:00Z
ORD0004315,INV0004315,cust_0315,6022.15,INR,pay00000010db,paid,2026-01-07T09:08:00Z
ORD0004316,INV0004316,cust_0316,2065.02,INR,pay00000010dc,paid,2026-01-19T15:50:00Z
ORD0004317,INV0004317,cust_0317,6741.51,INR,pay00000010dd,paid,2026-01-09T10:47:00Z
ORD0004318,INV0004318,cust_0318,7371.57,INR,pay00000010de,paid,2026-01-10T17:48:00Z
ORD0004319,INV0004319,cust_0319,2010.45,INR,pay00000010df,paid,2026-01-20T09:29:00Z
ORD0004320,INV0004320,cust_0320,6177.24,INR,pay00000010e0,paid,2026-01-21T15:00:00Z
ORD0004321,INV0004321,cust_0321,2755.04,INR,pay00000010e1,paid,2026-01-17T08:42:00Z
ORD0004322,INV0004322,cust_0322,7371.41,INR,pay00000010e2,paid,2026-01-13T15:36:00Z
ORD0004323,INV0004323,cust_0323,4739.29,INR,pay00000010e3,paid,2026-01-22T06:26:00Z
ORD0004324,INV0004324,cust_0324,3451.00,INR,pay00000010e4,paid,2026-01-08T09:02:00Z
ORD0004325,INV0004325,cust_0325,293.77,INR,pay00000010e5,paid,2026-01-04T18:49:00Z
ORD0004326,INV0004326,cust_0326,2858.26,INR,pay00000010e6,paid,2026-01-24T07:48:00Z
ORD0004327,INV0004327,cust_0327,2858.96,INR,pay00000010e7,paid,2026-01-09T12:30:00Z
ORD0004328,INV0004328,cust_0328,6891.95,INR,pay00000010e8,paid,2026-01-26T12:43:00Z
ORD0004329,INV0004329,cust_0329,2956.18,INR,pay00000010e9,paid,2026-01-02T14:05:00Z
ORD0004330,INV0004330,cust_0330,9074.92,INR,pay00000010ea,paid,2026-01-14T21:38:00Z
ORD0004331,INV0004331,cust_0331,1092.68,INR,pay00000010eb,paid,2026-01-13T06:18:00Z
ORD0004332,INV0004332,cust_0332,875.71,INR,pay00000010ec,paid,2026-01-25T06:03:00Z
ORD0004333,INV0004333,cust_0333,410.30,INR,pay00000010ed,paid,2026-01-05T22:35:00Z
ORD0004334,INV0004334,cust_0334,4243.32,INR,pay00000010ee,paid,2026-01-18T07:47:00Z
ORD0004335,INV0004335,cust_0335,2589.19,INR,pay00000010ef,paid,2026-01-10T10:07:00Z
ORD0004336,INV0004336,cust_0336,7792.96,INR,pay00000010f0,paid,2026-01-11T15:35:00Z
ORD0004337,INV0004337,cust_0337,2202.07,INR,pay00000010f1,paid,2026-01-11T12:04:00Z
ORD0004338,INV0004338,cust_0338,5934.42,INR,pay00000010f2,paid,2026-01-22T09:31:00Z
ORD0004339,INV0004339,cust_0339,5704.48,INR,pay00000010f3,paid,2026-01-13T07:05:00Z
ORD0004340,INV0004340,cust_0340,8296.25,INR,pay00000010f4,paid,2026-01-16T09:13:00Z
ORD0004341,INV0004341,cust_0341,3249.68,INR,pay00000010f5,paid,2026-01-27T06:08:00Z
ORD0004342,INV0004342,cust_0342,50.17,INR,pay00000010f6,paid,2026-01-06T22:35:00Z
ORD0004343,INV0004343,cust_0343,1255.22,INR,pay00000010f7,paid,2026-01-05T20:54:00Z
ORD0004344,INV0004344,cust_0344,9532.76,INR,pay00000010f8,paid,2026-01-16T08:49:00Z
ORD0004345,INV0004345,cust_0345,5000.80,INR,pay00000010f9,paid,2026-01-17T17:31:00Z
ORD0004346,INV0004346,cust_0346,1971.31,INR,pay00000010fa,paid,2026-01-20T08:15:00Z
ORD0004347,INV0004347,cust_0347,6450.24,INR,pay00000010fb,paid,2026-01-04T18:07:00Z
ORD0004348,INV0004348,cust_0348,6730.72,INR,pay00000010fc,paid,2026-01-05T09:22:00Z
ORD0004349,INV0004349,cust_0349,9652.75,INR,pay00000010fd,paid,2026-01-11T12:21:00Z
ORD0004350,INV0004350,cust_0350,4548.92,INR,pay00000010fe,paid,2026-01-22T11:24:00Z
ORD0004351,INV0004351,cust_0351,8541.96,INR,pay00000010ff,paid,2026-01-12T16:10:00Z
ORD0004352,INV0004352,cust_0352,5214.83,INR,pay0000001100,paid,2026-01-24T15:57:00Z
ORD0004353,INV0004353,cust_0353,3814.31,INR,pay0000001101,paid,2026-01-10T21:46:00Z
ORD0004354,INV0004354,cust_0354,6267.20,INR,pay0000001102,paid,2026-01-23T14:33:00Z
ORD0004355,INV0004355,cust_0355,6343.73,INR,pay0000001103,paid,2026-01-10T22:36:00Z
ORD0004356,INV0004356,cust_0356,326.13,INR,pay0000001104,paid,2026-01-12T09:37:00Z
ORD0004357,INV0004357,cust_0357,3652.66,INR,pay0000001105,paid,2026-01-22T18:13:00Z
ORD0004358,INV0004358,cust_0358,3111.34,INR,pay0000001106,paid,2026-01-05T11:28:00Z
ORD0004359,INV0004359,cust_0359,4091.47,INR,pay0000001107,paid,2026-01-13T10:48:00Z
ORD0004360,INV0004360,cust_0360,276.47,INR,pay0000001108,paid,2026-01-09T18:55:00Z
ORD0004361,INV0004361,cust_0361,3088.44,INR,pay0000001109,paid,2026-01-21T14:07:00Z
ORD0004362,INV0004362,cust_0362,3969.38,INR,pay000000110a,paid,2026-01-17T19:55:00Z
ORD0004363,INV0004363,cust_0363,8163.22,INR,pay000000110b,paid,2026-01-26T09:56:00Z
ORD0004364,INV0004364,cust_0364,8527.10,INR,pay000000110c,paid,2026-01-14T19:34:00Z
ORD0004365,INV0004365,cust_0365,8437.72,INR,pay000000110d,paid,2026-01-25T09:31:00Z
ORD0004366,INV0004366,cust_0366,4951.26,INR,pay000000110e,paid,2026-01-14T11:12:00Z
ORD0004367,INV0004367,cust_0367,9129.51,INR,pay000000110f,paid,2026-01-26T11:08:00Z
ORD0004368,INV0004368,cust_0368,1902.72,INR,pay0000001110,paid,2026-01-06T10:18:00Z
ORD0004369,INV0004369,cust_0369,3431.13,INR,pay0000001111,paid,2026-01-05T22:12:00Z
ORD0004370,INV0004370,cust_0370,3120.95,INR,pay0000001112,paid,2026-01-02T06:17:00Z
ORD0004371,INV0004371,cust_0371,5816.67,INR,pay0000001113,paid,2026-01-09T20:38:00Z
ORD0004372,INV0004372,cust_0372,8202.29,INR,pay0000001114,paid,2026-01-04T09:59:00Z
ORD0004373,INV0004373,cust_0373,8666.68,INR,pay0000001115,paid,2026-01-25T16:12:00Z
ORD0004374,INV0004374,cust_0374,1732.34,INR,pay0000001116,paid,2026-01-25T22:37:00Z
ORD0004375,INV0004375,cust_0375,4583.92,INR,pay0000001117,paid,2026-01-10T09:40:00Z
ORD0004376,INV0004376,cust_0376,5840.58,INR,pay0000001118,paid,2026-01-02T20:33:00Z
ORD0004377,INV0004377,cust_0377,5672.02,INR,pay0000001119,paid,2026-01-01T08:01:00Z
ORD0004378,INV0004378,cust_0378,9547.39,INR,pay000000111a,paid,2026-01-23T16:15:00Z
ORD0004379,INV0004379,cust_0379,9144.25,INR,pay000000111b,paid,2026-01-25T10:50:00Z
ORD0004380,INV0004380,cust_0380,2758.94,INR,pay000000111c,paid,2026-01-10T21:35:00Z
ORD0004381,INV0004381,cust_0381,9272.16,INR,pay000000111d,paid,2026-01-21T10:35:00Z
ORD0004382,INV0004382,cust_0382,5829.47,INR,pay000000111e,paid,2026-01-20T13:01:00Z
ORD0004383,INV0004383,cust_0383,5223.99,INR,pay000000111f,paid,2026-01-18T06:43:00Z
ORD0004384,INV0004384,cust_0384,8111.63,INR,pay0000001120,paid,2026-01-04T10:06:00Z
ORD0004385,INV0004385,cust_0385,7541.37,INR,pay0000001121,paid,2026-01-15T14:59:00Z
ORD0004386,INV0004386,cust_0386,149.08,INR,pay0000001122,paid,2026-01-11T16:35:00Z
ORD0004387,INV0004387,cust_0387,8228.43,INR,pay0000001123,paid,2026-01-12T15:44:00Z
ORD0004388,INV0004388,cust_0388,1961.35,INR,pay0000001124,paid,2026-01-19T06:53:00Z
ORD0004389,INV0004389,cust_0389,5944.54,INR,pay0000001125,paid,2026-01-21T07:44:00Z
ORD0004390,INV0004390,cust_0390,5455.72,INR,pay0000001126,paid,2026-01-20T19:00:00Z
ORD0004391,INV0004391,cust_0391,4078.79,INR,pay0000001127,paid,2026-01-11T19:29:00Z
ORD0004392,INV0004392,cust_0392,2871.47,INR,pay0000001128,paid,2026-01-12T20:57:00Z
ORD0004393,INV0004393,cust_0393,1513.91,INR,pay0000001129,paid,2026-01-15T19:05:00Z
ORD0004394,INV0004394,cust_0394,729.69,INR,pay000000112a,paid,2026-01-10T07:08:00Z
ORD0004395,INV0004395,cust_0395,5374.00,INR,pay000000112b,paid,2026-01-09T12:30:00Z
ORD0004396,INV0004396,cust_0396,1690.36,INR,pay000000112c,paid,2026-01-21T18:18:00Z
ORD0004397,INV0004397,cust_0397,8785.39,INR,pay000000112d,paid,2026-01-16T11:20:00Z
ORD0004398,INV0004398,cust_0398,1936.32,INR,pay000000112e,paid,2026-01-08T10:57:00Z
ORD0004399,INV0004399,cust_0399,5376.68,INR,pay000000112f,paid,2026-01-01T07:17:00Z
ORD0004400,INV0004400,cust_0400,3232.66,INR,pay0000001130,paid,2026-01-04T16:21:00Z
ORD0004401,INV0004401,cust_0401,3440.43,INR,pay0000001131,paid,2026-01-18T16:20:00Z
ORD0004402,INV0004402,cust_0402,6138.74,INR,pay0000001132,paid,2026-01-01T18:11:00Z
ORD0004403,INV0004403,cust_0403,161.72,INR,pay0000001133,paid,2026-01-06T14:10:00Z
ORD0004404,INV0004404,cust_0404,2237.36,INR,pay0000001134,paid,2026-01-08T10:39:00Z
ORD0004405,INV0004405,cust_0405,1905.89,INR,pay0000001135,paid,2026-01-08T08:20:00Z
ORD0004406,INV0004406,cust_0406,1465.66,INR,pay0000001136,paid,2026-01-17T18:14:00Z
ORD0004407,INV0004407,cust_0407,4567.17,INR,pay0000001137,paid,2026-01-13T11:57:00Z
ORD0004408,INV0004408,cust_0408,4646.22,INR,pay0000001138,paid,2026-01-06T09:31:00Z
ORD0004409,INV0004409,cust_0409,8700.00,INR,pay0000001139,paid,2026-01-05T06:19:00Z
ORD0004410,INV0004410,cust_0410,9731.70,INR,pay000000113a,paid,2026-01-25T11:57:00Z
ORD0004411,INV0004411,cust_0411,6195.16,INR,pay000000113b,paid,2026-01-06T18:24:00Z
ORD0004412,INV0004412,cust_0412,8752.35,INR,pay000000113c,paid,2026-01-01T18:14:00Z
ORD0004413,INV0004413,cust_0413,2264.14,INR,pay000000113d,paid,2026-01-04T13:37:00Z
ORD0004414,INV0004414,cust_0414,9836.66,INR,pay000000113e,paid,2026-01-27T17:00:00Z
ORD0004415,INV0004415,cust_0415,6139.57,INR,pay000000113f,paid,2026-01-02T09:36:00Z
ORD0004416,INV0004416,cust_0416,6495.63,INR,pay0000001140,paid,2026-01-08T21:38:00Z
ORD0004417,INV0004417,cust_0417,26.61,INR,pay0000001141,paid,2026-01-02T06:11:00Z
ORD0004418,INV0004418,cust_0418,4516.88,INR,pay0000001142,paid,2026-01-04T18:09:00Z
ORD0004419,INV0004419,cust_0419,7533.16,INR,pay0000001143,paid,2026-01-22T14:44:00Z
ORD0004420,INV0004420,cust_0420,3868.64,INR,pay0000001144,paid,2026-01-12T15:00:00Z
ORD0004421,INV0004421,cust_0421,6523.46,INR,pay0000001145,paid,2026-01-26T10:14:00Z
ORD0004422,INV0004422,cust_0422,3613.45,INR,pay0000001146,paid,2026-01-24T12:08:00Z
ORD0004423,INV0004423,cust_0423,4919.91,INR,pay0000001147,paid,2026-01-15T08:18:00Z
ORD0004424,INV0004424,cust_0424,7700.67,INR,pay0000001148,paid,2026-01-10T13:28:00Z
ORD0004425,INV0004425,cust_0425,9913.84,INR,pay0000001149,paid,2026-01-25T17:12:00Z
ORD0004426,INV0004426,cust_0426,1099.81,INR,pay000000114a,paid,2026-01-03T20:31:00Z
ORD0004427,INV0004427,cust_0427,3569.96,INR,pay000000114b,paid,2026-01-02T17:11:00Z
ORD0004428,INV0004428,cust_0428,7970.67,INR,pay000000114c,paid,2026-01-14T08:08:00Z
ORD0004429,INV0004429,cust_0429,912.44,INR,pay000000114d,paid,2026-01-27T16:30:00Z
ORD0004430,INV0004430,cust_0430,782.82,INR,pay000000114e,paid,2026-01-26T07:09:00Z
ORD0004431,INV0004431,cust_0431,5022.02,INR,pay000000114f,paid,2026-01-21T20:01:00Z
ORD0004432,INV0004432,cust_0432,2149.31,INR,pay0000001150,paid,2026-01-11T13:08:00Z
ORD0004433,INV0004433,cust_0433,1295.84,INR,pay0000001151,paid,2026-01-18T17:37:00Z
ORD0004434,INV0004434,cust_0434,3974.39,INR,pay0000001152,paid,2026-01-27T22:46:00Z
ORD0004435,INV0004435,cust_0435,2318.89,INR,pay0000001153,paid,2026-01-16T08:05:00Z
ORD0004436,INV0004436,cust_0436,2024.19,INR,pay0000001154,paid,2026-01-01T07:01:00Z
ORD0004437,INV0004437,cust_0437,3535.05,INR,pay0000001155,paid,2026-01-25T13:36:00Z
ORD0004438,INV0004438,cust_0438,1562.16,INR,pay0000001156,paid,2026-01-08T08:13:00Z
ORD0004439,INV0004439,cust_0439,6290.56,INR,pay0000001157,paid,2026-01-22T22:54:00Z
ORD0004440,INV0004440,cust_0440,1334.69,INR,pay0000001158,paid,2026-01-16T14:06:00Z
ORD0004441,INV0004441,cust_0441,7166.89,INR,pay0000001159,paid,2026-01-16T19:21:00Z
ORD0004442,INV0004442,cust_0442,3578.83,INR,pay000000115a,paid,2026-01-07T22:08:00Z
ORD0004443,INV0004443,cust_0443,8433.75,INR,pay000000115b,paid,2026-01-12T11:44:00Z
ORD0004444,INV0004444,cust_0444,4525.22,INR,pay000000115c,paid,2026-01-15T13:55:00Z
ORD0004445,INV0004445,cust_0445,5120.49,INR,pay000000115d,paid,2026-01-06T14:20:00Z
ORD0004446,INV0004446,cust_0446,9542.71,INR,pay000000115e,paid,2026-01-08T21:53:00Z
ORD0004447,INV0004447,cust_0447,7883.69,INR,pay000000115f,paid,2026-01-13T21:26:00Z
ORD0004448,INV0004448,cust_0448,3082.62,INR,pay0000001160,paid,2026-01-19T19:10:00Z
ORD0004449,INV0004449,cust_0449,6063.21,INR,pay0000001161,paid,2026-01-10T17:53:00Z
ORD0004450,INV0004450,cust_0450,6563.57,INR,pay0000001162,paid,2026-01-05T16:00:00Z
ORD0004451,INV0004451,cust_0451,5955.48,INR,pay0000001163,paid,2026-01-14T16:24:00Z
ORD0004452,INV0004452,cust_0452,1504.40,INR,pay0000001164,paid,2026-01-27T07:55:00Z
ORD0004453,INV0004453,cust_0453,9188.59,INR,pay0000001165,paid,2026-01-14T21:11:00Z
ORD0004454,INV0004454,cust_0454,7367.61,INR,pay0000001166,paid,2026-01-01T20:37:00Z
ORD0004455,INV0004455,cust_0455,2828.71,INR,pay0000001167,paid,2026-01-05T08:08:00Z
ORD0004456,INV0004456,cust_0456,9113.73,INR,pay0000001168,paid,2026-01-26T17:57:00Z
ORD0004457,INV0004457,cust_0457,2058.98,INR,pay0000001169,paid,2026-01-10T21:29:00Z
ORD0004458,INV0004458,cust_0458,3621.42,INR,pay000000116a,paid,2026-01-16T20:54:00Z
ORD0004459,INV0004459,cust_0459,7325.26,INR,pay000000116b,paid,2026-01-21T07:29:00Z
ORD0004460,INV0004460,cust_0460,6411.42,INR,pay000000116c,paid,2026-01-17T10:05:00Z
ORD0004461,INV0004461,cust_0461,8822.22,INR,pay000000116d,paid,2026-01-05T13:12:00Z
ORD0004462,INV0004462,cust_0462,9719.68,INR,pay000000116e,paid,2026-01-19T14:20:00Z
ORD0004463,INV0004463,cust_0463,8036.43,INR,pay000000116f,paid,2026-01-24T20:00:00Z
ORD0004464,INV0004464,cust_0464,2308.82,INR,pay0000001170,paid,2026-01-22T10:54:00Z
ORD0004465,INV0004465,cust_0465,1188.04,INR,pay0000001171,paid,2026-01-03T10:56:00Z
ORD0004466,INV0004466,cust_0466,8823.64,INR,pay0000001172,paid,2026-01-02T22:18:00Z
ORD0004467,INV0004467,cust_0467,8572.98,INR,pay0000001173,paid,2026-01-09T12:13:00Z
ORD0004468,INV0004468,cust_0468,7090.17,INR,pay0000001174,paid,2026-01-19T18:01:00Z
ORD0004469,INV0004469,cust_0469,7254.20,INR,pay0000001175,paid,2026-01-18T18:31:00Z
ORD0004470,INV0004470,cust_0470,4002.07,INR,pay0000001176,paid,2026-01-01T16:40:00Z
ORD0004471,INV0004471,cust_0471,3004.34,INR,pay0000001177,paid,2026-01-14T10:01:00Z
ORD0004472,INV0004472,cust_0472,2940.29,INR,pay0000001178,paid,2026-01-19T07:07:00Z
ORD0004473,INV0004473,cust_0473,3880.44,INR,pay0000001179,paid,2026-01-25T08:58:00Z
ORD0004474,INV0004474,cust_0474,8654.39,INR,pay000000117a,paid,2026-01-21T06:04:00Z
ORD0004475,INV0004475,cust_0475,1155.54,INR,pay000000117b,paid,2026-01-16T17:50:00Z
ORD0004476,INV0004476,cust_0476,516.57,INR,pay000000117c,paid,2026-01-07T22:46:00Z
ORD0004477,INV0004477,cust_0477,7641.28,INR,pay000000117d,paid,2026-01-24T07:18:00Z
ORD0004478,INV0004478,cust_0478,2542.45,INR,pay000000117e,paid,2026-01-03T17:25:00Z
ORD0004479,INV0004479,cust_0479,7209.80,INR,pay000000117f,paid,2026-01-07T16:12:00Z
ORD0004480,INV0004480,cust_0480,6775.93,INR,pay0000001180,paid,2026-01-07T21:19:00Z
ORD0004481,INV0004481,cust_0481,528.64,INR,pay0000001181,paid,2026-01-07T07:39:00Z
ORD0004482,INV0004482,cust_0482,4004.61,INR,pay0000001182,paid,2026-01-10T20:07:00Z
ORD0004483,INV0004483,cust_0483,383.44,INR,pay0000001183,paid,2026-01-03T07:09:00Z
ORD0004484,INV0004484,cust_0484,6362.61,INR,pay0000001184,paid,2026-01-17T12:30:00Z
ORD0004485,INV0004485,cust_0485,1123.86,INR,pay0000001185,paid,2026-01-12T22:59:00Z
ORD0004486,INV0004486,cust_0486,5429.90,INR,pay0000001186,paid,2026-01-14T09:05:00Z
ORD0004487,INV0004487,cust_0487,8725.00,INR,pay0000001187,paid,2026-01-13T20:22:00Z
ORD0004488,INV0004488,cust_0488,2093.82,INR,pay0000001188,paid,2026-01-06T19:04:00Z
ORD0004489,INV0004489,cust_0489,9073.47,INR,pay0000001189,paid,2026-01-01T16:34:00Z
ORD0004490,INV0004490,cust_0490,3743.56,INR,pay000000118a,paid,2026-01-21T08:37:00Z
ORD0004491,INV0004491,cust_0491,7403.63,INR,pay000000118b,paid,2026-01-05T17:15:00Z
ORD0004492,INV0004492,cust_0492,6071.03,INR,pay000000118c,paid,2026-01-21T22:10:00Z
ORD0004493,INV0004493,cust_0493,6919.91,INR,pay000000118d,paid,2026-01-05T09:29:00Z
ORD0004494,INV0004494,cust_0494,459.18,INR,pay000000118e,paid,2026-01-03T16:34:00Z
ORD0004495,INV0004495,cust_0495,5089.30,INR,pay000000118f,paid,2026-01-20T12:00:00Z
ORD0004496,INV0004496,cust_0496,5409.76,INR,pay0000001190,paid,2026-01-11T12:10:00Z
ORD0004497,INV0004497,cust_0497,4034.13,INR,pay0000001191,paid,2026-01-14T13:16:00Z
ORD0004498,INV0004498,cust_0498,8509.01,INR,pay0000001192,paid,2026-01-24T07:10:00Z
ORD0004499,INV0004499,cust_0499,3891.19,INR,pay0000001193,paid,2026-01-10T19:06:00Z
ORD0004500,INV0004500,cust_0000,4903.06,INR,pay0000001194,paid,2026-01-27T12:58:00Z
ORD0004501,INV0004501,cust_0001,9692.35,INR,pay0000001195,paid,2026-01-16T10:56:00Z
ORD0004502,INV0004502,cust_0002,8032.11,INR,pay0000001196,paid,2026-01-27T13:35:00Z
ORD0004503,INV0004503,cust_0003,8323.96,INR,pay0000001197,paid,2026-01-16T21:29:00Z
ORD0004504,INV0004504,cust_0004,7973.71,INR,pay0000001198,paid,2026-01-17T15:08:00Z
ORD0004505,INV0004505,cust_0005,5045.83,INR,pay0000001199,paid,2026-01-21T22:58:00Z
ORD0004506,INV0004506,cust_0006,4645.84,INR,pay000000119a,paid,2026-01-03T10:04:00Z
ORD0004507,INV0004507,cust_0007,2926.94,INR,pay000000119b,paid,2026-01-05T12:18:00Z
ORD0004508,INV0004508,cust_0008,9321.05,INR,pay000000119c,paid,2026-01-22T07:22:00Z
ORD0004509,INV0004509,cust_0009,7258.41,INR,pay000000119d,paid,2026-01-22T20:30:00Z
ORD0004510,INV0004510,cust_0010,8222.72,INR,pay000000119e,paid,2026-01-23T19:59:00Z
ORD0004511,INV0004511,cust_0011,4982.97,INR,pay000000119f,paid,2026-01-04T18:23:00Z
ORD0004512,INV0004512,cust_0012,8098.75,INR,pay00000011a0,paid,2026-01-13T18:49:00Z
ORD0004513,INV0004513,cust_0013,6372.53,INR,pay00000011a1,paid,2026-01-20T18:33:00Z
ORD0004514,INV0004514,cust_0014,2794.36,INR,pay00000011a2,paid,2026-01-01T06:39:00Z
ORD0004515,INV0004515,cust_0015,9821.44,INR,pay00000011a3,paid,2026-01-27T15:08:00Z
ORD0004516,INV0004516,cust_0016,3827.36,INR,pay00000011a4,paid,2026-01-07T20:39:00Z
ORD0004517,INV0004517,cust_0017,930.30,INR,pay00000011a5,paid,2026-01-19T08:48:00Z
ORD0004518,INV0004518,cust_0018,7380.89,INR,pay00000011a6,paid,2026-01-01T20:01:00Z
ORD0004519,INV0004519,cust_0019,2555.62,INR,pay00000011a7,paid,2026-01-14T07:48:00Z
ORD0004520,INV0004520,cust_0020,6721.54,INR,pay00000011a8,paid,2026-01-19T09:05:00Z
ORD0004521,INV0004521,cust_0021,1013.54,INR,pay00000011a9,paid,2026-01-02T08:25:00Z
ORD0004522,INV0004522,cust_0022,327.22,INR,pay00000011aa,paid,2026-01-17T07:08:00Z
ORD0004523,INV0004523,cust_0023,7531.34,INR,pay00000011ab,paid,2026-01-07T14:54:00Z
ORD0004524,INV0004524,cust_0024,9059.63,INR,pay00000011ac,paid,2026-01-18T12:14:00Z
ORD0004525,INV0004525,cust_0025,7489.00,INR,pay00000011ad,paid,2026-01-07T17:31:00Z
ORD0004526,INV0004526,cust_0026,2979.68,INR,pay00000011ae,paid,2026-01-19T18:30:00Z
ORD0004527,INV0004527,cust_0027,4035.76,INR,pay00000011af,paid,2026-01-08T22:59:00Z
ORD0004528,INV0004528,cust_0028,7122.51,INR,pay00000011b0,paid,2026-01-27T13:51:00Z
ORD0004529,INV0004529,cust_0029,965.69,INR,pay00000011b1,paid,2026-01-16T10:52:00Z
ORD0004530,INV0004530,cust_0030,1538.57,INR,pay00000011b2,paid,2026-01-25T22:09:00Z
ORD0004531,INV0004531,cust_0031,2771.87,INR,pay00000011b3,paid,2026-01-19T11:46:00Z
ORD0004532,INV0004532,cust_0032,418.11,INR,pay00000011b4,paid,2026-01-26T07:44:00Z
ORD0004533,INV0004533,cust_0033,910.55,INR,pay00000011b5,paid,2026-01-10T18:50:00Z
ORD0004534,INV0004534,cust_0034,8033.84,INR,pay00000011b6,paid,2026-01-11T14:13:00Z
ORD0004535,INV0004535,cust_0035,4206.06,INR,pay00000011b7,paid,2026-01-21T12:46:00Z
ORD0004536,INV0004536,cust_0036,3363.25,INR,pay00000011b8,paid,2026-01-14T12:24:00Z
ORD0004537,INV0004537,cust_0037,942.52,INR,pay00000011b9,paid,2026-01-02T07:46:00Z
ORD0004538,INV0004538,cust_0038,2467.01,INR,pay00000011ba,paid,2026-01-03T20:33:00Z
ORD0004539,INV0004539,cust_0039,3252.67,INR,pay00000011bb,paid,2026-01-27T07:11:00Z
ORD0004540,INV0004540,cust_0040,9985.75,INR,pay00000011bc,paid,2026-01-09T08:21:00Z
ORD0004541,INV0004541,cust_0041,6558.52,INR,pay00000011bd,paid,2026-01-22T07:39:00Z
ORD0004542,INV0004542,cust_0042,4379.22,INR,pay00000011be,paid,2026-01-14T08:15:00Z
ORD0004543,INV0004543,cust_0043,9611.94,INR,pay00000011bf,paid,2026-01-21T06:32:00Z
ORD0004544,INV0004544,cust_0044,7076.37,INR,pay00000011c0,paid,2026-01-21T19:33:00Z
ORD0004545,INV0004545,cust_0045,9077.45,INR,pay00000011c1,paid,2026-01-25T15:49:00Z
ORD0004546,INV0004546,cust_0046,8884.38,INR,pay00000011c2,paid,2026-01-01T17:58:00Z
ORD0004547,INV0004547,cust_0047,386.00,INR,pay00000011c3,paid,2026-01-12T12:43:00Z
ORD0004548,INV0004548,cust_0048,9755.37,INR,pay00000011c4,paid,2026-01-07T20:39:00Z
ORD0004549,INV0004549,cust_0049,997.62,INR,pay00000011c5,paid,2026-01-18T09:47:00Z
ORD0004550,INV0004550,cust_0050,6363.60,INR,pay00000011c6,paid,2026-01-08T21:26:00Z
ORD0004551,INV0004551,cust_0051,7947.62,INR,pay00000011c7,paid,2026-01-24T09:25:00Z
ORD0004552,INV0004552,cust_0052,9093.78,INR,pay00000011c8,paid,2026-01-04T22:31:00Z
ORD0004553,INV0004553,cust_0053,1318.50,INR,pay00000011c9,paid,2026-01-22T22:34:00Z
ORD0004554,INV0004554,cust_0054,4539.48,INR,pay00000011ca,paid,2026-01-18T22:57:00Z
ORD0004555,INV0004555,cust_0055,9223.00,INR,pay00000011cb,paid,2026-01-25T11:29:00Z
ORD0004556,INV0004556,cust_0056,1935.17,INR,pay00000011cc,paid,2026-01-14T19:27:00Z
ORD0004557,INV0004557,cust_0057,5403.89,INR,pay00000011cd,paid,2026-01-01T12:28:00Z
ORD0004558,INV0004558,cust_0058,1777.17,INR,pay00000011ce,paid,2026-01-06T06:29:00Z
ORD0004559,INV0004559,cust_0059,8481.93,INR,pay00000011cf,paid,2026-01-11T09:08:00Z
ORD0004560,INV0004560,cust_0060,5041.01,INR,pay00000011d0,paid,2026-01-15T10:27:00Z
ORD0004561,INV0004561,cust_0061,3991.49,INR,pay00000011d1,paid,2026-01-10T06:35:00Z
ORD0004562,INV0004562,cust_0062,7785.97,INR,pay00000011d2,paid,2026-01-18T06:20:00Z
ORD0004563,INV0004563,cust_0063,9874.09,INR,pay00000011d3,paid,2026-01-10T09:49:00Z
ORD0004564,INV0004564,cust_0064,8191.32,INR,pay00000011d4,paid,2026-01-13T16:30:00Z
ORD0004565,INV0004565,cust_0065,738.69,INR,pay00000011d5,paid,2026-01-27T10:37:00Z
ORD0004566,INV0004566,cust_0066,978.21,INR,pay00000011d6,paid,2026-01-18T20:05:00Z
ORD0004567,INV0004567,cust_0067,3238.49,INR,pay00000011d7,paid,2026-01-17T19:02:00Z
ORD0004568,INV0004568,cust_0068,50.74,INR,pay00000011d8,paid,2026-01-23T11:16:00Z
ORD0004569,INV0004569,cust_0069,1902.36,INR,pay00000011d9,paid,2026-01-17T20:35:00Z
ORD0004570,INV0004570,cust_0070,527.08,INR,pay00000011da,paid,2026-01-21T13:41:00Z
ORD0004571,INV0004571,cust_0071,193.93,INR,pay00000011db,paid,2026-01-04T09:46:00Z
ORD0004572,INV0004572,cust_0072,674.07,INR,pay00000011dc,paid,2026-01-21T22:25:00Z
ORD0004573,INV0004573,cust_0073,1797.17,INR,pay00000011dd,paid,2026-01-19T06:25:00Z
ORD0004574,INV0004574,cust_0074,1904.58,INR,pay00000011de,paid,2026-01-06T13:54:00Z
ORD0004575,INV0004575,cust_0075,8612.12,INR,pay00000011df,paid,2026-01-04T06:24:00Z
ORD0004576,INV0004576,cust_0076,6704.75,INR,pay00000011e0,paid,2026-01-07T06:08:00Z
ORD0004577,INV0004577,cust_0077,6833.41,INR,pay00000011e1,paid,2026-01-23T19:08:00Z
ORD0004578,INV0004578,cust_0078,2513.38,INR,pay00000011e2,paid,2026-01-16T15:01:00Z
ORD0004579,INV0004579,cust_0079,8203.75,INR,pay00000011e3,paid,2026-01-23T08:51:00Z
ORD0004580,INV0004580,cust_0080,9924.91,INR,pay00000011e4,paid,2026-01-22T17:57:00Z
ORD0004581,INV0004581,cust_0081,7558.53,INR,pay00000011e5,paid,2026-01-13T21:50:00Z
ORD0004582,INV0004582,cust_0082,2659.49,INR,pay00000011e6,paid,2026-01-12T13:16:00Z
ORD0004583,INV0004583,cust_0083,6876.49,INR,pay00000011e7,paid,2026-01-14T19:22:00Z
ORD0004584,INV0004584,cust_0084,9154.67,INR,pay00000011e8,paid,2026-01-09T22:12:00Z
ORD0004585,INV0004585,cust_0085,2402.47,INR,pay00000011e9,paid,2026-01-22T17:41:00Z
ORD0004586,INV0004586,cust_0086,8966.92,INR,pay00000011ea,paid,2026-01-14T21:13:00Z
ORD0004587,INV0004587,cust_0087,5432.27,INR,pay00000011eb,paid,2026-01-11T13:09:00Z
ORD0004588,INV0004588,cust_0088,5505.04,INR,pay00000011ec,paid,2026-01-16T06:59:00Z
ORD0004589,INV0004589,cust_0089,1672.94,INR,pay00000011ed,paid,2026-01-25T19:49:00Z
ORD0004590,INV0004590,cust_0090,8698.96,INR,pay00000011ee,paid,2026-01-21T14:19:00Z
ORD0004591,INV0004591,cust_0091,7245.50,INR,pay00000011ef,paid,2026-01-11T07:22:00Z
ORD0004592,INV0004592,cust_0092,629.67,INR,pay00000011f0,paid,2026-01-12T07:38:00Z
ORD0004593,INV0004593,cust_0093,4864.95,INR,pay00000011f1,paid,2026-01-06T06:03:00Z
ORD0004594,INV0004594,cust_0094,9628.47,INR,pay00000011f2,paid,2026-01-25T12:36:00Z
ORD0004595,INV0004595,cust_0095,9596.09,INR,pay00000011f3,paid,2026-01-24T21:58:00Z
ORD0004596,INV0004596,cust_0096,6662.78,INR,pay00000011f4,paid,2026-01-26T17:42:00Z
ORD0004597,INV0004597,cust_0097,9708.27,INR,pay00000011f5,paid,2026-01-01T08:26:00Z
ORD0004598,INV0004598,cust_0098,3687.22,INR,pay00000011f6,paid,2026-01-04T17:02:00Z
ORD0004599,INV0004599,cust_0099,6674.21,INR,pay00000011f7,paid,2026-01-01T15:21:00Z
ORD0004600,INV0004600,cust_0100,992.89,INR,pay00000011f8,paid,2026-01-10T12:21:00Z
ORD0004601,INV0004601,cust_0101,4870.34,INR,pay00000011f9,paid,2026-01-20T14:49:00Z
ORD0004602,INV0004602,cust_0102,7875.57,INR,pay00000011fa,paid,2026-01-16T16:12:00Z
ORD0004603,INV0004603,cust_0103,3702.20,INR,pay00000011fb,paid,2026-01-19T06:17:00Z
ORD0004604,INV0004604,cust_0104,9284.05,INR,pay00000011fc,paid,2026-01-15T14:09:00Z
ORD0004605,INV0004605,cust_0105,3992.77,INR,pay00000011fd,paid,2026-01-06T17:07:00Z
ORD0004606,INV0004606,cust_0106,5204.99,INR,pay00000011fe,paid,2026-01-08T22:12:00Z
ORD0004607,INV0004607,cust_0107,3593.45,INR,pay00000011ff,paid,2026-01-03T14:40:00Z
ORD0004608,INV0004608,cust_0108,8643.13,INR,pay0000001200,paid,2026-01-21T08:37:00Z
ORD0004609,INV0004609,cust_0109,9461.86,INR,pay0000001201,paid,2026-01-10T17:53:00Z
ORD0004610,INV0004610,cust_0110,2311.02,INR,pay0000001202,paid,2026-01-23T20:44:00Z
ORD0004611,INV0004611,cust_0111,1960.35,INR,pay0000001203,paid,2026-01-18T09:26:00Z
ORD0004612,INV0004612,cust_0112,2628.32,INR,pay0000001204,paid,2026-01-13T09:53:00Z
ORD0004613,INV0004613,cust_0113,8712.95,INR,pay0000001205,paid,2026-01-16T17:27:00Z
ORD0004614,INV0004614,cust_0114,2703.28,INR,pay0000001206,paid,2026-01-04T11:48:00Z
ORD0004615,INV0004615,cust_0115,5517.56,INR,pay0000001207,paid,2026-01-04T22:50:00Z
ORD0004616,INV0004616,cust_0116,153.01,INR,pay0000001208,paid,2026-01-19T07:27:00Z
ORD0004617,INV0004617,cust_0117,216.57,INR,pay0000001209,paid,2026-01-26T13:59:00Z
ORD0004618,INV0004618,cust_0118,778.36,INR,pay000000120a,paid,2026-01-14T21:03:00Z
ORD0004619,INV0004619,cust_0119,9627.62,INR,pay000000120b,paid,2026-01-27T10:58:00Z
ORD0004620,INV0004620,cust_0120,7100.70,INR,pay000000120c,paid,2026-01-26T09:11:00Z
ORD0004621,INV0004621,cust_0121,8684.95,INR,pay000000120d,paid,2026-01-25T22:58:00Z
ORD0004622,INV0004622,cust_0122,3240.65,INR,pay000000120e,paid,2026-01-17T17:54:00Z
ORD0004623,INV0004623,cust_0123,604.62,INR,pay000000120f,paid,2026-01-05T17:38:00Z
ORD0004624,INV0004624,cust_0124,489.42,INR,pay0000001210,paid,2026-01-22T10:35:00Z
ORD0004625,INV0004625,cust_0125,8048.71,INR,pay0000001211,paid,2026-01-12T20:24:00Z
ORD0004626,INV0004626,cust_0126,675.28,INR,pay0000001212,paid,2026-01-04T16:18:00Z
ORD0004627,INV0004627,cust_0127,6597.51,INR,pay0000001213,paid,2026-01-09T12:57:00Z
ORD0004628,INV0004628,cust_0128,2134.90,INR,pay0000001214,paid,2026-01-21T15:15:00Z
ORD0004629,INV0004629,cust_0129,9603.15,INR,pay0000001215,paid,2026-01-26T08:56:00Z
ORD0004630,INV0004630,cust_0130,6141.85,INR,pay0000001216,paid,2026-01-16T21:07:00Z
ORD0004631,INV0004631,cust_0131,4283.19,INR,pay0000001217,paid,2026-01-05T09:43:00Z
ORD0004632,INV0004632,cust_0132,9476.26,INR,pay0000001218,paid,2026-01-26T16:51:00Z
ORD0004633,INV0004633,cust_0133,1700.79,INR,pay0000001219,paid,2026-01-17T09:53:00Z
ORD0004634,INV0004634,cust_0134,879.31,INR,pay000000121a,paid,2026-01-24T07:46:00Z
ORD0004635,INV0004635,cust_0135,6490.99,INR,pay000000121b,paid,2026-01-05T11:06:00Z
ORD0004636,INV0004636,cust_0136,5952.52,INR,pay000000121c,paid,2026-01-03T16:28:00Z
ORD0004637,INV0004637,cust_0137,5080.59,INR,pay000000121d,paid,2026-01-04T06:22:00Z
ORD0004638,INV0004638,cust_0138,4736.39,INR,pay000000121e,paid,2026-01-16T06:28:00Z
ORD0004639,INV0004639,cust_0139,6242.52,INR,pay000000121f,paid,2026-01-24T08:23:00Z
ORD0004640,INV0004640,cust_0140,3337.33,INR,pay0000001220,paid,2026-01-02T06:51:00Z
ORD0004641,INV0004641,cust_0141,6780.91,INR,pay0000001221,paid,2026-01-13T22:15:00Z
ORD0004642,INV0004642,cust_0142,363.77,INR,pay0000001222,paid,2026-01-07T15:40:00Z
ORD0004643,INV0004643,cust_0143,3320.68,INR,pay0000001223,paid,2026-01-17T18:28:00Z
ORD0004644,INV0004644,cust_0144,8174.57,INR,pay0000001224,paid,2026-01-02T14:00:00Z
ORD0004645,INV0004645,cust_0145,7186.11,INR,pay0000001225,paid,2026-01-23T20:43:00Z
ORD0004646,INV0004646,cust_0146,5630.29,INR,pay0000001226,paid,2026-01-23T10:15:00Z
ORD0004647,INV0004647,cust_0147,473.22,INR,pay0000001227,paid,2026-01-03T13:53:00Z
ORD0004648,INV0004648,cust_0148,756.52,INR,pay0000001228,paid,2026-01-02T16:06:00Z
ORD0004649,INV0004649,cust_0149,635.26,INR,pay0000001229,paid,2026-01-04T15:10:00Z
ORD0004650,INV0004650,cust_0150,5739.71,INR,pay000000122a,paid,2026-01-06T17:50:00Z
ORD0004651,INV0004651,cust_0151,2070.55,INR,pay000000122b,paid,2026-01-22T08:56:00Z
ORD0004652,INV0004652,cust_0152,7593.17,INR,pay000000122c,paid,2026-01-25T19:14:00Z
ORD0004653,INV0004653,cust_0153,5933.02,INR,pay000000122d,paid,2026-01-22T08:41:00Z
ORD0004654,INV0004654,cust_0154,7746.42,INR,pay000000122e,paid,2026-01-13T06:29:00Z
ORD0004655,INV0004655,cust_0155,3216.33,INR,pay000000122f,paid,2026-01-21T21:27:00Z
ORD0004656,INV0004656,cust_0156,1361.87,INR,pay0000001230,paid,2026-01-03T14:44:00Z
ORD0004657,INV0004657,cust_0157,4974.08,INR,pay0000001231,paid,2026-01-01T20:07:00Z
ORD0004658,INV0004658,cust_0158,3834.23,INR,pay0000001232,paid,2026-01-26T06:50:00Z
ORD0004659,INV0004659,cust_0159,3367.16,INR,pay0000001233,paid,2026-01-04T11:13:00Z
ORD0004660,INV0004660,cust_0160,853.58,INR,pay0000001234,paid,2026-01-25T09:56:00Z
ORD0004661,INV0004661,cust_0161,8378.37,INR,pay0000001235,paid,2026-01-21T15:23:00Z
ORD0004662,INV0004662,cust_0162,4960.68,INR,pay0000001236,paid,2026-01-05T18:22:00Z
ORD0004663,INV0004663,cust_0163,6296.87,INR,pay0000001237,paid,2026-01-06T20:27:00Z
ORD0004664,INV0004664,cust_0164,4683.19,INR,pay0000001238,paid,2026-01-24T09:44:00Z
ORD0004665,INV0004665,cust_0165,7870.19,INR,pay0000001239,paid,2026-01-05T19:15:00Z
ORD0004666,INV0004666,cust_0166,1415.04,INR,pay000000123a,paid,2026-01-24T18:48:00Z
ORD0004667,INV0004667,cust_0167,9861.14,INR,pay000000123b,paid,2026-01-01T17:23:00Z
ORD0004668,INV0004668,cust_0168,2055.98,INR,pay000000123c,paid,2026-01-18T22:30:00Z
ORD0004669,INV0004669,cust_0169,492.98,INR,pay000000123d,paid,2026-01-06T10:13:00Z
ORD0004670,INV0004670,cust_0170,726.91,INR,pay000000123e,paid,2026-01-10T15:50:00Z
ORD0004671,INV0004671,cust_0171,4453.71,INR,pay000000123f,paid,2026-01-07T12:00:00Z
ORD0004672,INV0004672,cust_0172,8174.82,INR,pay0000001240,paid,2026-01-04T15:11:00Z
ORD0004673,INV0004673,cust_0173,3103.76,INR,pay0000001241,paid,2026-01-17T13:07:00Z
ORD0004674,INV0004674,cust_0174,7734.28,INR,pay0000001242,paid,2026-01-14T12:56:00Z
ORD0004675,INV0004675,cust_0175,8831.06,INR,pay0000001243,paid,2026-01-09T18:20:00Z
ORD0004676,INV0004676,cust_0176,4068.22,INR,pay0000001244,paid,2026-01-19T22:57:00Z
ORD0004677,INV0004677,cust_0177,5784.81,INR,pay0000001245,paid,2026-01-18T13:00:00Z
ORD0004678,INV0004678,cust_0178,5105.49,INR,pay0000001246,paid,2026-01-22T13:25:00Z
ORD0004679,INV0004679,cust_0179,830.83,INR,pay0000001247,paid,2026-01-25T17:36:00Z
ORD0004680,INV0004680,cust_0180,7417.87,INR,pay0000001248,paid,2026-01-20T09:42:00Z
ORD0004681,INV0004681,cust_0181,609.51,INR,pay0000001249,paid,2026-01-13T16:38:00Z
ORD0004682,INV0004682,cust_0182,3959.39,INR,pay000000124a,paid,2026-01-24T10:37:00Z
ORD0004683,INV0004683,cust_0183,1791.13,INR,pay000000124b,paid,2026-01-05T22:10:00Z
ORD0004684,INV0004684,cust_0184,2024.34,INR,pay000000124c,paid,2026-01-01T08:34:00Z
ORD0004685,INV0004685,cust_0185,8107.10,INR,pay000000124d,paid,2026-01-13T07:54:00Z
ORD0004686,INV0004686,cust_0186,5518.62,INR,pay000000124e,paid,2026-01-20T22:41:00Z
ORD0004687,INV0004687,cust_0187,2991.96,INR,pay000000124f,paid,2026-01-19T20:39:00Z
ORD0004688,INV0004688,cust_0188,9755.27,INR,pay0000001250,paid,2026-01-05T09:31:00Z
ORD0004689,INV0004689,cust_0189,8956.35,INR,pay0000001251,paid,2026-01-14T16:26:00Z
ORD0004690,INV0004690,cust_0190,5802.49,INR,pay0000001252,paid,2026-01-20T09:57:00Z
ORD0004691,INV0004691,cust_0191,8401.87,INR,pay0000001253,paid,2026-01-22T16:26:00Z
ORD0004692,INV0004692,cust_0192,2103.37,INR,pay0000001254,paid,2026-01-27T09:10:00Z
ORD0004693,INV0004693,cust_0193,3848.27,INR,pay0000001255,paid,2026-01-27T17:28:00Z
ORD0004694,INV0004694,cust_0194,4309.62,INR,pay0000001256,paid,2026-01-07T21:58:00Z
ORD0004695,INV0004695,cust_0195,9354.49,INR,pay0000001257,paid,2026-01-07T22:54:00Z
ORD0004696,INV0004696,cust_0196,9306.49,INR,pay0000001258,paid,2026-01-19T07:25:00Z
ORD0004697,INV0004697,cust_0197,1198.57,INR,pay0000001259,paid,2026-01-25T12:41:00Z
ORD0004698,INV0004698,cust_0198,3654.66,INR,pay000000125a,paid,2026-01-07T11:07:00Z
ORD0004699,INV0004699,cust_0199,7251.21,INR,pay000000125b,paid,2026-01-07T19:58:00Z
ORD0004700,INV0004700,cust_0200,3459.24,INR,pay000000125c,paid,2026-01-09T07:48:00Z
ORD0004701,INV0004701,cust_0201,8758.44,INR,pay000000125d,paid,2026-01-02T13:30:00Z
ORD0004702,INV0004702,cust_0202,7866.54,INR,pay000000125e,paid,2026-01-10T17:33:00Z
ORD0004703,INV0004703,cust_0203,7290.97,INR,pay000000125f,paid,2026-01-14T13:43:00Z
ORD0004704,INV0004704,cust_0204,8717.25,INR,pay0000001260,paid,2026-01-04T10:30:00Z
ORD0004705,INV0004705,cust_0205,1621.14,INR,pay0000001261,paid,2026-01-05T16:49:00Z
ORD0004706,INV0004706,cust_0206,2860.57,INR,pay0000001262,paid,2026-01-03T11:20:00Z
ORD0004707,INV0004707,cust_0207,8844.94,INR,pay0000001263,paid,2026-01-27T14:53:00Z
ORD0004708,INV0004708,cust_0208,9490.45,INR,pay0000001264,paid,2026-01-04T11:45:00Z
ORD0004709,INV0004709,cust_0209,1279.16,INR,pay0000001265,paid,2026-01-23T18:14:00Z
ORD0004710,INV0004710,cust_0210,2712.50,INR,pay0000001266,paid,2026-01-04T12:46:00Z
ORD0004711,INV0004711,cust_0211,988.73,INR,pay0000001267,paid,2026-01-11T18:13:00Z
ORD0004712,INV0004712,cust_0212,9387.19,INR,pay0000001268,paid,2026-01-25T21:38:00Z
ORD0004713,INV0004713,cust_0213,3545.77,INR,pay0000001269,paid,2026-01-25T07:41:00Z
ORD0004714,INV0004714,cust_0214,3212.11,INR,pay000000126a,paid,2026-01-12T20:08:00Z
ORD0004715,INV0004715,cust_0215,341.70,INR,pay000000126b,paid,2026-01-18T11:44:00Z
ORD0004716,INV0004716,cust_0216,8146.14,INR,pay000000126c,paid,2026-01-07T16:41:00Z
ORD0004717,INV0004717,cust_0217,679.98,INR,pay000000126d,paid,2026-01-03T12:13:00Z
ORD0004718,INV0004718,cust_0218,4501.21,INR,pay000000126e,paid,2026-01-15T06:30:00Z
ORD0004719,INV0004719,cust_0219,6892.70,INR,pay000000126f,paid,2026-01-08T15:00:00Z
ORD0004720,INV0004720,cust_0220,6825.52,INR,pay0000001270,paid,2026-01-06T11:47:00Z
ORD0004721,INV0004721,cust_0221,5512.23,INR,pay0000001271,paid,2026-01-26T13:51:00Z
ORD0004722,INV0004722,cust_0222,2580.65,INR,pay0000001272,paid,2026-01-06T13:27:00Z
ORD0004723,INV0004723,cust_0223,992.17,INR,pay0000001273,paid,2026-01-18T09:41:00Z
ORD0004724,INV0004724,cust_0224,3114.35,INR,pay0000001274,paid,2026-01-25T14:09:00Z
ORD0004725,INV0004725,cust_0225,2935.88,INR,pay0000001275,paid,2026-01-08T17:00:00Z
ORD0004726,INV0004726,cust_0226,4318.34,INR,pay0000001276,paid,2026-01-12T08:07:00Z
ORD0004727,INV0004727,cust_0227,687.89,INR,pay0000001277,paid,2026-01-11T19:17:00Z
ORD0004728,INV0004728,cust_0228,2993.51,INR,pay0000001278,paid,2026-01-04T15:31:00Z
ORD0004729,INV0004729,cust_0229,6506.60,INR,pay0000001279,paid,2026-01-23T08:57:00Z
ORD0004730,INV0004730,cust_0230,8800.14,INR,pay000000127a,paid,2026-01-11T08:43:00Z
ORD0004731,INV0004731,cust_0231,4047.71,INR,pay000000127b,paid,2026-01-03T08:01:00Z
ORD0004732,INV0004732,cust_0232,3355.46,INR,pay000000127c,paid,2026-01-20T14:11:00Z
ORD0004733,INV0004733,cust_0233,1844.50,INR,pay000000127d,paid,2026-01-02T11:15:00Z
ORD0004734,INV0004734,cust_0234,4543.05,INR,pay000000127e,paid,2026-01-19T19:38:00Z
ORD0004735,INV0004735,cust_0235,2455.81,INR,pay000000127f,paid,2026-01-08T18:05:00Z
ORD0004736,INV0004736,cust_0236,8631.84,INR,pay0000001280,paid,2026-01-18T12:38:00Z
ORD0004737,INV0004737,cust_0237,8320.72,INR,pay0000001281,paid,2026-01-08T15:08:00Z
ORD0004738,INV0004738,cust_0238,3974.34,INR,pay0000001282,paid,2026-01-14T11:32:00Z
ORD0004739,INV0004739,cust_0239,2011.08,INR,pay0000001283,paid,2026-01-07T15:43:00Z
ORD0004740,INV0004740,cust_0240,9990.29,INR,pay0000001284,paid,2026-01-08T14:13:00Z
ORD0004741,INV0004741,cust_0241,5529.00,INR,pay0000001285,paid,2026-01-13T19:57:00Z
ORD0004742,INV0004742,cust_0242,5328.93,INR,pay0000001286,paid,2026-01-14T17:51:00Z
ORD0004743,INV0004743,cust_0243,7632.95,INR,pay0000001287,paid,2026-01-18T11:24:00Z
ORD0004744,INV0004744,cust_0244,3607.12,INR,pay0000001288,paid,2026-01-01T20:17:00Z
ORD0004745,INV0004745,cust_0245,232.63,INR,pay0000001289,paid,2026-01-19T17:10:00Z
ORD0004746,INV0004746,cust_0246,3918.47,INR,pay000000128a,paid,2026-01-20T14:56:00Z
ORD0004747,INV0004747,cust_0247,4481.58,INR,pay000000128b,paid,2026-01-26T19:18:00Z
ORD0004748,INV0004748,cust_0248,1012.95,INR,pay000000128c,paid,2026-01-27T21:25:00Z
ORD0004749,INV0004749,cust_0249,1311.53,INR,pay000000128d,paid,2026-01-26T22:12:00Z
ORD0004750,INV0004750,cust_0250,8374.41,INR,pay000000128e,paid,2026-01-19T16:17:00Z
ORD0004751,INV0004751,cust_0251,4779.47,INR,pay000000128f,paid,2026-01-07T14:18:00Z
ORD0004752,INV0004752,cust_0252,6998.60,INR,pay0000001290,paid,2026-01-13T22:27:00Z
ORD0004753,INV0004753,cust_0253,6414.84,INR,pay0000001291,paid,2026-01-19T14:29:00Z
ORD0004754,INV0004754,cust_0254,4803.03,INR,pay0000001292,paid,2026-01-23T06:55:00Z
ORD0004755,INV0004755,cust_0255,4622.03,INR,pay0000001293,paid,2026-01-03T08:01:00Z
ORD0004756,INV0004756,cust_0256,9981.12,INR,pay0000001294,paid,2026-01-23T20:06:00Z
ORD0004757,INV0004757,cust_0257,3764.10,INR,pay0000001295,paid,2026-01-14T19:46:00Z
ORD0004758,INV0004758,cust_0258,807.93,INR,pay0000001296,paid,2026-01-18T22:27:00Z
ORD0004759,INV0004759,cust_0259,6948.52,INR,pay0000001297,paid,2026-01-10T14:36:00Z
ORD0004760,INV0004760,cust_0260,7285.20,INR,pay0000001298,paid,2026-01-07T17:39:00Z
ORD0004761,INV0004761,cust_0261,3440.82,INR,pay0000001299,paid,2026-01-01T14:20:00Z
ORD0004762,INV0004762,cust_0262,4288.73,INR,pay000000129a,paid,2026-01-23T13:31:00Z
ORD0004763,INV0004763,cust_0263,9454.77,INR,pay000000129b,paid,2026-01-09T11:50:00Z
ORD0004764,INV0004764,cust_0264,6168.81,INR,pay000000129c,paid,2026-01-06T16:51:00Z
ORD0004765,INV0004765,cust_0265,354.09,INR,pay000000129d,paid,2026-01-05T16:03:00Z
ORD0004766,INV0004766,cust_0266,9141.17,INR,pay000000129e,paid,2026-01-23T21:27:00Z
ORD0004767,INV0004767,cust_0267,9175.26,INR,pay000000129f,paid,2026-01-27T15:32:00Z
ORD0004768,INV0004768,cust_0268,2619.81,INR,pay00000012a0,paid,2026-01-17T15:36:00Z
ORD0004769,INV0004769,cust_0269,9108.44,INR,pay00000012a1,paid,2026-01-02T18:12:00Z
ORD0004770,INV0004770,cust_0270,203.65,INR,pay00000012a2,paid,2026-01-24T08:01:00Z
ORD0004771,INV0004771,cust_0271,6066.87,INR,pay00000012a3,paid,2026-01-13T16:05:00Z
ORD0004772,INV0004772,cust_0272,1550.91,INR,pay00000012a4,paid,2026-01-23T21:29:00Z
ORD0004773,INV0004773,cust_0273,4984.14,INR,pay00000012a5,paid,2026-01-02T12:24:00Z
ORD0004774,INV0004774,cust_0274,9917.76,INR,pay00000012a6,paid,2026-01-07T19:13:00Z
ORD0004775,INV0004775,cust_0275,2220.48,INR,pay00000012a7,paid,2026-01-21T14:25:00Z
ORD0004776,INV0004776,cust_0276,7751.35,INR,pay00000012a8,paid,2026-01-23T13:14:00Z
ORD0004777,INV0004777,cust_0277,2062.05,INR,pay00000012a9,paid,2026-01-08T17:28:00Z
ORD0004778,INV0004778,cust_0278,9465.00,INR,pay00000012aa,paid,2026-01-02T20:56:00Z
ORD0004779,INV0004779,cust_0279,3165.96,INR,pay00000012ab,paid,2026-01-09T17:29:00Z
ORD0004780,INV0004780,cust_0280,4340.61,INR,pay00000012ac,paid,2026-01-05T18:15:00Z
ORD0004781,INV0004781,cust_0281,7309.59,INR,pay00000012ad,paid,2026-01-02T22:39:00Z
ORD0004782,INV0004782,cust_0282,5204.86,INR,pay00000012ae,paid,2026-01-09T21:49:00Z
ORD0004783,INV0004783,cust_0283,3012.88,INR,pay00000012af,paid,2026-01-21T13:18:00Z
ORD0004784,INV0004784,cust_0284,3718.44,INR,pay00000012b0,paid,2026-01-07T20:47:00Z
ORD0004785,INV0004785,cust_0285,9119.35,INR,pay00000012b1,paid,2026-01-01T13:30:00Z
ORD0004786,INV0004786,cust_0286,4989.08,INR,pay00000012b2,paid,2026-01-10T06:16:00Z
ORD0004787,INV0004787,cust_0287,5038.35,INR,pay00000012b3,paid,2026-01-14T20:22:00Z
ORD0004788,INV0004788,cust_0288,3682.69,INR,pay00000012b4,paid,2026-01-07T15:05:00Z
ORD0004789,INV0004789,cust_0289,8042.65,INR,pay00000012b5,paid,2026-01-07T12:03:00Z
ORD0004790,INV0004790,cust_0290,7529.86,INR,pay00000012b6,paid,2026-01-02T14:47:00Z
ORD0004791,INV0004791,cust_0291,3749.13,INR,pay00000012b7,paid,2026-01-24T22:09:00Z
ORD0004792,INV0004792,cust_0292,3605.86,INR,pay00000012b8,paid,2026-01-08T22:51:00Z
ORD0004793,INV0004793,cust_0293,3590.67,INR,pay00000012b9,paid,2026-01-06T12:55:00Z
ORD0004794,INV0004794,cust_0294,4512.17,INR,pay00000012ba,paid,2026-01-02T06:55:00Z
ORD0004795,INV0004795,cust_0295,8975.22,INR,pay00000012bb,paid,2026-01-19T08:04:00Z
ORD0004796,INV0004796,cust_0296,6138.27,INR,pay00000012bc,paid,2026-01-25T17:52:00Z
ORD0004797,INV0004797,cust_0297,5267.42,INR,pay00000012bd,paid,2026-01-19T18:53:00Z
ORD0004798,INV0004798,cust_0298,9303.05,INR,pay00000012be,paid,2026-01-11T22:13:00Z
ORD0004799,INV0004799,cust_0299,2906.21,INR,pay00000012bf,paid,2026-01-13T19:04:00Z
ORD0004800,INV0004800,cust_0300,4461.97,INR,pay00000012c0,paid,2026-01-03T22:41:00Z
ORD0004801,INV0004801,cust_0301,7019.23,INR,pay00000012c1,paid,2026-01-01T14:46:00Z
ORD0004802,INV0004802,cust_0302,7043.19,INR,pay00000012c2,paid,2026-01-21T18:35:00Z
ORD0004803,INV0004803,cust_0303,3872.77,INR,pay00000012c3,paid,2026-01-13T16:38:00Z
ORD0004804,INV0004804,cust_0304,2901.44,INR,pay00000012c4,paid,2026-01-23T11:44:00Z
ORD0004805,INV0004805,cust_0305,7390.87,INR,pay00000012c5,paid,2026-01-06T21:27:00Z
ORD0004806,INV0004806,cust_0306,8793.91,INR,pay00000012c6,paid,2026-01-16T13:39:00Z
ORD0004807,INV0004807,cust_0307,1636.22,INR,pay00000012c7,paid,2026-01-03T14:03:00Z
ORD0004808,INV0004808,cust_0308,930.25,INR,pay00000012c8,paid,2026-01-18T18:24:00Z
ORD0004809,INV0004809,cust_0309,4734.78,INR,pay00000012c9,paid,2026-01-08T12:35:00Z
ORD0004810,INV0004810,cust_0310,7693.49,INR,pay00000012ca,paid,2026-01-24T22:21:00Z
ORD0004811,INV0004811,cust_0311,9072.49,INR,pay00000012cb,paid,2026-01-10T10:00:00Z
ORD0004812,INV0004812,cust_0312,2962.25,INR,pay00000012cc,paid,2026-01-04T06:59:00Z
ORD0004813,INV0004813,cust_0313,2374.04,INR,pay00000012cd,paid,2026-01-26T22:30:00Z
ORD0004814,INV0004814,cust_0314,865.74,INR,pay00000012ce,paid,2026-01-18T19:26:00Z
ORD0004815,INV0004815,cust_0315,1006.51,INR,pay00000012cf,paid,2026-01-07T08:13:00Z
ORD0004816,INV0004816,cust_0316,1975.25,INR,pay00000012d0,paid,2026-01-01T10:22:00Z
ORD0004817,INV0004817,cust_0317,9449.54,INR,pay00000012d1,paid,2026-01-14T16:34:00Z
ORD0004818,INV0004818,cust_0318,6527.15,INR,pay00000012d2,paid,2026-01-17T17:40:00Z
ORD0004819,INV0004819,cust_0319,6320.75,INR,pay00000012d3,paid,2026-01-11T16:56:00Z
ORD0004820,INV0004820,cust_0320,3188.35,INR,pay00000012d4,paid,2026-01-23T08:58:00Z
ORD0004821,INV0004821,cust_0321,3468.36,INR,pay00000012d5,paid,2026-01-12T22:53:00Z
ORD0004822,INV0004822,cust_0322,7952.14,INR,pay00000012d6,paid,2026-01-20T11:13:00Z
ORD0004823,INV0004823,cust_0323,1023.17,INR,pay00000012d7,paid,2026-01-19T13:19:00Z
ORD0004824,INV0004824,cust_0324,7684.13,INR,pay00000012d8,paid,2026-01-02T12:34:00Z
ORD0004825,INV0004825,cust_0325,1987.63,INR,pay00000012d9,paid,2026-01-09T10:45:00Z
ORD0004826,INV0004826,cust_0326,1651.11,INR,pay00000012da,paid,2026-01-04T17:36:00Z
ORD0004827,INV0004827,cust_0327,8886.35,INR,pay00000012db,paid,2026-01-02T09:11:00Z
ORD0004828,INV0004828,cust_0328,4956.18,INR,pay00000012dc,paid,2026-01-07T15:05:00Z
ORD0004829,INV0004829,cust_0329,929.01,INR,pay00000012dd,paid,2026-01-07T13:05:00Z
ORD0004830,INV0004830,cust_0330,8907.14,INR,pay00000012de,paid,2026-01-02T08:20:00Z
ORD0004831,INV0004831,cust_0331,8482.39,INR,pay00000012df,paid,2026-01-10T15:00:00Z
ORD0004832,INV0004832,cust_0332,7048.48,INR,pay00000012e0,paid,2026-01-23T09:57:00Z
ORD0004833,INV0004833,cust_0333,7768.67,INR,pay00000012e1,paid,2026-01-14T17:39:00Z
ORD0004834,INV0004834,cust_0334,3285.59,INR,pay00000012e2,paid,2026-01-11T20:26:00Z
ORD0004835,INV0004835,cust_0335,8395.91,INR,pay00000012e3,paid,2026-01-10T16:56:00Z
ORD0004836,INV0004836,cust_0336,7785.25,INR,pay00000012e4,paid,2026-01-06T09:09:00Z
ORD0004837,INV0004837,cust_0337,6274.97,INR,pay00000012e5,paid,2026-01-09T16:09:00Z
ORD0004838,INV0004838,cust_0338,865.18,INR,pay00000012e6,paid,2026-01-20T09:01:00Z
ORD0004839,INV0004839,cust_0339,7850.58,INR,pay00000012e7,paid,2026-01-13T18:44:00Z
ORD0004840,INV0004840,cust_0340,7625.10,INR,pay00000012e8,paid,2026-01-17T10:10:00Z
ORD0004841,INV0004841,cust_0341,7765.02,INR,pay00000012e9,paid,2026-01-04T18:34:00Z
ORD0004842,INV0004842,cust_0342,9704.90,INR,pay00000012ea,paid,2026-01-05T10:43:00Z
ORD0004843,INV0004843,cust_0343,6695.29,INR,pay00000012eb,paid,2026-01-13T11:41:00Z
ORD0004844,INV0004844,cust_0344,4004.88,INR,pay00000012ec,paid,2026-01-05T06:33:00Z
ORD0004845,INV0004845,cust_0345,8389.73,INR,pay00000012ed,paid,2026-01-23T08:47:00Z
ORD0004846,INV0004846,cust_0346,2420.86,INR,pay00000012ee,paid,2026-01-05T17:31:00Z
ORD0004847,INV0004847,cust_0347,4785.09,INR,pay00000012ef,paid,2026-01-02T12:10:00Z
ORD0004848,INV0004848,cust_0348,9577.12,INR,pay00000012f0,paid,2026-01-09T16:39:00Z
ORD0004849,INV0004849,cust_0349,2011.70,INR,pay00000012f1,paid,2026-01-18T20:07:00Z
ORD0004850,INV0004850,cust_0350,3100.83,INR,pay00000012f2,paid,2026-01-11T11:57:00Z
ORD0004851,INV0004851,cust_0351,5370.76,INR,pay00000012f3,paid,2026-01-26T06:45:00Z
ORD0004852,INV0004852,cust_0352,8456.66,INR,pay00000012f4,paid,2026-01-13T07:18:00Z
ORD0004853,INV0004853,cust_0353,9812.36,INR,pay00000012f5,paid,2026-01-27T11:16:00Z
ORD0004854,INV0004854,cust_0354,8888.51,INR,pay00000012f6,paid,2026-01-10T21:16:00Z
ORD0004855,INV0004855,cust_0355,6369.72,INR,pay00000012f7,paid,2026-01-11T07:45:00Z
ORD0004856,INV0004856,cust_0356,879.84,INR,pay00000012f8,paid,2026-01-21T22:46:00Z
ORD0004857,INV0004857,cust_0357,4116.91,INR,pay00000012f9,paid,2026-01-23T14:13:00Z
ORD0004858,INV0004858,cust_0358,3457.21,INR,pay00000012fa,paid,2026-01-21T17:27:00Z
ORD0004859,INV0004859,cust_0359,5165.43,INR,pay00000012fb,paid,2026-01-17T22:59:00Z
ORD0004860,INV0004860,cust_0360,3999.20,INR,pay00000012fc,paid,2026-01-12T19:44:00Z
ORD0004861,INV0004861,cust_0361,781.66,INR,pay00000012fd,paid,2026-01-07T18:42:00Z
ORD0004862,INV0004862,cust_0362,9285.41,INR,pay00000012fe,paid,2026-01-05T06:56:00Z
ORD0004863,INV0004863,cust_0363,9108.06,INR,pay00000012ff,paid,2026-01-07T18:00:00Z
ORD0004864,INV0004864,cust_0364,2910.54,INR,pay0000001300,paid,2026-01-22T20:57:00Z
ORD0004865,INV0004865,cust_0365,2252.29,INR,pay0000001301,paid,2026-01-17T06:13:00Z
ORD0004866,INV0004866,cust_0366,7662.50,INR,pay0000001302,paid,2026-01-09T22:37:00Z
ORD0004867,INV0004867,cust_0367,9974.21,INR,pay0000001303,paid,2026-01-23T15:19:00Z
ORD0004868,INV0004868,cust_0368,1284.63,INR,pay0000001304,paid,2026-01-09T20:51:00Z
ORD0004869,INV0004869,cust_0369,2451.94,INR,pay0000001305,paid,2026-01-10T20:08:00Z
ORD0004870,INV0004870,cust_0370,9260.83,INR,pay0000001306,paid,2026-01-03T19:30:00Z
ORD0004871,INV0004871,cust_0371,3479.78,INR,pay0000001307,paid,2026-01-24T13:08:00Z
ORD0004872,INV0004872,cust_0372,8475.69,INR,pay0000001308,paid,2026-01-18T14:55:00Z
ORD0004873,INV0004873,cust_0373,6577.36,INR,pay0000001309,paid,2026-01-17T19:53:00Z
ORD0004874,INV0004874,cust_0374,1569.99,INR,pay000000130a,paid,2026-01-19T11:23:00Z
ORD0004875,INV0004875,cust_0375,9155.26,INR,pay000000130b,paid,2026-01-06T22:57:00Z
ORD0004876,INV0004876,cust_0376,7975.60,INR,pay000000130c,paid,2026-01-25T09:33:00Z
ORD0004877,INV0004877,cust_0377,2203.53,INR,pay000000130d,paid,2026-01-02T19:57:00Z
ORD0004878,INV0004878,cust_0378,5616.74,INR,pay000000130e,paid,2026-01-24T15:43:00Z
ORD0004879,INV0004879,cust_0379,6706.85,INR,pay000000130f,paid,2026-01-16T22:01:00Z
ORD0004880,INV0004880,cust_0380,8411.54,INR,pay0000001310,paid,2026-01-18T13:30:00Z
ORD0004881,INV0004881,cust_0381,8718.15,INR,pay0000001311,paid,2026-01-19T21:21:00Z
ORD0004882,INV0004882,cust_0382,6675.81,INR,pay0000001312,paid,2026-01-07T08:30:00Z
ORD0004883,INV0004883,cust_0383,7440.65,INR,pay0000001313,paid,2026-01-11T11:59:00Z
ORD0004884,INV0004884,cust_0384,5640.56,INR,pay0000001314,paid,2026-01-23T20:17:00Z
ORD0004885,INV0004885,cust_0385,3057.74,INR,pay0000001315,paid,2026-01-17T18:43:00Z
ORD0004886,INV0004886,cust_0386,7980.60,INR,pay0000001316,paid,2026-01-04T09:50:00Z
ORD0004887,INV0004887,cust_0387,2701.64,INR,pay0000001317,paid,2026-01-11T13:17:00Z
ORD0004888,INV0004888,cust_0388,3342.54,INR,pay0000001318,paid,2026-01-03T17:49:00Z
ORD0004889,INV0004889,cust_0389,1175.13,INR,pay0000001319,paid,2026-01-20T18:28:00Z
ORD0004890,INV0004890,cust_0390,9813.01,INR,pay000000131a,paid,2026-01-24T06:58:00Z
ORD0004891,INV0004891,cust_0391,3685.10,INR,pay000000131b,paid,2026-01-24T22:52:00Z
ORD0004892,INV0004892,cust_0392,4157.38,INR,pay000000131c,paid,2026-01-26T12:53:00Z
ORD0004893,INV0004893,cust_0393,3436.79,INR,pay000000131d,paid,2026-01-19T21:41:00Z
ORD0004894,INV0004894,cust_0394,2949.21,INR,pay000000131e,paid,2026-01-05T10:33:00Z
ORD0004895,INV0004895,cust_0395,2259.08,INR,pay000000131f,paid,2026-01-10T11:30:00Z
ORD0004896,INV0004896,cust_0396,5958.03,INR,pay0000001320,paid,2026-01-21T22:49:00Z
ORD0004897,INV0004897,cust_0397,522.10,INR,pay0000001321,paid,2026-01-03T22:02:00Z
ORD0004898,INV0004898,cust_0398,2065.81,INR,pay0000001322,paid,2026-01-10T06:04:00Z
ORD0004899,INV0004899,cust_0399,2542.66,INR,pay0000001323,paid,2026-01-12T22:25:00Z
ORD0004900,INV0004900,cust_0400,2863.05,INR,pay0000001324,paid,2026-01-14T06:22:00Z
ORD0004901,INV0004901,cust_0401,4125.38,INR,pay0000001325,paid,2026-01-02T19:31:00Z
ORD0004902,INV0004902,cust_0402,1449.79,INR,pay0000001326,paid,2026-01-16T10:03:00Z
ORD0004903,INV0004903,cust_0403,4147.79,INR,pay0000001327,paid,2026-01-23T15:39:00Z
ORD0004904,INV0004904,cust_0404,5569.95,INR,pay0000001328,paid,2026-01-27T17:26:00Z
ORD0004905,INV0004905,cust_0405,3826.33,INR,pay0000001329,paid,2026-01-24T07:10:00Z
ORD0004906,INV0004906,cust_0406,7582.58,INR,pay000000132a,paid,2026-01-26T12:35:00Z
ORD0004907,INV0004907,cust_0407,4765.41,INR,pay000000132b,paid,2026-01-11T16:35:00Z
ORD0004908,INV0004908,cust_0408,4055.41,INR,pay000000132c,paid,2026-01-06T19:16:00Z
ORD0004909,INV0004909,cust_0409,5013.96,INR,pay000000132d,paid,2026-01-21T22:17:00Z
ORD0004910,INV0004910,cust_0410,8149.93,INR,pay000000132e,paid,2026-01-27T06:53:00Z
ORD0004911,INV0004911,cust_0411,7313.23,INR,pay000000132f,paid,2026-01-19T09:38:00Z
ORD0004912,INV0004912,cust_0412,3933.43,INR,pay0000001330,paid,2026-01-12T08:09:00Z
ORD0004913,INV0004913,cust_0413,8325.08,INR,pay0000001331,paid,2026-01-10T11:21:00Z
ORD0004914,INV0004914,cust_0414,2894.79,INR,pay0000001332,paid,2026-01-20T11:33:00Z
ORD0004915,INV0004915,cust_0415,6758.80,INR,pay0000001333,paid,2026-01-11T21:17:00Z
ORD0004916,INV0004916,cust_0416,3981.57,INR,pay0000001334,paid,2026-01-25T16:37:00Z
ORD0004917,INV0004917,cust_0417,6701.69,INR,pay0000001335,paid,2026-01-27T15:14:00Z
ORD0004918,INV0004918,cust_0418,5170.59,INR,pay0000001336,paid,2026-01-04T16:55:00Z
ORD0004919,INV0004919,cust_0419,1482.06,INR,pay0000001337,paid,2026-01-24T06:53:00Z
ORD0004920,INV0004920,cust_0420,9008.02,INR,pay0000001338,paid,2026-01-02T21:25:00Z
ORD0004921,INV0004921,cust_0421,1185.20,INR,pay0000001339,paid,2026-01-12T12:23:00Z
ORD0004922,INV0004922,cust_0422,539.28,INR,pay000000133a,paid,2026-01-22T07:07:00Z
ORD0004923,INV0004923,cust_0423,4853.02,INR,pay000000133b,paid,2026-01-15T13:49:00Z
ORD0004924,INV0004924,cust_0424,2525.69,INR,pay000000133c,paid,2026-01-22T08:52:00Z
ORD0004925,INV0004925,cust_0425,5077.55,INR,pay000000133d,paid,2026-01-05T11:22:00Z
ORD0004926,INV0004926,cust_0426,3536.25,INR,pay000000133e,paid,2026-01-13T14:06:00Z
ORD0004927,INV0004927,cust_0427,7672.49,INR,pay000000133f,paid,2026-01-21T21:19:00Z
ORD0004928,INV0004928,cust_0428,9185.66,INR,pay0000001340,paid,2026-01-21T17:29:00Z
ORD0004929,INV0004929,cust_0429,1595.15,INR,pay0000001341,paid,2026-01-08T10:34:00Z
ORD0004930,INV0004930,cust_0430,190.10,INR,pay0000001342,paid,2026-01-27T17:31:00Z
ORD0004931,INV0004931,cust_0431,5119.94,INR,pay0000001343,paid,2026-01-12T22:06:00Z
ORD0004932,INV0004932,cust_0432,1634.31,INR,pay0000001344,paid,2026-01-26T22:49:00Z
ORD0004933,INV0004933,cust_0433,4309.87,INR,pay0000001345,paid,2026-01-06T13:13:00Z
ORD0004934,INV0004934,cust_0434,3156.84,INR,pay0000001346,paid,2026-01-01T20:06:00Z
ORD0004935,INV0004935,cust_0435,4666.84,INR,pay0000001347,paid,2026-01-21T09:16:00Z
ORD0004936,INV0004936,cust_0436,5134.00,INR,pay0000001348,paid,2026-01-24T13:18:00Z
ORD0004937,INV0004937,cust_0437,3353.54,INR,pay0000001349,paid,2026-01-19T16:02:00Z
ORD0004938,INV0004938,cust_0438,2976.67,INR,pay000000134a,paid,2026-01-12T18:02:00Z
ORD0004939,INV0004939,cust_0439,1061.68,INR,pay000000134b,paid,2026-01-01T08:29:00Z
ORD0004940,INV0004940,cust_0440,6915.67,INR,pay000000134c,paid,2026-01-02T09:28:00Z
ORD0004941,INV0004941,cust_0441,4828.57,INR,pay000000134d,paid,2026-01-19T14:36:00Z
ORD0004942,INV0004942,cust_0442,7352.67,INR,pay000000134e,paid,2026-01-20T11:33:00Z
ORD0004943,INV0004943,cust_0443,4176.95,INR,pay000000134f,paid,2026-01-23T10:07:00Z
ORD0004944,INV0004944,cust_0444,8190.11,INR,pay0000001350,paid,2026-01-08T19:28:00Z
ORD0004945,INV0004945,cust_0445,2080.57,INR,pay0000001351,paid,2026-01-26T19:31:00Z
ORD0004946,INV0004946,cust_0446,8347.29,INR,pay0000001352,paid,2026-01-12T22:38:00Z
ORD0004947,INV0004947,cust_0447,4770.30,INR,pay0000001353,paid,2026-01-05T10:34:00Z
ORD0004948,INV0004948,cust_0448,900.21,INR,pay0000001354,paid,2026-01-07T13:51:00Z
ORD0004949,INV0004949,cust_0449,6423.24,INR,pay0000001355,paid,2026-01-01T08:17:00Z
ORD0004950,INV0004950,cust_0450,9555.17,INR,pay0000001356,paid,2026-01-10T11:31:00Z
ORD0004951,INV0004951,cust_0451,2382.23,INR,pay0000001357,paid,2026-01-14T18:54:00Z
ORD0004952,INV0004952,cust_0452,7473.66,INR,pay0000001358,paid,2026-01-25T19:28:00Z
ORD0004953,INV0004953,cust_0453,239.32,INR,pay0000001359,paid,2026-01-07T06:42:00Z
ORD0004954,INV0004954,cust_0454,2399.18,INR,pay000000135a,paid,2026-01-26T17:49:00Z
ORD0004955,INV0004955,cust_0455,5884.57,INR,pay000000135b,paid,2026-01-27T10:24:00Z
ORD0004956,INV0004956,cust_0456,8915.80,INR,pay000000135c,paid,2026-01-11T11:42:00Z
ORD0004957,INV0004957,cust_0457,4942.48,INR,pay000000135d,paid,2026-01-26T14:45:00Z
ORD0004958,INV0004958,cust_0458,9064.52,INR,pay000000135e,paid,2026-01-25T22:24:00Z
ORD0004959,INV0004959,cust_0459,1351.60,INR,pay000000135f,paid,2026-01-07T11:04:00Z
ORD0004960,INV0004960,cust_0460,1672.93,INR,pay0000001360,paid,2026-01-26T18:05:00Z
ORD0004961,INV0004961,cust_0461,6735.92,INR,pay0000001361,paid,2026-01-18T10:53:00Z
ORD0004962,INV0004962,cust_0462,4139.68,INR,pay0000001362,paid,2026-01-25T16:28:00Z
ORD0004963,INV0004963,cust_0463,3908.86,INR,pay0000001363,paid,2026-01-23T12:11:00Z
ORD0004964,INV0004964,cust_0464,9699.44,INR,pay0000001364,paid,2026-01-03T09:33:00Z
ORD0004965,INV0004965,cust_0465,8021.51,INR,pay0000001365,paid,2026-01-23T16:05:00Z
ORD0004966,INV0004966,cust_0466,1971.92,INR,pay0000001366,paid,2026-01-17T06:43:00Z
ORD0004967,INV0004967,cust_0467,6800.48,INR,pay0000001367,paid,2026-01-21T09:44:00Z
ORD0004968,INV0004968,cust_0468,9979.26,INR,pay0000001368,paid,2026-01-24T19:32:00Z
ORD0004969,INV0004969,cust_0469,9419.20,INR,pay0000001369,paid,2026-01-09T21:05:00Z
ORD0004970,INV0004970,cust_0470,1743.67,INR,pay000000136a,paid,2026-01-01T08:16:00Z
ORD0004971,INV0004971,cust_0471,2552.34,INR,pay000000136b,paid,2026-01-11T14:03:00Z
ORD0004972,INV0004972,cust_0472,1776.92,INR,pay000000136c,paid,2026-01-18T12:58:00Z
ORD0004973,INV0004973,cust_0473,5333.42,INR,pay000000136d,paid,2026-01-16T18:58:00Z
ORD0004974,INV0004974,cust_0474,489.54,INR,pay000000136e,paid,2026-01-24T06:26:00Z
ORD0004975,INV0004975,cust_0475,5703.62,INR,pay000000136f,paid,2026-01-08T20:24:00Z
ORD0004976,INV0004976,cust_0476,5071.53,INR,pay0000001370,paid,2026-01-14T21:44:00Z
ORD0004977,INV0004977,cust_0477,988.66,INR,pay0000001371,paid,2026-01-16T10:02:00Z
ORD0004978,INV0004978,cust_0478,5417.17,INR,pay0000001372,paid,2026-01-13T07:42:00Z
ORD0004979,INV0004979,cust_0479,8539.59,INR,pay0000001373,paid,2026-01-19T13:02:00Z
ORD0004980,INV0004980,cust_0480,3123.18,INR,pay0000001374,paid,2026-01-21T16:50:00Z
ORD0004981,INV0004981,cust_0481,4904.66,INR,pay0000001375,paid,2026-01-10T09:37:00Z
ORD0004982,INV0004982,cust_0482,3390.86,INR,pay0000001376,paid,2026-01-23T13:38:00Z
ORD0004983,INV0004983,cust_0483,9565.10,INR,pay0000001377,paid,2026-01-09T07:36:00Z
ORD0004984,INV0004984,cust_0484,2411.14,INR,pay0000001378,paid,2026-01-10T10:21:00Z
ORD0004985,INV0004985,cust_0485,6256.43,INR,pay0000001379,paid,2026-01-15T07:07:00Z
ORD0004986,INV0004986,cust_0486,3924.19,INR,pay000000137a,paid,2026-01-18T09:12:00Z
ORD0004987,INV0004987,cust_0487,4107.65,INR,pay000000137b,paid,2026-01-15T06:29:00Z
ORD0004988,INV0004988,cust_0488,6279.27,INR,pay000000137c,paid,2026-01-08T18:46:00Z
ORD0004989,INV0004989,cust_0489,4215.33,INR,pay000000137d,paid,2026-01-26T06:08:00Z
ORD0004990,INV0004990,cust_0490,7711.72,INR,pay000000137e,paid,2026-01-25T06:35:00Z
ORD0004991,INV0004991,cust_0491,8316.71,INR,pay000000137f,paid,2026-01-09T22:00:00Z
ORD0004992,INV0004992,cust_0492,8107.37,INR,pay0000001380,paid,2026-01-12T13:48:00Z
ORD0004993,INV0004993,cust_0493,8804.60,INR,pay0000001381,paid,2026-01-20T08:00:00Z
ORD0004994,INV0004994,cust_0494,9288.98,INR,pay0000001382,paid,2026-01-26T16:54:00Z
ORD0004995,INV0004995,cust_0495,9633.82,INR,pay0000001383,paid,2026-01-09T18:36:00Z
ORD0004996,INV0004996,cust_0496,9191.38,INR,pay0000001384,paid,2026-01-06T08:19:00Z
ORD0004997,INV0004997,cust_0497,5699.60,INR,pay0000001385,paid,2026-01-08T12:05:00Z
ORD0004998,INV0004998,cust_0498,9982.33,INR,pay0000001386,paid,2026-01-21T21:36:00Z
ORD0004999,INV0004999,cust_0499,3558.35,INR,pay0000001387,paid,2026-01-26T20:06:00Z
